-- phpMyAdmin SQL Dump
-- version 4.6.6deb4
-- https://www.phpmyadmin.net/
--
-- Host: localhost
-- Generation Time: Jun 29, 2020 at 02:09 AM
-- Server version: 10.4.12-MariaDB-1:10.4.12+maria~stretch-log
-- PHP Version: 7.0.33-19+0~20200202.27+debian9~1.gbp5d283d

SET SQL_MODE = "NO_AUTO_VALUE_ON_ZERO";
SET time_zone = "+00:00";


/*!40101 SET @OLD_CHARACTER_SET_CLIENT=@@CHARACTER_SET_CLIENT */;
/*!40101 SET @OLD_CHARACTER_SET_RESULTS=@@CHARACTER_SET_RESULTS */;
/*!40101 SET @OLD_COLLATION_CONNECTION=@@COLLATION_CONNECTION */;
/*!40101 SET NAMES utf8mb4 */;

--
-- Database: `academico`
--

-- --------------------------------------------------------

--
-- Table structure for table `calificacion`
--

CREATE TABLE `calificacion` (
  `id` int(11) NOT NULL,
  `id_estudiante_curso` int(11) NOT NULL,
  `id_evaluacion` int(11) NOT NULL,
  `id_calificacion_grupo` int(11) DEFAULT NULL,
  `id_padre` int(11) DEFAULT NULL,
  `nota` decimal(8,2) NOT NULL,
  `fecha` date NOT NULL,
  `permiso` tinyint(3) NOT NULL DEFAULT 0,
  `creado` timestamp NOT NULL DEFAULT current_timestamp() ON UPDATE current_timestamp()
) ENGINE=InnoDB DEFAULT CHARSET=utf8mb4 COLLATE=utf8mb4_unicode_ci;

-- --------------------------------------------------------

--
-- Table structure for table `calificacion_grupo`
--

CREATE TABLE `calificacion_grupo` (
  `id` int(11) NOT NULL,
  `id_grupo` int(11) NOT NULL,
  `id_evaluacion` int(11) NOT NULL,
  `id_padre` int(11) DEFAULT NULL,
  `nota` decimal(8,2) NOT NULL,
  `fecha` date NOT NULL,
  `creado` timestamp NOT NULL DEFAULT current_timestamp() ON UPDATE current_timestamp()
) ENGINE=InnoDB DEFAULT CHARSET=utf8mb4 COLLATE=utf8mb4_unicode_ci;

-- --------------------------------------------------------

--
-- Table structure for table `calificacion_penalizacion`
--

CREATE TABLE `calificacion_penalizacion` (
  `id` int(11) NOT NULL,
  `id_calificacion` int(11) NOT NULL,
  `id_penalizacion` int(11) NOT NULL,
  `creado` timestamp NOT NULL DEFAULT current_timestamp() ON UPDATE current_timestamp()
) ENGINE=InnoDB DEFAULT CHARSET=utf8mb4 COLLATE=utf8mb4_unicode_ci;

-- --------------------------------------------------------

--
-- Stand-in structure for view `calificacion_promedio_vw`
-- (See below for the actual view)
--
CREATE TABLE `calificacion_promedio_vw` (
`id` int(11)
,`id_estudiante_curso` int(11)
,`id_evaluacion` int(11)
,`ponderacion` double
,`promedio` decimal(12,6)
,`nota` double
);

-- --------------------------------------------------------

--
-- Table structure for table `carrera`
--

CREATE TABLE `carrera` (
  `id` int(11) NOT NULL,
  `codigo` varchar(50) COLLATE utf8mb4_unicode_ci NOT NULL,
  `nombre` varchar(255) COLLATE utf8mb4_unicode_ci NOT NULL,
  `descripcion` varchar(500) COLLATE utf8mb4_unicode_ci DEFAULT NULL,
  `creado` timestamp NOT NULL DEFAULT current_timestamp() ON UPDATE current_timestamp()
) ENGINE=InnoDB DEFAULT CHARSET=utf8mb4 COLLATE=utf8mb4_unicode_ci;

--
-- Dumping data for table `carrera`
--

INSERT INTO `carrera` (`id`, `codigo`, `nombre`, `descripcion`, `creado`) VALUES
(4, 'D10701', 'Doctorado en Cirugía Dental', 'Título que confiere la Facultad de Odontología al profesional del área de la saludque se ocupa de estudiar, diagnosticar, prevenir y tratar las enfermedades que involucran el sistema Estomatognático.', '2020-02-18 23:18:02');

-- --------------------------------------------------------

--
-- Table structure for table `curso`
--

CREATE TABLE `curso` (
  `id` int(11) NOT NULL,
  `codigo` varchar(10) COLLATE utf8mb4_unicode_ci NOT NULL,
  `nombre` varchar(255) COLLATE utf8mb4_unicode_ci NOT NULL,
  `descripcion` varchar(500) COLLATE utf8mb4_unicode_ci DEFAULT NULL,
  `creado` timestamp NOT NULL DEFAULT current_timestamp() ON UPDATE current_timestamp()
) ENGINE=InnoDB DEFAULT CHARSET=utf8mb4 COLLATE=utf8mb4_unicode_ci;

--
-- Dumping data for table `curso`
--

INSERT INTO `curso` (`id`, `codigo`, `nombre`, `descripcion`, `creado`) VALUES
(226, 'EST117', 'ESTOMATOLOGÍA I', NULL, '2020-02-18 23:18:01'),
(227, 'MFF117', 'MORFOFUNCION I', NULL, '2020-02-18 23:18:01'),
(228, 'PAT117', 'PATOLOGÍA I', NULL, '2020-02-18 23:18:01'),
(229, 'TTA117', 'TRATAMIENTOS I', NULL, '2020-02-18 23:18:01'),
(230, 'EST217', 'ESTOMATOLOGIA II', NULL, '2020-02-18 23:18:01'),
(231, 'MFF217', 'MORFOFUNCION II', NULL, '2020-02-18 23:18:01'),
(232, 'PAT217', 'PATOLOGÍA II', NULL, '2020-02-18 23:18:01'),
(233, 'TTA217', 'TRATAMIENTOS II', NULL, '2020-02-18 23:18:01'),
(234, 'EST317', 'ESTOMATOLOGÍA III', NULL, '2020-02-18 23:18:01'),
(235, 'MFF317', 'MORFOFUNCIÓN III', NULL, '2020-02-18 23:18:01'),
(236, 'PAT317', 'PATOLOGÍA III', NULL, '2020-02-18 23:18:01'),
(237, 'TTA317', 'TRATAMIENTOS III', NULL, '2020-02-18 23:18:01'),
(238, 'EST417', 'ESTOMATOLOGÍA IV', NULL, '2020-02-18 23:18:01'),
(239, 'MFF417', 'MORFOFUNCIÓN IV', NULL, '2020-02-18 23:18:02'),
(240, 'PAT417', 'PATOLOGÍA IV', NULL, '2020-02-18 23:18:02'),
(241, 'TTA417', 'TRATAMIENTOS IV', NULL, '2020-02-18 23:18:02'),
(242, 'EST517', 'ESTOMATOLOGÍA V', NULL, '2020-02-18 23:18:02'),
(243, 'MFF517', 'MORFOFUNCIÓN V', NULL, '2020-02-18 23:18:02'),
(244, 'PAT517', 'PATOLOGÍA V', NULL, '2020-02-18 23:18:02'),
(245, 'TTA517', 'TRATAMIENTOS V', NULL, '2020-02-18 23:18:02'),
(246, 'COP117', 'CLÍNICA DE ODONTOLOGÍA PREVENTIVA', NULL, '2020-02-18 23:18:02'),
(247, 'OPC117', 'ODONTOLOGÍA PREVENTIVA COMUNITARÍA E INVESTIGACIÓN I', NULL, '2020-02-18 23:18:02'),
(248, 'EST617', 'ESTOMATOLOGÍA VI', NULL, '2020-02-18 23:18:02'),
(249, 'MFF617', 'MORFOFUNCIÓN VI', NULL, '2020-02-18 23:18:02'),
(250, 'PAT617', 'PATOLOGÍA VI', NULL, '2020-02-18 23:18:02'),
(251, 'TTA617', 'TRATAMIENTOS VI', NULL, '2020-02-18 23:18:02'),
(252, 'CDO117', 'CLÍNICA DE OPERATORÍA I', NULL, '2020-02-18 23:18:02'),
(253, 'OPC217', 'ODONTOLOGÍA PREVENTIVA COMUNITARÍA E INVESTIGACIÓN II', NULL, '2020-02-18 23:18:02'),
(254, 'DPC117', 'DIAGNÓSTICO PRECLÍNICO', NULL, '2020-02-18 23:18:02'),
(255, 'EPC117', 'ENDODONCIA PRECLÍNICA', NULL, '2020-02-18 23:18:02'),
(256, 'CDP117', 'CLÍNICA DE PERIODONCIA I', NULL, '2020-02-18 23:18:02'),
(257, 'ODI117', 'ODONTOLOGÍA INFANTIL I', NULL, '2020-02-18 23:18:02'),
(258, 'ORT117', 'ORTOPEDÍA/ORTODONCIA I', NULL, '2020-02-18 23:18:02'),
(259, 'CDO217', 'CLÍNICA DE OPERATORÍA II', NULL, '2020-02-18 23:18:02'),
(260, 'RPC117', 'RESTAURATIVA PRECLÍNICA I', NULL, '2020-02-18 23:18:02'),
(261, 'OPC317', 'ODONTOLOGÍA PREVENTIVA COMUNITARÍA E INVESTIGACIÓN III', NULL, '2020-02-18 23:18:02'),
(262, 'CDD117', 'CLÍNICA DE DIAGNÓSTICO I', NULL, '2020-02-18 23:18:02'),
(263, 'CDE117', 'CLÍNICA DE ENDODONCIA I', NULL, '2020-02-18 23:18:02'),
(264, 'CDP217', 'CLÍNICA DE PERIODONCIA II', NULL, '2020-02-18 23:18:02'),
(265, 'CIM117', 'CIRUGÍA MAXILOFACIAL', NULL, '2020-02-18 23:18:02'),
(266, 'ODI217', 'ODONTOLOGÍA INFANTIL II', NULL, '2020-02-18 23:18:02'),
(267, 'ORT217', 'ORTOPEDÍA/ORTODONCIA II', NULL, '2020-02-18 23:18:02'),
(268, 'CDR117', 'CLÍNICA DE RESTAURATIVA', NULL, '2020-02-18 23:18:02'),
(269, 'RPC217', 'RESTAURATIVA PRECLÍNICA II', NULL, '2020-02-18 23:18:02'),
(270, 'OPC417', 'ODONTOLOGÍA PREVENTIVA COMUNITARÍA E INVESTIGACIÓN IV', NULL, '2020-02-18 23:18:02'),
(271, 'CDD217', 'CLÍNICA DE DIAGNÓSTICO II', NULL, '2020-02-18 23:18:02'),
(272, 'CDE217', 'CLÍNICA DE ENDODONCIA II', NULL, '2020-02-18 23:18:02'),
(273, 'CDP317', 'CLÍNICA DE PERIODONCIA III', NULL, '2020-02-18 23:18:02'),
(274, 'CMB117', 'CLÍNICA DE MEDICINA BUCAL/CIRUGÍA MAXILOFACIAL I', NULL, '2020-02-18 23:18:02'),
(275, 'COI117', 'CLÍNICA DE ODONTOLOGÍA INFANTIL I', NULL, '2020-02-18 23:18:02'),
(276, 'COR117', 'CLÍNICA DE ORTOPEDÍA/ORTODONCIA I', NULL, '2020-02-18 23:18:02'),
(277, 'CIR117', 'CLÍNICA INTEGRAL DE RESTAURATIVA I', NULL, '2020-02-18 23:18:02'),
(278, 'OPC517', 'ODONTOLOGÍA PREVENTIVA COMUNITARÍA E INVESTIGACIÓN V', NULL, '2020-02-18 23:18:02'),
(279, 'CDD317', 'CLÍNICA DE DIAGNÓSTICO III', NULL, '2020-02-18 23:18:02'),
(280, 'CDE317', 'CLÍNICA DE ENDODONCIA III', NULL, '2020-02-18 23:18:02'),
(281, 'CDP417', 'CLÍNICA DE PERIODONCIA IV', NULL, '2020-02-18 23:18:02'),
(282, 'CMB217', 'CLÍNICA DE MEDICINA BUCAL/CIRUGÍA MAXILOFACIAL II', NULL, '2020-02-18 23:18:02'),
(283, 'COI217', 'CLÍNICA DE ODONTOLOGÍA INFANTIL II', NULL, '2020-02-18 23:18:02'),
(284, 'COR217', 'CLÍNICA DE ORTOPEDIA/ORTODONCIA II', NULL, '2020-02-18 23:18:02'),
(285, 'CIR217', 'CLÍNICA INTEGRAL DE RESTAURATIVA II', NULL, '2020-02-18 23:18:02'),
(286, 'OPC617', 'ODONTOLOGÍA PREVENTIVA COMUNITARÍA E INVESTIGACIÓN VI', NULL, '2020-02-18 23:18:02'),
(287, 'CDD417', 'CLÍNICA DE DIAGNÓSTICO IV', NULL, '2020-02-18 23:18:02'),
(288, 'CDE417', 'CLÍNICA DE ENDODONCIA IV', NULL, '2020-02-18 23:18:02'),
(289, 'COI317', 'CLÍNICA DE ODONTOLOGÍA INFANTIL III', NULL, '2020-02-18 23:18:02'),
(290, 'COR317', 'CLÍNICA DE ORTOPEDIA/ORTODONCIA III', NULL, '2020-02-18 23:18:02'),
(291, 'CIR317', 'CLÍNICA INTEGRAL DE RESTAURATIVA III', NULL, '2020-02-18 23:18:02'),
(292, 'OPC717', 'ODONTOLOGÍA PREVENTIVA COMUNITARIA E INVESTIGACIÓN VII', NULL, '2020-02-18 23:18:02'),
(293, 'CIA117', 'CLÍNICA INTEGRAL DEL PACIENTE ADULTO (PRÁCTICA PREPROFESIONAL INTEGRADA ADULTO) I', NULL, '2020-02-18 23:18:02'),
(294, 'CII117', 'CLÍNICA INTEGRAL DE ODONTOLOGIA INFANTIL Y ORTODONCIA I', NULL, '2020-02-18 23:18:02'),
(295, 'IEC117', 'INVESTIGACIÓN EPIDEMIOLÓGICA CLÍNICA I', NULL, '2020-02-18 23:18:02'),
(296, 'CIA217', 'CLÍNICA INTEGRAL DEL PACIENTE ADULTO (PRÁCTICA PREPROFESIONAL INTEGRADA ADULTO) II', NULL, '2020-02-18 23:18:02'),
(297, 'CII217', 'CLÍNICA INTEGRAL DE ODONTOLOGÍA INFANTIL Y ORTODONCIA II', NULL, '2020-02-18 23:18:02'),
(298, 'IEC217', 'INVESTIGACIÓN EPIDEMIOLÓGICA CLÍNICA II', NULL, '2020-02-18 23:18:02'),
(299, 'PDP117', 'PRÁCTICA DISCIPLINAR PROFUNDIZADA', NULL, '2020-02-18 23:18:02'),
(300, 'IEC317', 'INVESTIGACIÓN EPIDEMIOLÓGICA CLÍNICA III', NULL, '2020-02-18 23:18:02');

-- --------------------------------------------------------

--
-- Table structure for table `curso_programa`
--

CREATE TABLE `curso_programa` (
  `id` int(11) NOT NULL,
  `id_programa` int(11) NOT NULL,
  `id_plan_estudio_curso` int(11) NOT NULL,
  `correlativo` int(11) DEFAULT NULL,
  `creado` timestamp NOT NULL DEFAULT current_timestamp() ON UPDATE current_timestamp()
) ENGINE=InnoDB DEFAULT CHARSET=utf8mb4 COLLATE=utf8mb4_unicode_ci;

--
-- Dumping data for table `curso_programa`
--

INSERT INTO `curso_programa` (`id`, `id_programa`, `id_plan_estudio_curso`, `correlativo`, `creado`) VALUES
(1, 19, 238, 1, '2020-02-18 23:18:11'),
(2, 19, 247, 2, '2020-02-18 23:18:11'),
(3, 19, 253, 3, '2020-02-18 23:18:11'),
(4, 19, 261, 4, '2020-02-18 23:18:11'),
(5, 19, 270, 5, '2020-02-18 23:18:11'),
(6, 19, 278, 6, '2020-02-18 23:18:11'),
(7, 22, 278, 6, '2020-02-18 23:18:11'),
(8, 20, 278, 6, '2020-02-18 23:18:11'),
(9, 21, 278, 6, '2020-02-18 23:18:11'),
(10, 23, 278, 6, '2020-02-18 23:18:11'),
(11, 24, 278, 6, '2020-02-18 23:18:11'),
(12, 19, 286, 7, '2020-02-18 23:18:11'),
(13, 22, 286, 7, '2020-02-18 23:18:11'),
(14, 20, 286, 7, '2020-02-18 23:18:11'),
(15, 21, 286, 7, '2020-02-18 23:18:11'),
(16, 23, 286, 7, '2020-02-18 23:18:11'),
(17, 24, 286, 7, '2020-02-18 23:18:11'),
(18, 19, 292, 8, '2020-02-18 23:18:11'),
(19, 22, 292, 8, '2020-02-18 23:18:11'),
(20, 20, 292, 8, '2020-02-18 23:18:11'),
(21, 21, 292, 8, '2020-02-18 23:18:11'),
(22, 23, 292, 8, '2020-02-18 23:18:11');

-- --------------------------------------------------------

--
-- Table structure for table `estudiante`
--

CREATE TABLE `estudiante` (
  `id` int(11) NOT NULL,
  `id_persona` int(11) NOT NULL,
  `carnet` varchar(8) COLLATE utf8mb4_unicode_ci NOT NULL,
  `creado` timestamp NOT NULL DEFAULT current_timestamp() ON UPDATE current_timestamp()
) ENGINE=InnoDB DEFAULT CHARSET=utf8mb4 COLLATE=utf8mb4_unicode_ci;

--
-- Dumping data for table `estudiante`
--

INSERT INTO `estudiante` (`id`, `id_persona`, `carnet`, `creado`) VALUES
(1, 2, 'MH16006', '2020-02-18 23:18:08'),
(2, 3, 'LL09069', '2020-02-18 23:18:08'),
(3, 4, 'PH14021', '2020-02-18 23:18:08'),
(4, 5, 'AV10001', '2020-02-18 23:18:08'),
(5, 6, 'ER12005', '2020-02-18 23:18:08'),
(6, 7, 'RM12042', '2020-02-18 23:18:08'),
(7, 8, 'MM13014', '2020-02-18 23:18:08'),
(8, 9, 'RM16051', '2020-02-18 23:18:08'),
(9, 10, 'AL10051', '2020-02-18 23:18:08'),
(10, 11, 'CL16015', '2020-02-18 23:18:08'),
(11, 12, 'CA02032', '2020-02-18 23:18:08'),
(12, 13, 'TH15003', '2020-02-18 23:18:08'),
(13, 14, 'AP11048', '2020-02-18 23:18:08'),
(14, 15, 'AB13027', '2020-02-18 23:18:08'),
(15, 16, 'LT07001', '2020-02-18 23:18:08'),
(16, 17, 'EL15008', '2020-02-18 23:18:08'),
(17, 18, 'DT11002', '2020-02-18 23:18:08'),
(18, 19, 'SM15006', '2020-02-18 23:18:08'),
(19, 20, 'DS13013', '2020-02-18 23:18:08'),
(20, 21, 'TF05009', '2020-02-18 23:18:08'),
(21, 22, 'SG11010', '2020-02-18 23:18:08'),
(22, 23, 'PG99023', '2020-02-18 23:18:08'),
(23, 24, 'MZ13001', '2020-02-18 23:18:08'),
(24, 25, 'FM13010', '2020-02-18 23:18:08'),
(25, 26, 'CQ15007', '2020-02-18 23:18:08'),
(26, 27, 'RC10014', '2020-02-18 23:18:08'),
(27, 28, 'AM10066', '2020-02-18 23:18:08'),
(28, 29, 'CF13001', '2020-02-18 23:18:08'),
(29, 30, 'PF14002', '2020-02-18 23:18:08'),
(30, 31, 'CD14003', '2020-02-18 23:18:08'),
(31, 32, 'AA10016', '2020-02-18 23:18:08'),
(32, 33, 'PL14002', '2020-02-18 23:18:08'),
(33, 34, 'MP06013', '2020-02-18 23:18:08'),
(34, 35, 'VH14006', '2020-02-18 23:18:08'),
(35, 36, 'HC12010', '2020-02-18 23:18:08'),
(36, 37, 'LJ11001', '2020-02-18 23:18:08'),
(37, 38, 'EA08015', '2020-02-18 23:18:08'),
(38, 39, 'GO14002', '2020-02-18 23:18:08'),
(39, 40, 'NL12004', '2020-02-18 23:18:08'),
(40, 41, 'OA16010', '2020-02-18 23:18:08'),
(41, 42, 'RO15007', '2020-02-18 23:18:08'),
(42, 43, 'CO15009', '2020-02-18 23:18:08'),
(43, 44, 'GV09016', '2020-02-18 23:18:08'),
(44, 45, 'RR13009', '2020-02-18 23:18:08'),
(45, 46, 'JL09002', '2020-02-18 23:18:08'),
(46, 47, 'GO13005', '2020-02-18 23:18:08'),
(47, 48, 'PR07005', '2020-02-18 23:18:08'),
(48, 49, 'PF15002', '2020-02-18 23:18:08'),
(49, 50, 'LA12019', '2020-02-18 23:18:08'),
(50, 51, 'MF16017', '2020-02-18 23:18:08'),
(51, 52, 'PA10007', '2020-02-18 23:18:08'),
(52, 53, 'PP14005', '2020-02-18 23:18:08'),
(53, 54, 'PL13008', '2020-02-18 23:18:08'),
(54, 55, 'GC14057', '2020-02-18 23:18:08'),
(55, 56, 'MN14002', '2020-02-18 23:18:08'),
(56, 57, 'MR13087', '2020-02-18 23:18:08'),
(57, 58, 'AP13012', '2020-02-18 23:18:08'),
(58, 59, 'MA14042', '2020-02-18 23:18:08'),
(59, 60, 'IC02002', '2020-02-18 23:18:08'),
(60, 61, 'LH16001', '2020-02-18 23:18:08'),
(61, 62, 'MS04016', '2020-02-18 23:18:08'),
(62, 63, 'SP16001', '2020-02-18 23:18:08'),
(63, 64, 'VC10006', '2020-02-18 23:18:08'),
(64, 65, 'RC15076', '2020-02-18 23:18:08'),
(65, 66, 'SC12054', '2020-02-18 23:18:08'),
(66, 67, 'RM11010', '2020-02-18 23:18:08'),
(67, 68, 'LR13040', '2020-02-18 23:18:08'),
(68, 69, 'TA14013', '2020-02-18 23:18:08'),
(69, 70, 'RF08018', '2020-02-18 23:18:08'),
(70, 71, 'MG11013', '2020-02-18 23:18:08'),
(71, 72, 'CC13044', '2020-02-18 23:18:08'),
(72, 73, 'CE10003', '2020-02-18 23:18:08'),
(73, 74, 'OE10006', '2020-02-18 23:18:08'),
(74, 75, 'RA04001', '2020-02-18 23:18:08'),
(75, 76, 'BP13004', '2020-02-18 23:18:08'),
(76, 77, 'LC08029', '2020-02-18 23:18:08'),
(77, 78, 'HM15012', '2020-02-18 23:18:08'),
(78, 79, 'MM03035', '2020-02-18 23:18:08'),
(79, 80, 'OD08004', '2020-02-18 23:18:08'),
(80, 81, 'AQ16002', '2020-02-18 23:18:08'),
(81, 82, 'QF14002', '2020-02-18 23:18:08'),
(82, 83, 'SM16021', '2020-02-18 23:18:08'),
(83, 84, 'PP07005', '2020-02-18 23:18:08'),
(84, 85, 'DR10025', '2020-02-18 23:18:08'),
(85, 86, 'MM11027', '2020-02-18 23:18:08'),
(86, 87, 'DC13003', '2020-02-18 23:18:08'),
(87, 88, 'AL14016', '2020-02-18 23:18:08'),
(88, 89, 'SR13073', '2020-02-18 23:18:08'),
(89, 90, 'OO15004', '2020-02-18 23:18:08'),
(90, 91, 'UR09008', '2020-02-18 23:18:08'),
(91, 92, 'LG14001', '2020-02-18 23:18:08'),
(92, 93, 'MH10006', '2020-02-18 23:18:08'),
(93, 94, 'VA11008', '2020-02-18 23:18:08'),
(94, 95, 'BL06001', '2020-02-18 23:18:08'),
(95, 96, 'SR11038', '2020-02-18 23:18:08'),
(96, 97, 'GR09071', '2020-02-18 23:18:08'),
(97, 98, 'GG16062', '2020-02-18 23:18:08'),
(98, 99, 'RM12016', '2020-02-18 23:18:08'),
(99, 100, 'FE06001', '2020-02-18 23:18:08'),
(100, 101, 'LL02018', '2020-02-18 23:18:08'),
(101, 102, 'FB12001', '2020-02-18 23:18:08'),
(102, 103, 'MR07075', '2020-02-18 23:18:08'),
(103, 104, 'MM14089', '2020-02-18 23:18:08'),
(104, 105, 'FE11002', '2020-02-18 23:18:08'),
(105, 106, 'HG04012', '2020-02-18 23:18:08'),
(106, 107, 'MB14008', '2020-02-18 23:18:08'),
(107, 108, 'SM14033', '2020-02-18 23:18:08'),
(108, 109, 'CA15057', '2020-02-18 23:18:08'),
(109, 110, 'CO13024', '2020-02-18 23:18:08'),
(110, 111, 'MG04047', '2020-02-18 23:18:08'),
(111, 112, 'VD16006', '2020-02-18 23:18:08'),
(112, 113, 'RY16001', '2020-02-18 23:18:08'),
(113, 114, 'AV12013', '2020-02-18 23:18:08'),
(114, 115, 'RH16005', '2020-02-18 23:18:08'),
(115, 116, 'QC10001', '2020-02-18 23:18:08'),
(116, 117, 'VF10009', '2020-02-18 23:18:08'),
(117, 118, 'OE15002', '2020-02-18 23:18:08'),
(118, 119, 'RM14033', '2020-02-18 23:18:08'),
(119, 120, 'FL12005', '2020-02-18 23:18:08'),
(120, 121, 'QF13001', '2020-02-18 23:18:08'),
(121, 122, 'VR14008', '2020-02-18 23:18:08'),
(122, 123, 'PC09069', '2020-02-18 23:18:08'),
(123, 124, 'AM10014', '2020-02-18 23:18:08'),
(124, 125, 'CA03060', '2020-02-18 23:18:08'),
(125, 126, 'LG09020', '2020-02-18 23:18:08'),
(126, 127, 'CM12036', '2020-02-18 23:18:08'),
(127, 128, 'HC11013', '2020-02-18 23:18:08'),
(128, 129, 'HF08001', '2020-02-18 23:18:08'),
(129, 130, 'VA13014', '2020-02-18 23:18:08'),
(130, 131, 'PM10037', '2020-02-18 23:18:08'),
(131, 132, 'AH12014', '2020-02-18 23:18:08'),
(132, 133, 'RM16068', '2020-02-18 23:18:08'),
(133, 134, 'HP16014', '2020-02-18 23:18:08'),
(134, 135, 'QP15009', '2020-02-18 23:18:08'),
(135, 136, 'OG11024', '2020-02-18 23:18:08'),
(136, 137, 'MR13023', '2020-02-18 23:18:08'),
(137, 138, 'MS11053', '2020-02-18 23:18:08'),
(138, 139, 'RV15036', '2020-02-18 23:18:08'),
(139, 140, 'MC13040', '2020-02-18 23:18:08'),
(140, 141, 'GS08039', '2020-02-18 23:18:08'),
(141, 142, 'LG06027', '2020-02-18 23:18:08'),
(142, 143, 'MP16001', '2020-02-18 23:18:08'),
(143, 144, 'GL11032', '2020-02-18 23:18:08'),
(144, 145, 'VM11057', '2020-02-18 23:18:08'),
(145, 146, 'MM14031', '2020-02-18 23:18:08'),
(146, 147, 'MC11057', '2020-02-18 23:18:08'),
(147, 148, 'AM11015', '2020-02-18 23:18:08'),
(148, 149, 'PM09047', '2020-02-18 23:18:08'),
(149, 150, 'GS12001', '2020-02-18 23:18:08'),
(150, 151, 'MG13016', '2020-02-18 23:18:08'),
(151, 152, 'ZR10002', '2020-02-18 23:18:08'),
(152, 153, 'CR04034', '2020-02-18 23:18:08'),
(153, 154, 'PM15007', '2020-02-18 23:18:08'),
(154, 155, 'SA15003', '2020-02-18 23:18:08'),
(155, 156, 'MM16045', '2020-02-18 23:18:08'),
(156, 157, 'CC10017', '2020-02-18 23:18:08'),
(157, 158, 'CB95015', '2020-02-18 23:18:08'),
(158, 159, 'MM14022', '2020-02-18 23:18:08'),
(159, 160, 'BC14026', '2020-02-18 23:18:08'),
(160, 161, 'PC16020', '2020-02-18 23:18:08'),
(161, 162, 'MH09016', '2020-02-18 23:18:08'),
(162, 163, 'CA02004', '2020-02-18 23:18:08'),
(163, 164, 'OO10004', '2020-02-18 23:18:08'),
(164, 165, 'HM14039', '2020-02-18 23:18:08'),
(165, 166, 'PL15002', '2020-02-18 23:18:08'),
(166, 167, 'TM15009', '2020-02-18 23:18:08'),
(167, 168, 'RH15028', '2020-02-18 23:18:08'),
(168, 169, 'LV11002', '2020-02-18 23:18:08'),
(169, 170, 'MU13002', '2020-02-18 23:18:08'),
(170, 171, 'RS07003', '2020-02-18 23:18:08'),
(171, 172, 'CV11051', '2020-02-18 23:18:08'),
(172, 173, 'MH15012', '2020-02-18 23:18:08'),
(173, 174, 'MO16003', '2020-02-18 23:18:08'),
(174, 175, 'ZN07001', '2020-02-18 23:18:08'),
(175, 176, 'DP16002', '2020-02-18 23:18:08'),
(176, 177, 'BR15007', '2020-02-18 23:18:08'),
(177, 178, 'BT16001', '2020-02-18 23:18:08'),
(178, 179, 'ZZ06008', '2020-02-18 23:18:08'),
(179, 180, 'SH14020', '2020-02-18 23:18:08'),
(180, 181, 'RP11069', '2020-02-18 23:18:08'),
(181, 182, 'RD12006', '2020-02-18 23:18:08'),
(182, 183, 'FM06030', '2020-02-18 23:18:08'),
(183, 184, 'EM11026', '2020-02-18 23:18:08'),
(184, 185, 'QC09008', '2020-02-18 23:18:08'),
(185, 186, 'GZ06001', '2020-02-18 23:18:08'),
(186, 187, 'VH14004', '2020-02-18 23:18:08'),
(187, 188, 'BP15001', '2020-02-18 23:18:08'),
(188, 189, 'NH16001', '2020-02-18 23:18:08'),
(189, 190, 'RM11125', '2020-02-18 23:18:08'),
(190, 191, 'DR15013', '2020-02-18 23:18:08'),
(191, 192, 'SS11034', '2020-02-18 23:18:08'),
(192, 193, 'LU10001', '2020-02-18 23:18:08'),
(193, 194, 'RS16036', '2020-02-18 23:18:08'),
(194, 195, 'LM11004', '2020-02-18 23:18:08'),
(195, 196, 'CS11004', '2020-02-18 23:18:08'),
(196, 197, 'RA16004', '2020-02-18 23:18:08'),
(197, 198, 'PR12005', '2020-02-18 23:18:08'),
(198, 199, 'RB14034', '2020-02-18 23:18:08'),
(199, 200, 'NA15004', '2020-02-18 23:18:08'),
(200, 201, 'PM12003', '2020-02-18 23:18:08'),
(201, 202, 'FC11023', '2020-02-18 23:18:08'),
(202, 203, 'AR16033', '2020-02-18 23:18:08'),
(203, 204, 'BM11039', '2020-02-18 23:18:08'),
(204, 205, 'MA09040', '2020-02-18 23:18:08'),
(205, 206, 'MM14001', '2020-02-18 23:18:08'),
(206, 207, 'CM14066', '2020-02-18 23:18:08'),
(207, 208, 'MD12007', '2020-02-18 23:18:08'),
(208, 209, 'PM11071', '2020-02-18 23:18:08'),
(209, 210, 'NB11001', '2020-02-18 23:18:08'),
(210, 211, 'PM10013', '2020-02-18 23:18:08'),
(211, 212, 'TC10006', '2020-02-18 23:18:08'),
(212, 213, 'RS15034', '2020-02-18 23:18:08'),
(213, 214, 'PV16008', '2020-02-18 23:18:08'),
(214, 215, 'FF11020', '2020-02-18 23:18:08'),
(215, 216, 'CM10024', '2020-02-18 23:18:08'),
(216, 217, 'DV14002', '2020-02-18 23:18:08'),
(217, 218, 'HH05045', '2020-02-18 23:18:08'),
(218, 219, 'PM14008', '2020-02-18 23:18:08'),
(219, 220, 'GS16007', '2020-02-18 23:18:08'),
(220, 221, 'VR15004', '2020-02-18 23:18:08'),
(221, 222, 'AA14010', '2020-02-18 23:18:08'),
(222, 223, 'SO06001', '2020-02-18 23:18:08'),
(223, 224, 'RL16016', '2020-02-18 23:18:08'),
(224, 225, 'AP16007', '2020-02-18 23:18:08'),
(225, 226, 'UA16002', '2020-02-18 23:18:08'),
(226, 227, 'BG08032', '2020-02-18 23:18:08'),
(227, 228, 'PO13001', '2020-02-18 23:18:08'),
(228, 229, 'DM15019', '2020-02-18 23:18:08'),
(229, 230, 'GR07086', '2020-02-18 23:18:08'),
(230, 231, 'GR11061', '2020-02-18 23:18:08'),
(231, 232, 'AR11002', '2020-02-18 23:18:08'),
(232, 233, 'GH12040', '2020-02-18 23:18:08'),
(233, 234, 'VM02009', '2020-02-18 23:18:08'),
(234, 235, 'FD12003', '2020-02-18 23:18:08'),
(235, 236, 'GJ13003', '2020-02-18 23:18:08'),
(236, 237, 'RG08021', '2020-02-18 23:18:08'),
(237, 238, 'ZD12001', '2020-02-18 23:18:08'),
(238, 239, 'BB11004', '2020-02-18 23:18:08'),
(239, 240, 'MC15005', '2020-02-18 23:18:08'),
(240, 241, 'JC15003', '2020-02-18 23:18:08'),
(241, 242, 'CP16044', '2020-02-18 23:18:08'),
(242, 243, 'MM12212', '2020-02-18 23:18:08'),
(243, 244, 'VO05021', '2020-02-18 23:18:08'),
(244, 245, 'RM16049', '2020-02-18 23:18:08'),
(245, 246, 'MF10006', '2020-02-18 23:18:08'),
(246, 247, 'PG15006', '2020-02-18 23:18:08'),
(247, 248, 'VL15016', '2020-02-18 23:18:08'),
(248, 249, 'AG14053', '2020-02-18 23:18:08'),
(249, 250, 'AH13059', '2020-02-18 23:18:08'),
(250, 251, 'LV16003', '2020-02-18 23:18:08'),
(251, 252, 'LA03009', '2020-02-18 23:18:08'),
(252, 253, 'OV14010', '2020-02-18 23:18:08'),
(253, 254, 'RR13020', '2020-02-18 23:18:08'),
(254, 255, 'MV16008', '2020-02-18 23:18:08'),
(255, 256, 'SM16041', '2020-02-18 23:18:08'),
(256, 257, 'DD07001', '2020-02-18 23:18:08'),
(257, 258, 'GT13017', '2020-02-18 23:18:08'),
(258, 259, 'OM14004', '2020-02-18 23:18:08'),
(259, 260, 'GR14079', '2020-02-18 23:18:08'),
(260, 261, 'MV14045', '2020-02-18 23:18:08'),
(261, 262, 'HG08005', '2020-02-18 23:18:08'),
(262, 263, 'MS15050', '2020-02-18 23:18:08'),
(263, 264, 'HA15005', '2020-02-18 23:18:08'),
(264, 265, 'MF04030', '2020-02-18 23:18:08'),
(265, 266, 'PM15020', '2020-02-18 23:18:08'),
(266, 267, 'FR12001', '2020-02-18 23:18:08'),
(267, 268, 'MR14143', '2020-02-18 23:18:08'),
(268, 269, 'VP12004', '2020-02-18 23:18:08'),
(269, 270, 'MI09008', '2020-02-18 23:18:08'),
(270, 271, 'RC13033', '2020-02-18 23:18:08'),
(271, 272, 'CD15015', '2020-02-18 23:18:08'),
(272, 273, 'RS15004', '2020-02-18 23:18:08'),
(273, 274, 'MG09083', '2020-02-18 23:18:08'),
(274, 275, 'MT16007', '2020-02-18 23:18:08'),
(275, 276, 'MT13013', '2020-02-18 23:18:08'),
(276, 277, 'ML16006', '2020-02-18 23:18:08'),
(277, 278, 'VM13068', '2020-02-18 23:18:08'),
(278, 279, 'GC14003', '2020-02-18 23:18:08'),
(279, 280, 'AM16025', '2020-02-18 23:18:08'),
(280, 281, 'CC06107', '2020-02-18 23:18:08'),
(281, 282, 'HQ14006', '2020-02-18 23:18:08'),
(282, 283, 'HV15011', '2020-02-18 23:18:08'),
(283, 284, 'MD12038', '2020-02-18 23:18:08'),
(284, 285, 'AM15005', '2020-02-18 23:18:08'),
(285, 286, 'CG15002', '2020-02-18 23:18:08'),
(286, 287, 'SJ16001', '2020-02-18 23:18:08'),
(287, 288, 'MC10060', '2020-02-18 23:18:08'),
(288, 289, 'GC15004', '2020-02-18 23:18:08'),
(289, 290, 'MC03028', '2020-02-18 23:18:08'),
(290, 291, 'OG16003', '2020-02-18 23:18:08'),
(291, 292, 'AM14116', '2020-02-18 23:18:08'),
(292, 293, 'HA10007', '2020-02-18 23:18:08'),
(293, 294, 'PH11004', '2020-02-18 23:18:08'),
(294, 295, 'CP16012', '2020-02-18 23:18:08'),
(295, 296, 'RG10037', '2020-02-18 23:18:08'),
(296, 297, 'AG09086', '2020-02-18 23:18:08'),
(297, 298, 'LM10002', '2020-02-18 23:18:08'),
(298, 299, 'DC13018', '2020-02-18 23:18:08'),
(299, 300, 'RR08173', '2020-02-18 23:18:08'),
(300, 301, 'PP15001', '2020-02-18 23:18:08'),
(301, 302, 'GR13013', '2020-02-18 23:18:08'),
(302, 303, 'AR13011', '2020-02-18 23:18:08'),
(303, 304, 'AP16014', '2020-02-18 23:18:08'),
(304, 305, 'AC13002', '2020-02-18 23:18:08'),
(305, 306, 'CH08012', '2020-02-18 23:18:08'),
(306, 307, 'RC15010', '2020-02-18 23:18:08'),
(307, 308, 'AZ05013', '2020-02-18 23:18:08'),
(308, 309, 'NS10001', '2020-02-18 23:18:08'),
(309, 310, 'LQ13003', '2020-02-18 23:18:08'),
(310, 311, 'SR09012', '2020-02-18 23:18:08'),
(311, 312, 'TH06008', '2020-02-18 23:18:08'),
(312, 313, 'DM15012', '2020-02-18 23:18:08'),
(313, 314, 'GM15003', '2020-02-18 23:18:08'),
(314, 315, 'NR07005', '2020-02-18 23:18:08'),
(315, 316, 'HR14044', '2020-02-18 23:18:08'),
(316, 317, 'AV16018', '2020-02-18 23:18:08'),
(317, 318, 'AA15009', '2020-02-18 23:18:08'),
(318, 319, 'LR03012', '2020-02-18 23:18:08'),
(319, 320, 'VM06030', '2020-02-18 23:18:08'),
(320, 321, 'GG13113', '2020-02-18 23:18:08'),
(321, 322, 'AH16021', '2020-02-18 23:18:08'),
(322, 323, 'PP16011', '2020-02-18 23:18:08'),
(323, 324, 'CM16017', '2020-02-18 23:18:08'),
(324, 325, 'GL15002', '2020-02-18 23:18:08'),
(325, 326, 'EH10002', '2020-02-18 23:18:08'),
(326, 327, 'FB16004', '2020-02-18 23:18:08'),
(327, 328, 'MM16110', '2020-02-18 23:18:08'),
(328, 329, 'GG06010', '2020-02-18 23:18:08'),
(329, 330, 'GH12023', '2020-02-18 23:18:08'),
(330, 331, 'AC09029', '2020-02-18 23:18:08'),
(331, 332, 'PG13005', '2020-02-18 23:18:08'),
(332, 333, 'UE13001', '2020-02-18 23:18:08'),
(333, 334, 'PG14048', '2020-02-18 23:18:08'),
(334, 335, 'FN12001', '2020-02-18 23:18:08'),
(335, 336, 'VV11041', '2020-02-18 23:18:08'),
(336, 337, 'AS05052', '2020-02-18 23:18:08'),
(337, 338, 'LR12003', '2020-02-18 23:18:08'),
(338, 339, 'CM11027', '2020-02-18 23:18:08'),
(339, 340, 'UM07001', '2020-02-18 23:18:08'),
(340, 341, 'FM16025', '2020-02-18 23:18:08'),
(341, 342, 'NR15002', '2020-02-18 23:18:08'),
(342, 343, 'BM07022', '2020-02-18 23:18:08'),
(343, 344, 'HM14005', '2020-02-18 23:18:08'),
(344, 345, 'RU12002', '2020-02-18 23:18:08'),
(345, 346, 'MR06081', '2020-02-18 23:18:08'),
(346, 347, 'HD13002', '2020-02-18 23:18:08'),
(347, 348, 'MC15011', '2020-02-18 23:18:08'),
(348, 349, 'MR13119', '2020-02-18 23:18:08'),
(349, 350, 'RM04104', '2020-02-18 23:18:08'),
(350, 351, 'CD10030', '2020-02-18 23:18:08'),
(351, 352, 'VV13010', '2020-02-18 23:18:08'),
(352, 353, 'ML11055', '2020-02-18 23:18:08'),
(353, 354, 'CH11043', '2020-02-18 23:18:08'),
(354, 355, 'AH13019', '2020-02-18 23:18:08'),
(355, 356, 'RG06041', '2020-02-18 23:18:08'),
(356, 357, 'LZ14002', '2020-02-18 23:18:08'),
(357, 358, 'PA15045', '2020-02-18 23:18:08'),
(358, 359, 'CM11005', '2020-02-18 23:18:08'),
(359, 360, 'VM15018', '2020-02-18 23:18:08'),
(360, 361, 'AD10033', '2020-02-18 23:18:08'),
(361, 362, 'FD11002', '2020-02-18 23:18:08'),
(362, 363, 'PZ05002', '2020-02-18 23:18:08'),
(363, 364, 'GC15016', '2020-02-18 23:18:08'),
(364, 365, 'RA13001', '2020-02-18 23:18:08'),
(365, 366, 'CV14005', '2020-02-18 23:18:08'),
(366, 367, 'NH12003', '2020-02-18 23:18:08'),
(367, 368, 'CR16102', '2020-02-18 23:18:08'),
(368, 369, 'CV11017', '2020-02-18 23:18:08'),
(369, 370, 'MR15113', '2020-02-18 23:18:08'),
(370, 371, 'LS16001', '2020-02-18 23:18:08'),
(371, 372, 'CN14003', '2020-02-18 23:18:08'),
(372, 373, 'DH16001', '2020-02-18 23:18:08'),
(373, 374, 'TS14004', '2020-02-18 23:18:08'),
(374, 375, 'BV12004', '2020-02-18 23:18:08'),
(375, 376, 'NR12002', '2020-02-18 23:18:08'),
(376, 377, 'RE14001', '2020-02-18 23:18:08'),
(377, 378, 'DP11015', '2020-02-18 23:18:08'),
(378, 379, 'JT11001', '2020-02-18 23:18:08'),
(379, 380, 'AR11080', '2020-02-18 23:18:08'),
(380, 381, 'CR05074', '2020-02-18 23:18:08'),
(381, 382, 'HC15005', '2020-02-18 23:18:08'),
(382, 383, 'AM11098', '2020-02-18 23:18:08'),
(383, 384, 'RR16100', '2020-02-18 23:18:08'),
(384, 385, 'SS15005', '2020-02-18 23:18:08'),
(385, 386, 'BU03002', '2020-02-18 23:18:08'),
(386, 387, 'GE08008', '2020-02-18 23:18:08'),
(387, 388, 'HG14034', '2020-02-18 23:18:08'),
(388, 389, 'AD06017', '2020-02-18 23:18:08'),
(389, 390, 'SC13014', '2020-02-18 23:18:08'),
(390, 391, 'CC13026', '2020-02-18 23:18:08'),
(391, 392, 'PE12001', '2020-02-18 23:18:08'),
(392, 393, 'TC16012', '2020-02-18 23:18:08'),
(393, 394, 'MR16138', '2020-02-18 23:18:08'),
(394, 395, 'CR11005', '2020-02-18 23:18:08'),
(395, 396, 'AV16004', '2020-02-18 23:18:08'),
(396, 397, 'SM13001', '2020-02-18 23:18:08'),
(397, 398, 'CG13082', '2020-02-18 23:18:08'),
(398, 399, 'SG10003', '2020-02-18 23:18:08'),
(399, 400, 'CB14026', '2020-02-18 23:18:08'),
(400, 401, 'OG10011', '2020-02-18 23:18:08'),
(401, 402, 'CA99050', '2020-02-18 23:18:09'),
(402, 403, 'CM13106', '2020-02-18 23:18:09'),
(403, 404, 'FS10001', '2020-02-18 23:18:09'),
(404, 405, 'MP09069', '2020-02-18 23:18:09'),
(405, 406, 'RM16027', '2020-02-18 23:18:09'),
(406, 407, 'HP15004', '2020-02-18 23:18:09'),
(407, 408, 'RC15008', '2020-02-18 23:18:09'),
(408, 409, 'MM13067', '2020-02-18 23:18:09'),
(409, 410, 'CV15018', '2020-02-18 23:18:09'),
(410, 411, 'MV02001', '2020-02-18 23:18:09'),
(411, 412, 'GM13021', '2020-02-18 23:18:09'),
(412, 413, 'CV03016', '2020-02-18 23:18:09'),
(413, 414, 'RG09075', '2020-02-18 23:18:09'),
(414, 415, 'SP11003', '2020-02-18 23:18:09'),
(415, 416, 'CA13041', '2020-02-18 23:18:09'),
(416, 417, 'AZ14002', '2020-02-18 23:18:09'),
(417, 418, 'HE12002', '2020-02-18 23:18:09'),
(418, 419, 'MA12145', '2020-02-18 23:18:09'),
(419, 420, 'HR11013', '2020-02-18 23:18:09'),
(420, 421, 'CV07003', '2020-02-18 23:18:09'),
(421, 422, 'GR14004', '2020-02-18 23:18:09'),
(422, 423, 'MC08027', '2020-02-18 23:18:09'),
(423, 424, 'AA16009', '2020-02-18 23:18:09'),
(424, 425, 'GA11010', '2020-02-18 23:18:09'),
(425, 426, 'RA14006', '2020-02-18 23:18:09'),
(426, 427, 'CG13003', '2020-02-18 23:18:09'),
(427, 428, 'RL11003', '2020-02-18 23:18:09'),
(428, 429, 'MD16022', '2020-02-18 23:18:09'),
(429, 430, 'PS13001', '2020-02-18 23:18:09'),
(430, 431, 'AM09069', '2020-02-18 23:18:09'),
(431, 432, 'FM10005', '2020-02-18 23:18:09'),
(432, 433, 'CO14001', '2020-02-18 23:18:09'),
(433, 434, 'MV13002', '2020-02-18 23:18:09'),
(434, 435, 'RM11117', '2020-02-18 23:18:09'),
(435, 436, 'FE09002', '2020-02-18 23:18:09'),
(436, 437, 'MS10047', '2020-02-18 23:18:09'),
(437, 438, 'AP16001', '2020-02-18 23:18:09'),
(438, 439, 'BH09016', '2020-02-18 23:18:09'),
(439, 440, 'NM15007', '2020-02-18 23:18:09'),
(440, 441, 'LC13004', '2020-02-18 23:18:09'),
(441, 442, 'SM14074', '2020-02-18 23:18:09'),
(442, 443, 'GC10009', '2020-02-18 23:18:09'),
(443, 444, 'SH10024', '2020-02-18 23:18:09'),
(444, 445, 'GD08019', '2020-02-18 23:18:09'),
(445, 446, 'AB15010', '2020-02-18 23:18:09'),
(446, 447, 'UR08001', '2020-02-18 23:18:09'),
(447, 448, 'OR15012', '2020-02-18 23:18:09'),
(448, 449, 'LL13002', '2020-02-18 23:18:09'),
(449, 450, 'CC10018', '2020-02-18 23:18:09'),
(450, 451, 'RG10011', '2020-02-18 23:18:09'),
(451, 452, 'AL05043', '2020-02-18 23:18:09'),
(452, 453, 'BC11023', '2020-02-18 23:18:09'),
(453, 454, 'EA12006', '2020-02-18 23:18:09'),
(454, 455, 'GA12015', '2020-02-18 23:18:09'),
(455, 456, 'NA10003', '2020-02-18 23:18:09'),
(456, 457, 'AP16026', '2020-02-18 23:18:09'),
(457, 458, 'GT11003', '2020-02-18 23:18:09'),
(458, 459, 'CA14080', '2020-02-18 23:18:09'),
(459, 460, 'DM15001', '2020-02-18 23:18:09'),
(460, 461, 'MC11002', '2020-02-18 23:18:09'),
(461, 462, 'CL09034', '2020-02-18 23:18:09'),
(462, 463, 'VN10004', '2020-02-18 23:18:09'),
(463, 464, 'PC16011', '2020-02-18 23:18:09'),
(464, 465, 'LR10005', '2020-02-18 23:18:09'),
(465, 466, 'HL04001', '2020-02-18 23:18:09'),
(466, 467, 'GC16001', '2020-02-18 23:18:09'),
(467, 468, 'MA10043', '2020-02-18 23:18:09'),
(468, 469, 'RH16010', '2020-02-18 23:18:09'),
(469, 470, 'CG11029', '2020-02-18 23:18:09'),
(470, 471, 'PM15057', '2020-02-18 23:18:09'),
(471, 472, 'RC10050', '2020-02-18 23:18:09'),
(472, 473, 'QB13002', '2020-02-18 23:18:09'),
(473, 474, 'GV12032', '2020-02-18 23:18:09'),
(474, 475, 'LP10005', '2020-02-18 23:18:09'),
(475, 476, 'HM16001', '2020-02-18 23:18:09'),
(476, 477, 'GR16003', '2020-02-18 23:18:09'),
(477, 478, 'CO08007', '2020-02-18 23:18:09'),
(478, 479, 'SR12003', '2020-02-18 23:18:09'),
(479, 480, 'SF16002', '2020-02-18 23:18:09'),
(480, 481, 'ME11022', '2020-02-18 23:18:09'),
(481, 482, 'VL10001', '2020-02-18 23:18:09'),
(482, 483, 'RF16003', '2020-02-18 23:18:09'),
(483, 484, 'VZ04002', '2020-02-18 23:18:09'),
(484, 485, 'ME13001', '2020-02-18 23:18:09'),
(485, 486, 'RM15118', '2020-02-18 23:18:09'),
(486, 487, 'VC10014', '2020-02-18 23:18:09'),
(487, 488, 'VF11016', '2020-02-18 23:18:09'),
(488, 489, 'RC10049', '2020-02-18 23:18:09'),
(489, 490, 'QM16001', '2020-02-18 23:18:09'),
(490, 491, 'RR07047', '2020-02-18 23:18:09'),
(491, 492, 'SH12005', '2020-02-18 23:18:09'),
(492, 493, 'MC10011', '2020-02-18 23:18:09'),
(493, 494, 'GP16025', '2020-02-18 23:18:09'),
(494, 495, 'RH07022', '2020-02-18 23:18:09'),
(495, 496, 'MC11004', '2020-02-18 23:18:09'),
(496, 497, 'LA10006', '2020-02-18 23:18:09'),
(497, 498, 'VV16030', '2020-02-18 23:18:09'),
(498, 499, 'AS09021', '2020-02-18 23:18:09'),
(499, 500, 'NG08001', '2020-02-18 23:18:09'),
(500, 501, 'GM12006', '2020-02-18 23:18:09'),
(501, 502, 'MG09080', '2020-02-18 23:18:09'),
(502, 503, 'IG15001', '2020-02-18 23:18:09'),
(503, 504, 'CC11118', '2020-02-18 23:18:09'),
(504, 505, 'TL11001', '2020-02-18 23:18:09'),
(505, 506, 'MM08069', '2020-02-18 23:18:09'),
(506, 507, 'RR13002', '2020-02-18 23:18:09'),
(507, 508, 'MA13021', '2020-02-18 23:18:09'),
(508, 509, 'AR15068', '2020-02-18 23:18:09'),
(509, 510, 'MM11015', '2020-02-18 23:18:09'),
(510, 511, 'SM11077', '2020-02-18 23:18:09'),
(511, 512, 'GA07043', '2020-02-18 23:18:09'),
(512, 513, 'HP12008', '2020-02-18 23:18:09'),
(513, 514, 'AL08001', '2020-02-18 23:18:09'),
(514, 515, 'VA10016', '2020-02-18 23:18:09'),
(515, 516, 'PR14008', '2020-02-18 23:18:09'),
(516, 517, 'CA13004', '2020-02-18 23:18:09'),
(517, 518, 'MR14015', '2020-02-18 23:18:09'),
(518, 519, 'MN15008', '2020-02-18 23:18:09'),
(519, 520, 'OG99016', '2020-02-18 23:18:09'),
(520, 521, 'PM11008', '2020-02-18 23:18:09'),
(521, 522, 'GM09032', '2020-02-18 23:18:09'),
(522, 523, 'HJ15001', '2020-02-18 23:18:09'),
(523, 524, 'LO10003', '2020-02-18 23:18:09'),
(524, 525, 'GR97043', '2020-02-18 23:18:09'),
(525, 526, 'BS10011', '2020-02-18 23:18:09'),
(526, 527, 'AL14002', '2020-02-18 23:18:09'),
(527, 528, 'PJ15005', '2020-02-18 23:18:09'),
(528, 529, 'CD16006', '2020-02-18 23:18:09'),
(529, 530, 'CR09120', '2020-02-18 23:18:09'),
(530, 531, 'HF11011', '2020-02-18 23:18:09'),
(531, 532, 'CL13002', '2020-02-18 23:18:09'),
(532, 533, 'BA12026', '2020-02-18 23:18:09'),
(533, 534, 'VA13001', '2020-02-18 23:18:09'),
(534, 535, 'IV08001', '2020-02-18 23:18:09'),
(535, 536, 'MH11066', '2020-02-18 23:18:09'),
(536, 537, 'MA14027', '2020-02-18 23:18:09'),
(537, 538, 'GV06003', '2020-02-18 23:18:09'),
(538, 539, 'HM13054', '2020-02-18 23:18:09'),
(539, 540, 'LC10015', '2020-02-18 23:18:09'),
(540, 541, 'GM16066', '2020-02-18 23:18:09'),
(541, 542, 'MV16046', '2020-02-18 23:18:09'),
(542, 543, 'RG14087', '2020-02-18 23:18:09'),
(543, 544, 'BB11003', '2020-02-18 23:18:09'),
(544, 545, 'MP10081', '2020-02-18 23:18:09'),
(545, 546, 'RF14014', '2020-02-18 23:18:09'),
(546, 547, 'BM10009', '2020-02-18 23:18:09'),
(547, 548, 'DI08001', '2020-02-18 23:18:09'),
(548, 549, 'BA03027', '2020-02-18 23:18:09'),
(549, 550, 'HS15018', '2020-02-18 23:18:09'),
(550, 551, 'SM05031', '2020-02-18 23:18:09'),
(551, 552, 'AA13032', '2020-02-18 23:18:09'),
(552, 553, 'EH04001', '2020-02-18 23:18:09'),
(553, 554, 'AH12002', '2020-02-18 23:18:09'),
(554, 555, 'HP08005', '2020-02-18 23:18:09'),
(555, 556, 'MC09084', '2020-02-18 23:18:09'),
(556, 557, 'AM12048', '2020-02-18 23:18:09'),
(557, 558, 'HH14028', '2020-02-18 23:18:09'),
(558, 559, 'MS16035', '2020-02-18 23:18:09'),
(559, 560, 'HR13017', '2020-02-18 23:18:09'),
(560, 561, 'TH16002', '2020-02-18 23:18:09'),
(561, 562, 'RF12011', '2020-02-18 23:18:09'),
(562, 563, 'MM14030', '2020-02-18 23:18:09'),
(563, 564, 'IC14002', '2020-02-18 23:18:09'),
(564, 565, 'SV15002', '2020-02-18 23:18:09'),
(565, 566, 'RC16018', '2020-02-18 23:18:09'),
(566, 567, 'GR14017', '2020-02-18 23:18:09'),
(567, 568, 'AS13053', '2020-02-18 23:18:09'),
(568, 569, 'CL16010', '2020-02-18 23:18:09'),
(569, 570, 'SV08008', '2020-02-18 23:18:09'),
(570, 571, 'PB16009', '2020-02-18 23:18:09'),
(571, 572, 'SA16032', '2020-02-18 23:18:09'),
(572, 573, 'HC15019', '2020-02-18 23:18:09'),
(573, 574, 'VM11009', '2020-02-18 23:18:09'),
(574, 575, 'LA13042', '2020-02-18 23:18:09'),
(575, 576, 'SD13010', '2020-02-18 23:18:09'),
(576, 577, 'SF09006', '2020-02-18 23:18:09'),
(577, 578, 'MZ12005', '2020-02-18 23:18:09'),
(578, 579, 'HJ13003', '2020-02-18 23:18:09'),
(579, 580, 'MS12010', '2020-02-18 23:18:09'),
(580, 581, 'MZ16005', '2020-02-18 23:18:09'),
(581, 582, 'CR15089', '2020-02-18 23:18:09'),
(582, 583, 'SV12001', '2020-02-18 23:18:09'),
(583, 584, 'RC08070', '2020-02-18 23:18:09'),
(584, 585, 'MO10003', '2020-02-18 23:18:09'),
(585, 586, 'AV15015', '2020-02-18 23:18:09'),
(586, 587, 'CM14023', '2020-02-18 23:18:09'),
(587, 588, 'MR16003', '2020-02-18 23:18:09'),
(588, 589, 'EO97003', '2020-02-18 23:18:09'),
(589, 590, 'LV10022', '2020-02-18 23:18:09'),
(590, 591, 'PC06009', '2020-02-18 23:18:09'),
(591, 592, 'JB13004', '2020-02-18 23:18:09'),
(592, 593, 'GM08063', '2020-02-18 23:18:09'),
(593, 594, 'CC14025', '2020-02-18 23:18:09'),
(594, 595, 'CA05085', '2020-02-18 23:18:09'),
(595, 596, 'ZT12002', '2020-02-18 23:18:09'),
(596, 597, 'NS12002', '2020-02-18 23:18:09'),
(597, 598, 'PH12014', '2020-02-18 23:18:09'),
(598, 599, 'CE12006', '2020-02-18 23:18:09'),
(599, 600, 'VP03021', '2020-02-18 23:18:09'),
(600, 601, 'MM15108', '2020-02-18 23:18:09'),
(601, 602, 'RF11025', '2020-02-18 23:18:09'),
(602, 603, 'MG15009', '2020-02-18 23:18:09'),
(603, 604, 'VP10007', '2020-02-18 23:18:09'),
(604, 605, 'SC08010', '2020-02-18 23:18:09'),
(605, 606, 'SM05083', '2020-02-18 23:18:09'),
(606, 607, 'YM15001', '2020-02-18 23:18:09'),
(607, 608, 'MA12013', '2020-02-18 23:18:09'),
(608, 609, 'ZP12001', '2020-02-18 23:18:09'),
(609, 610, 'AA09123', '2020-02-18 23:18:09'),
(610, 611, 'EA13003', '2020-02-18 23:18:09'),
(611, 612, 'FV16005', '2020-02-18 23:18:09'),
(612, 613, 'SM08031', '2020-02-18 23:18:09'),
(613, 614, 'LM12013', '2020-02-18 23:18:09'),
(614, 615, 'MG13012', '2020-02-18 23:18:09'),
(615, 616, 'AG09071', '2020-02-18 23:18:09'),
(616, 617, 'GV09031', '2020-02-18 23:18:09'),
(617, 618, 'GM13015', '2020-02-18 23:18:09'),
(618, 619, 'SM06052', '2020-02-18 23:18:09'),
(619, 620, 'GA01050', '2020-02-18 23:18:09'),
(620, 621, 'PP04069', '2020-02-18 23:18:09'),
(621, 622, 'RG12019', '2020-02-18 23:18:09'),
(622, 623, 'GG13013', '2020-02-18 23:18:09'),
(623, 624, 'HR07002', '2020-02-18 23:18:09'),
(624, 625, 'CH15013', '2020-02-18 23:18:09'),
(625, 626, 'RG09042', '2020-02-18 23:18:09'),
(626, 627, 'ME12007', '2020-02-18 23:18:09'),
(627, 628, 'ZA00002', '2020-02-18 23:18:09'),
(628, 629, 'FB15001', '2020-02-18 23:18:09'),
(629, 630, 'RD12004', '2020-02-18 23:18:09'),
(630, 631, 'MV09033', '2020-02-18 23:18:09'),
(631, 632, 'MM05221', '2020-02-18 23:18:09'),
(632, 633, 'RE05032', '2020-02-18 23:18:09'),
(633, 634, 'RS16005', '2020-02-18 23:18:09'),
(634, 635, 'RC11016', '2020-02-18 23:18:09'),
(635, 636, 'VR12015', '2020-02-18 23:18:09'),
(636, 637, 'HV13023', '2020-02-18 23:18:09'),
(637, 638, 'UB16002', '2020-02-18 23:18:09'),
(638, 639, 'CA14003', '2020-02-18 23:18:09'),
(639, 640, 'FL15005', '2020-02-18 23:18:09'),
(640, 641, 'GM14114', '2020-02-18 23:18:09'),
(641, 642, 'GO11001', '2020-02-18 23:18:09'),
(642, 643, 'CG09104', '2020-02-18 23:18:09'),
(643, 644, 'DC16009', '2020-02-18 23:18:09'),
(644, 645, 'CB15012', '2020-02-18 23:18:09'),
(645, 646, 'VR16021', '2020-02-18 23:18:09'),
(646, 647, 'VP12009', '2020-02-18 23:18:09'),
(647, 648, 'HP11018', '2020-02-18 23:18:09'),
(648, 649, 'AG02007', '2020-02-18 23:18:09'),
(649, 650, 'LH10007', '2020-02-18 23:18:09'),
(650, 651, 'RR16033', '2020-02-18 23:18:09'),
(651, 652, 'CV16047', '2020-02-18 23:18:09'),
(652, 653, 'GN06001', '2020-02-18 23:18:09'),
(653, 654, 'MD13017', '2020-02-18 23:18:09'),
(654, 655, 'HS15019', '2020-02-18 23:18:09'),
(655, 656, 'RG12001', '2020-02-18 23:18:09'),
(656, 657, 'PP08016', '2020-02-18 23:18:09'),
(657, 658, 'OM11003', '2020-02-18 23:18:09'),
(658, 659, 'LJ16001', '2020-02-18 23:18:09'),
(659, 660, 'GL11029', '2020-02-18 23:18:09'),
(660, 661, 'MM16049', '2020-02-18 23:18:09'),
(661, 662, 'AV16002', '2020-02-18 23:18:09'),
(662, 663, 'RT13020', '2020-02-18 23:18:09'),
(663, 664, 'CA12013', '2020-02-18 23:18:09'),
(664, 665, 'HM13002', '2020-02-18 23:18:09'),
(665, 666, 'RA14009', '2020-02-18 23:18:09'),
(666, 667, 'GM11101', '2020-02-18 23:18:09'),
(667, 668, 'HC11047', '2020-02-18 23:18:09'),
(668, 669, 'AB10009', '2020-02-18 23:18:09'),
(669, 670, 'GM12021', '2020-02-18 23:18:09'),
(670, 671, 'JC16009', '2020-02-18 23:18:09'),
(671, 672, 'RN15006', '2020-02-18 23:18:09'),
(672, 673, 'CS16008', '2020-02-18 23:18:09'),
(673, 674, 'ZM12001', '2020-02-18 23:18:09'),
(674, 675, 'MI13002', '2020-02-18 23:18:09'),
(675, 676, 'MR09090', '2020-02-18 23:18:09'),
(676, 677, 'RC10116', '2020-02-18 23:18:09'),
(677, 678, 'HH12013', '2020-02-18 23:18:09'),
(678, 679, 'BA12008', '2020-02-18 23:18:09'),
(679, 680, 'SR14042', '2020-02-18 23:18:09'),
(680, 681, 'AA12031', '2020-02-18 23:18:09'),
(681, 682, 'NR14003', '2020-02-18 23:18:09'),
(682, 683, 'HA10046', '2020-02-18 23:18:09'),
(683, 684, 'AO08005', '2020-02-18 23:18:09'),
(684, 685, 'VJ10004', '2020-02-18 23:18:09'),
(685, 686, 'MC09130', '2020-02-18 23:18:09'),
(686, 687, 'RP10036', '2020-02-18 23:18:09'),
(687, 688, 'MB13002', '2020-02-18 23:18:09'),
(688, 689, 'BC08013', '2020-02-18 23:18:09'),
(689, 690, 'AB12010', '2020-02-18 23:18:09'),
(690, 691, 'AA06017', '2020-02-18 23:18:09'),
(691, 692, 'DB12003', '2020-02-18 23:18:09'),
(692, 693, 'RG12009', '2020-02-18 23:18:09'),
(693, 694, 'CL10004', '2020-02-18 23:18:09'),
(694, 695, 'MM11221', '2020-02-18 23:18:09'),
(695, 696, 'RR10019', '2020-02-18 23:18:09'),
(696, 697, 'PH12010', '2020-02-18 23:18:09'),
(697, 698, 'MA13018', '2020-02-18 23:18:09'),
(698, 699, 'GS16018', '2020-02-18 23:18:09'),
(699, 700, 'AU16007', '2020-02-18 23:18:09'),
(700, 701, 'AA14067', '2020-02-18 23:18:09'),
(701, 702, 'GV12006', '2020-02-18 23:18:09'),
(702, 703, 'MH09042', '2020-02-18 23:18:09'),
(703, 704, 'AA13006', '2020-02-18 23:18:09'),
(704, 705, 'CS12016', '2020-02-18 23:18:09'),
(705, 706, 'BL16001', '2020-02-18 23:18:09'),
(706, 707, 'CP12007', '2020-02-18 23:18:09'),
(707, 708, 'SS06004', '2020-02-18 23:18:09'),
(708, 709, 'GG06011', '2020-02-18 23:18:09'),
(709, 710, 'RL16024', '2020-02-18 23:18:09'),
(710, 711, 'DF09003', '2020-02-18 23:18:09'),
(711, 712, 'LH15004', '2020-02-18 23:18:09'),
(712, 713, 'CM15044', '2020-02-18 23:18:09'),
(713, 714, 'AR14019', '2020-02-18 23:18:09'),
(714, 715, 'CS00021', '2020-02-18 23:18:09'),
(715, 716, 'CR10023', '2020-02-18 23:18:09'),
(716, 717, 'VM15017', '2020-02-18 23:18:09'),
(717, 718, 'NA15005', '2020-02-18 23:18:09'),
(718, 719, 'VG14004', '2020-02-18 23:18:09'),
(719, 720, 'RS11043', '2020-02-18 23:18:09'),
(720, 721, 'JN15001', '2020-02-18 23:18:09'),
(721, 722, 'FN15002', '2020-02-18 23:18:09'),
(722, 723, 'LA04016', '2020-02-18 23:18:09'),
(723, 724, 'RO10003', '2020-02-18 23:18:09'),
(724, 725, 'CC16063', '2020-02-18 23:18:09'),
(725, 726, 'NF12001', '2020-02-18 23:18:09'),
(726, 727, 'PS14031', '2020-02-18 23:18:09'),
(727, 728, 'MC13014', '2020-02-18 23:18:09'),
(728, 729, 'LG15009', '2020-02-18 23:18:09'),
(729, 730, 'DR12004', '2020-02-18 23:18:09'),
(730, 731, 'MH16022', '2020-02-18 23:18:09'),
(731, 732, 'GG10013', '2020-02-18 23:18:09'),
(732, 733, 'PC12016', '2020-02-18 23:18:09'),
(733, 734, 'AR14044', '2020-02-18 23:18:09'),
(734, 735, 'EL16002', '2020-02-18 23:18:09'),
(735, 736, 'MG12004', '2020-02-18 23:18:09'),
(736, 737, 'LC12017', '2020-02-18 23:18:09'),
(737, 738, 'GE14002', '2020-02-18 23:18:09'),
(738, 739, 'AA11002', '2020-02-18 23:18:09'),
(739, 740, 'MG14006', '2020-02-18 23:18:09'),
(740, 741, 'MS15053', '2020-02-18 23:18:09'),
(741, 742, 'DA99003', '2020-02-18 23:18:09'),
(742, 743, 'OA09020', '2020-02-18 23:18:09'),
(743, 744, 'HM10008', '2020-02-18 23:18:09'),
(744, 745, 'EO11002', '2020-02-18 23:18:09'),
(745, 746, 'GL08004', '2020-02-18 23:18:09'),
(746, 747, 'GH06007', '2020-02-18 23:18:09'),
(747, 748, 'UR12003', '2020-02-18 23:18:09'),
(748, 749, 'MJ09016', '2020-02-18 23:18:09'),
(749, 750, 'PA13003', '2020-02-18 23:18:09'),
(750, 751, 'PO15003', '2020-02-18 23:18:09'),
(751, 752, 'PS16010', '2020-02-18 23:18:09'),
(752, 753, 'GS13003', '2020-02-18 23:18:09'),
(753, 754, 'PM11074', '2020-02-18 23:18:09'),
(754, 755, 'SS14030', '2020-02-18 23:18:09'),
(755, 756, 'LP14005', '2020-02-18 23:18:09'),
(756, 757, 'MM14104', '2020-02-18 23:18:09'),
(757, 758, 'RG10035', '2020-02-18 23:18:09'),
(758, 759, 'OR14008', '2020-02-18 23:18:09'),
(759, 760, 'AM16004', '2020-02-18 23:18:09'),
(760, 761, 'FM16006', '2020-02-18 23:18:09'),
(761, 762, 'OZ09001', '2020-02-18 23:18:09'),
(762, 763, 'MR15011', '2020-02-18 23:18:09'),
(763, 764, 'RH07008', '2020-02-18 23:18:09'),
(764, 765, 'PC07003', '2020-02-18 23:18:09'),
(765, 766, 'MR11139', '2020-02-18 23:18:09'),
(766, 767, 'GT11008', '2020-02-18 23:18:09'),
(767, 768, 'MV09055', '2020-02-18 23:18:09'),
(768, 769, 'MA09121', '2020-02-18 23:18:09'),
(769, 770, 'GM16068', '2020-02-18 23:18:09'),
(770, 771, 'HC11009', '2020-02-18 23:18:09'),
(771, 772, 'AH11042', '2020-02-18 23:18:09'),
(772, 773, 'GC13025', '2020-02-18 23:18:09'),
(773, 774, 'HC08022', '2020-02-18 23:18:09'),
(774, 775, 'CB14032', '2020-02-18 23:18:09'),
(775, 776, 'RM11014', '2020-02-18 23:18:09'),
(776, 777, 'RP16052', '2020-02-18 23:18:09'),
(777, 778, 'JH12003', '2020-02-18 23:18:09'),
(778, 779, 'GR11057', '2020-02-18 23:18:09'),
(779, 780, 'MD77003', '2020-02-18 23:18:09'),
(780, 781, 'PT11007', '2020-02-18 23:18:09'),
(781, 782, 'QT12001', '2020-02-18 23:18:09'),
(782, 783, 'MS12016', '2020-02-18 23:18:09'),
(783, 784, 'MC13007', '2020-02-18 23:18:09'),
(784, 785, 'HM11001', '2020-02-18 23:18:09'),
(785, 786, 'LQ12001', '2020-02-18 23:18:09'),
(786, 787, 'GJ14013', '2020-02-18 23:18:09'),
(787, 788, 'CL07001', '2020-02-18 23:18:09'),
(788, 789, 'OS10004', '2020-02-18 23:18:09'),
(789, 790, 'VV12033', '2020-02-18 23:18:09'),
(790, 791, 'TF14001', '2020-02-18 23:18:09'),
(791, 792, 'GM14032', '2020-02-18 23:18:09'),
(792, 793, 'LM10001', '2020-02-18 23:18:09'),
(793, 794, 'CM10074', '2020-02-18 23:18:09'),
(794, 795, 'OR15002', '2020-02-18 23:18:09'),
(795, 796, 'SA16007', '2020-02-18 23:18:09'),
(796, 797, 'BV13003', '2020-02-18 23:18:09'),
(797, 798, 'MT11012', '2020-02-18 23:18:09'),
(798, 799, 'MG16046', '2020-02-18 23:18:09'),
(799, 800, 'DP10004', '2020-02-18 23:18:09'),
(800, 801, 'LV14004', '2020-02-18 23:18:09'),
(801, 802, 'MM09255', '2020-02-18 23:18:10'),
(802, 803, 'MS09065', '2020-02-18 23:18:10'),
(803, 804, 'BA12003', '2020-02-18 23:18:10'),
(804, 805, 'SZ14001', '2020-02-18 23:18:10'),
(805, 806, 'MG12012', '2020-02-18 23:18:10'),
(806, 807, 'NN13002', '2020-02-18 23:18:10'),
(807, 808, 'GR11058', '2020-02-18 23:18:10'),
(808, 809, 'OP15012', '2020-02-18 23:18:10'),
(809, 810, 'CA14002', '2020-02-18 23:18:10'),
(810, 811, 'BB09011', '2020-02-18 23:18:10'),
(811, 812, 'AH15035', '2020-02-18 23:18:10'),
(812, 813, 'GS00029', '2020-02-18 23:18:10'),
(813, 814, 'CF15025', '2020-02-18 23:18:10'),
(814, 815, 'SB12002', '2020-02-18 23:18:10'),
(815, 816, 'PS13003', '2020-02-18 23:18:10'),
(816, 817, 'PG15012', '2020-02-18 23:18:10'),
(817, 818, 'FV16002', '2020-02-18 23:18:10'),
(818, 819, 'RR16121', '2020-02-18 23:18:10'),
(819, 820, 'GG05132', '2020-02-18 23:18:10'),
(820, 821, 'SF08005', '2020-02-18 23:18:10'),
(821, 822, 'TG10008', '2020-02-18 23:18:10'),
(822, 823, 'OL97003', '2020-02-18 23:18:10'),
(823, 824, 'AD08026', '2020-02-18 23:18:10'),
(824, 825, 'VM03014', '2020-02-18 23:18:10'),
(825, 826, 'HM13053', '2020-02-18 23:18:10'),
(826, 827, 'BE10003', '2020-02-18 23:18:10'),
(827, 828, 'DD04006', '2020-02-18 23:18:10'),
(828, 829, 'ZG11004', '2020-02-18 23:18:10'),
(829, 830, 'CS08004', '2020-02-18 23:18:10'),
(830, 831, 'AR11082', '2020-02-18 23:18:10'),
(831, 832, 'PP10005', '2020-02-18 23:18:10'),
(832, 833, 'UL10002', '2020-02-18 23:18:10'),
(833, 834, 'GE11002', '2020-02-18 23:18:10'),
(834, 835, 'MM14074', '2020-02-18 23:18:10'),
(835, 836, 'QR11007', '2020-02-18 23:18:10'),
(836, 837, 'ML09020', '2020-02-18 23:18:10'),
(837, 838, 'TC10010', '2020-02-18 23:18:10'),
(838, 839, 'ZF09001', '2020-02-18 23:18:10'),
(839, 840, 'JR12005', '2020-02-18 23:18:10'),
(840, 841, 'MH08011', '2020-02-18 23:18:10'),
(841, 842, 'JD14004', '2020-02-18 23:18:10'),
(842, 843, 'IG14001', '2020-02-18 23:18:10'),
(843, 844, 'JM16006', '2020-02-18 23:18:10'),
(844, 845, 'PR15033', '2020-02-18 23:18:10'),
(845, 846, 'RR14059', '2020-02-18 23:18:10'),
(846, 847, 'PU16001', '2020-02-18 23:18:10'),
(847, 848, 'MG16039', '2020-02-18 23:18:10'),
(848, 849, 'GS00033', '2020-02-18 23:18:10'),
(849, 850, 'CC02023', '2020-02-18 23:18:10'),
(850, 851, 'LP15004', '2020-02-18 23:18:10'),
(851, 852, 'VR09011', '2020-02-18 23:18:10'),
(852, 853, 'AA06029', '2020-02-18 23:18:10'),
(853, 854, 'LG16008', '2020-02-18 23:18:10'),
(854, 855, 'PZ08002', '2020-02-18 23:18:10'),
(855, 856, 'OG11023', '2020-02-18 23:18:10'),
(856, 857, 'MR16016', '2020-02-18 23:18:10'),
(857, 858, 'SC12016', '2020-02-18 23:18:10'),
(858, 859, 'AM15002', '2020-02-18 23:18:10'),
(859, 860, 'DC06006', '2020-02-18 23:18:10'),
(860, 861, 'GH08026', '2020-02-18 23:18:10'),
(861, 862, 'JP16001', '2020-02-18 23:18:10'),
(862, 863, 'RS16007', '2020-02-18 23:18:10'),
(863, 864, 'CC09133', '2020-02-18 23:18:10'),
(864, 865, 'AR13004', '2020-02-18 23:18:10'),
(865, 866, 'OA14007', '2020-02-18 23:18:10'),
(866, 867, 'AG11012', '2020-02-18 23:18:10'),
(867, 868, 'DM09024', '2020-02-18 23:18:10'),
(868, 869, 'FA10030', '2020-02-18 23:18:10'),
(869, 870, 'CR09036', '2020-02-18 23:18:10'),
(870, 871, 'MI10001', '2020-02-18 23:18:10'),
(871, 872, 'BR14003', '2020-02-18 23:18:10'),
(872, 873, 'LV14005', '2020-02-18 23:18:10'),
(873, 874, 'ES16014', '2020-02-18 23:18:10'),
(874, 875, 'GV12003', '2020-02-18 23:18:10'),
(875, 876, 'SH09011', '2020-02-18 23:18:10'),
(876, 877, 'GR10010', '2020-02-18 23:18:10'),
(877, 878, 'LL08027', '2020-02-18 23:18:10'),
(878, 879, 'PU11001', '2020-02-18 23:18:10'),
(879, 880, 'BG10002', '2020-02-18 23:18:10'),
(880, 881, 'DR98011', '2020-02-18 23:18:10'),
(881, 882, 'SO15008', '2020-02-18 23:18:10'),
(882, 883, 'ML13015', '2020-02-18 23:18:10'),
(883, 884, 'MR14137', '2020-02-18 23:18:10'),
(884, 885, 'MF11043', '2020-02-18 23:18:10'),
(885, 886, 'BR14005', '2020-02-18 23:18:10'),
(886, 887, 'NR08006', '2020-02-18 23:18:10'),
(887, 888, 'EM15001', '2020-02-18 23:18:10'),
(888, 889, 'MM09258', '2020-02-18 23:18:10'),
(889, 890, 'VV10031', '2020-02-18 23:18:10'),
(890, 891, 'CC15043', '2020-02-18 23:18:10'),
(891, 892, 'HC09025', '2020-02-18 23:18:10'),
(892, 893, 'TA14008', '2020-02-18 23:18:10'),
(893, 894, 'AR09062', '2020-02-18 23:18:10'),
(894, 895, 'ZV10001', '2020-02-18 23:18:10'),
(895, 896, 'RM16035', '2020-02-18 23:18:10'),
(896, 897, 'CC12035', '2020-02-18 23:18:10'),
(897, 898, 'MC16006', '2020-02-18 23:18:10'),
(898, 899, 'MV12056', '2020-02-18 23:18:10'),
(899, 900, 'AA10013', '2020-02-18 23:18:10'),
(900, 901, 'SC16001', '2020-02-18 23:18:10'),
(901, 902, 'VE16005', '2020-02-18 23:18:10'),
(902, 903, 'GR15059', '2020-02-18 23:18:10'),
(903, 904, 'CD13001', '2020-02-18 23:18:10'),
(904, 905, 'FG12026', '2020-02-18 23:18:10'),
(905, 906, 'CF07030', '2020-02-18 23:18:10'),
(906, 907, 'GR15064', '2020-02-18 23:18:10'),
(907, 908, 'CZ13016', '2020-02-18 23:18:10'),
(908, 909, 'BL16005', '2020-02-18 23:18:10'),
(909, 910, 'SR13002', '2020-02-18 23:18:10'),
(910, 911, 'DH15007', '2020-02-18 23:18:10'),
(911, 912, 'PD11022', '2020-02-18 23:18:10'),
(912, 913, 'PA13014', '2020-02-18 23:18:10'),
(913, 914, 'JC16004', '2020-02-18 23:18:10'),
(914, 915, 'IA11003', '2020-02-18 23:18:10'),
(915, 916, 'HM05072', '2020-02-18 23:18:10'),
(916, 917, 'HC16041', '2020-02-18 23:18:10'),
(917, 918, 'CG11017', '2020-02-18 23:18:10'),
(918, 919, 'FC08009', '2020-02-18 23:18:10'),
(919, 920, 'NM14001', '2020-02-18 23:18:10'),
(920, 921, 'AB15002', '2020-02-18 23:18:10'),
(921, 922, 'MA10016', '2020-02-18 23:18:10'),
(922, 923, 'NR12007', '2020-02-18 23:18:10');

-- --------------------------------------------------------

--
-- Table structure for table `estudiante_curso`
--

CREATE TABLE `estudiante_curso` (
  `id` int(11) NOT NULL,
  `id_estudiante_plan_estudio` int(11) NOT NULL,
  `id_curso` int(11) NOT NULL,
  `id_periodo_ciclo` int(11) NOT NULL,
  `id_estudiante_estado` int(11) NOT NULL,
  `creado` timestamp NOT NULL DEFAULT current_timestamp() ON UPDATE current_timestamp()
) ENGINE=InnoDB DEFAULT CHARSET=utf8mb4 COLLATE=utf8mb4_unicode_ci;

--
-- Dumping data for table `estudiante_curso`
--

INSERT INTO `estudiante_curso` (`id`, `id_estudiante_plan_estudio`, `id_curso`, `id_periodo_ciclo`, `id_estudiante_estado`, `creado`) VALUES
(1, 1, 238, 22, 51, '2020-02-18 23:18:11'),
(2, 2, 238, 22, 51, '2020-02-18 23:18:11'),
(3, 3, 238, 22, 51, '2020-02-18 23:18:11'),
(4, 4, 238, 22, 51, '2020-02-18 23:18:11'),
(5, 5, 238, 22, 51, '2020-02-18 23:18:11'),
(6, 6, 238, 22, 51, '2020-02-18 23:18:11'),
(7, 7, 238, 22, 51, '2020-02-18 23:18:11'),
(8, 8, 238, 22, 51, '2020-02-18 23:18:11'),
(9, 9, 238, 22, 51, '2020-02-18 23:18:11'),
(10, 10, 238, 22, 51, '2020-02-18 23:18:11'),
(11, 11, 238, 22, 51, '2020-02-18 23:18:11'),
(12, 12, 238, 22, 51, '2020-02-18 23:18:11'),
(13, 13, 238, 22, 51, '2020-02-18 23:18:11'),
(14, 14, 238, 22, 51, '2020-02-18 23:18:11'),
(15, 15, 238, 22, 51, '2020-02-18 23:18:11'),
(16, 16, 238, 22, 51, '2020-02-18 23:18:11'),
(17, 17, 238, 22, 51, '2020-02-18 23:18:11'),
(18, 18, 238, 22, 51, '2020-02-18 23:18:11'),
(19, 19, 238, 22, 51, '2020-02-18 23:18:11'),
(20, 20, 238, 22, 51, '2020-02-18 23:18:11'),
(21, 21, 238, 22, 51, '2020-02-18 23:18:11'),
(22, 22, 238, 22, 51, '2020-02-18 23:18:11'),
(23, 23, 238, 22, 51, '2020-02-18 23:18:11'),
(24, 24, 238, 22, 51, '2020-02-18 23:18:11'),
(25, 25, 238, 22, 51, '2020-02-18 23:18:11'),
(26, 26, 238, 22, 51, '2020-02-18 23:18:11'),
(27, 27, 238, 22, 51, '2020-02-18 23:18:11'),
(28, 28, 238, 22, 51, '2020-02-18 23:18:11'),
(29, 29, 238, 22, 51, '2020-02-18 23:18:11'),
(30, 30, 238, 22, 51, '2020-02-18 23:18:11'),
(31, 31, 238, 22, 51, '2020-02-18 23:18:11'),
(32, 32, 238, 22, 51, '2020-02-18 23:18:11'),
(33, 33, 238, 22, 51, '2020-02-18 23:18:11'),
(34, 34, 238, 22, 51, '2020-02-18 23:18:11'),
(35, 35, 238, 22, 51, '2020-02-18 23:18:11'),
(36, 36, 238, 22, 51, '2020-02-18 23:18:11'),
(37, 37, 238, 22, 51, '2020-02-18 23:18:11'),
(38, 38, 238, 22, 51, '2020-02-18 23:18:11'),
(39, 39, 238, 22, 51, '2020-02-18 23:18:11'),
(40, 40, 238, 22, 51, '2020-02-18 23:18:11'),
(41, 41, 238, 22, 51, '2020-02-18 23:18:11'),
(42, 42, 238, 22, 51, '2020-02-18 23:18:11'),
(43, 43, 238, 22, 51, '2020-02-18 23:18:11'),
(44, 44, 238, 22, 51, '2020-02-18 23:18:11'),
(45, 45, 238, 22, 51, '2020-02-18 23:18:11'),
(46, 46, 238, 22, 51, '2020-02-18 23:18:11'),
(47, 47, 238, 22, 51, '2020-02-18 23:18:11'),
(48, 48, 238, 22, 51, '2020-02-18 23:18:11'),
(49, 49, 238, 22, 51, '2020-02-18 23:18:11'),
(50, 50, 238, 22, 51, '2020-02-18 23:18:11'),
(51, 51, 238, 22, 51, '2020-02-18 23:18:11'),
(52, 52, 238, 22, 51, '2020-02-18 23:18:11'),
(53, 53, 238, 22, 51, '2020-02-18 23:18:11'),
(54, 54, 238, 22, 51, '2020-02-18 23:18:11'),
(55, 55, 238, 22, 51, '2020-02-18 23:18:11'),
(56, 56, 238, 22, 51, '2020-02-18 23:18:11'),
(57, 57, 238, 22, 51, '2020-02-18 23:18:11'),
(58, 58, 253, 22, 51, '2020-02-18 23:18:11'),
(59, 59, 253, 22, 51, '2020-02-18 23:18:11'),
(60, 60, 253, 22, 51, '2020-02-18 23:18:11'),
(61, 61, 253, 22, 51, '2020-02-18 23:18:11'),
(62, 62, 253, 22, 51, '2020-02-18 23:18:11'),
(63, 63, 253, 22, 51, '2020-02-18 23:18:11'),
(64, 64, 253, 22, 51, '2020-02-18 23:18:11'),
(65, 65, 253, 22, 51, '2020-02-18 23:18:11'),
(66, 66, 253, 22, 51, '2020-02-18 23:18:11'),
(67, 67, 253, 22, 51, '2020-02-18 23:18:11'),
(68, 68, 253, 22, 51, '2020-02-18 23:18:11'),
(69, 69, 253, 22, 51, '2020-02-18 23:18:11'),
(70, 70, 253, 22, 51, '2020-02-18 23:18:11'),
(71, 71, 253, 22, 51, '2020-02-18 23:18:11'),
(72, 72, 253, 22, 51, '2020-02-18 23:18:11'),
(73, 73, 253, 22, 51, '2020-02-18 23:18:11'),
(74, 74, 253, 22, 51, '2020-02-18 23:18:11'),
(75, 75, 253, 22, 51, '2020-02-18 23:18:11'),
(76, 76, 253, 22, 51, '2020-02-18 23:18:11'),
(77, 77, 253, 22, 51, '2020-02-18 23:18:11'),
(78, 78, 253, 22, 51, '2020-02-18 23:18:11'),
(79, 79, 253, 22, 51, '2020-02-18 23:18:11'),
(80, 80, 253, 22, 51, '2020-02-18 23:18:11'),
(81, 81, 253, 22, 51, '2020-02-18 23:18:11'),
(82, 82, 253, 22, 51, '2020-02-18 23:18:11'),
(83, 83, 253, 22, 51, '2020-02-18 23:18:11'),
(84, 84, 253, 22, 51, '2020-02-18 23:18:11'),
(85, 85, 253, 22, 51, '2020-02-18 23:18:11'),
(86, 86, 253, 22, 51, '2020-02-18 23:18:11'),
(87, 87, 253, 22, 51, '2020-02-18 23:18:11'),
(88, 88, 253, 22, 51, '2020-02-18 23:18:11'),
(89, 89, 253, 22, 51, '2020-02-18 23:18:11'),
(90, 90, 253, 22, 51, '2020-02-18 23:18:11'),
(91, 91, 253, 22, 51, '2020-02-18 23:18:11'),
(92, 92, 253, 22, 51, '2020-02-18 23:18:11'),
(93, 93, 253, 22, 51, '2020-02-18 23:18:11'),
(94, 94, 253, 22, 51, '2020-02-18 23:18:11'),
(95, 95, 253, 22, 51, '2020-02-18 23:18:11'),
(96, 96, 253, 22, 51, '2020-02-18 23:18:11'),
(97, 97, 253, 22, 51, '2020-02-18 23:18:11'),
(98, 98, 253, 22, 51, '2020-02-18 23:18:11'),
(99, 99, 253, 22, 51, '2020-02-18 23:18:11'),
(100, 100, 253, 22, 51, '2020-02-18 23:18:11'),
(101, 101, 253, 22, 51, '2020-02-18 23:18:12'),
(102, 102, 253, 22, 51, '2020-02-18 23:18:12'),
(103, 103, 253, 22, 51, '2020-02-18 23:18:12'),
(104, 104, 253, 22, 51, '2020-02-18 23:18:12'),
(105, 105, 253, 22, 51, '2020-02-18 23:18:12'),
(106, 106, 253, 22, 51, '2020-02-18 23:18:12'),
(107, 107, 253, 22, 51, '2020-02-18 23:18:12'),
(108, 108, 253, 22, 51, '2020-02-18 23:18:12'),
(109, 109, 253, 22, 51, '2020-02-18 23:18:12'),
(110, 110, 253, 22, 51, '2020-02-18 23:18:12'),
(111, 111, 253, 22, 51, '2020-02-18 23:18:12'),
(112, 112, 270, 22, 51, '2020-02-18 23:18:12'),
(113, 113, 270, 22, 51, '2020-02-18 23:18:12'),
(114, 114, 270, 22, 51, '2020-02-18 23:18:12'),
(115, 115, 270, 22, 51, '2020-02-18 23:18:12'),
(116, 116, 270, 22, 51, '2020-02-18 23:18:12'),
(117, 117, 270, 22, 51, '2020-02-18 23:18:12'),
(118, 118, 270, 22, 51, '2020-02-18 23:18:12'),
(119, 119, 270, 22, 51, '2020-02-18 23:18:12'),
(120, 120, 270, 22, 51, '2020-02-18 23:18:12'),
(121, 121, 270, 22, 51, '2020-02-18 23:18:12'),
(122, 122, 270, 22, 51, '2020-02-18 23:18:12'),
(123, 123, 270, 22, 51, '2020-02-18 23:18:12'),
(124, 124, 270, 22, 51, '2020-02-18 23:18:12'),
(125, 125, 270, 22, 51, '2020-02-18 23:18:12'),
(126, 126, 270, 22, 51, '2020-02-18 23:18:12'),
(127, 127, 270, 22, 51, '2020-02-18 23:18:12'),
(128, 128, 270, 22, 51, '2020-02-18 23:18:12'),
(129, 129, 270, 22, 51, '2020-02-18 23:18:12'),
(130, 130, 270, 22, 51, '2020-02-18 23:18:12'),
(131, 131, 270, 22, 51, '2020-02-18 23:18:12'),
(132, 132, 270, 22, 51, '2020-02-18 23:18:12'),
(133, 133, 270, 22, 51, '2020-02-18 23:18:12'),
(134, 134, 270, 22, 51, '2020-02-18 23:18:12'),
(135, 135, 270, 22, 51, '2020-02-18 23:18:12'),
(136, 136, 270, 22, 51, '2020-02-18 23:18:12'),
(137, 137, 270, 22, 51, '2020-02-18 23:18:12'),
(138, 138, 270, 22, 51, '2020-02-18 23:18:12'),
(139, 139, 270, 22, 51, '2020-02-18 23:18:12'),
(140, 140, 270, 22, 51, '2020-02-18 23:18:12'),
(141, 141, 270, 22, 51, '2020-02-18 23:18:12'),
(142, 142, 270, 22, 51, '2020-02-18 23:18:12'),
(143, 143, 270, 22, 51, '2020-02-18 23:18:12'),
(144, 144, 270, 22, 51, '2020-02-18 23:18:12'),
(145, 145, 270, 22, 51, '2020-02-18 23:18:12'),
(146, 146, 270, 22, 51, '2020-02-18 23:18:12'),
(147, 147, 270, 22, 51, '2020-02-18 23:18:12'),
(148, 148, 270, 22, 51, '2020-02-18 23:18:12'),
(149, 149, 270, 22, 51, '2020-02-18 23:18:12'),
(150, 150, 270, 22, 51, '2020-02-18 23:18:12'),
(151, 151, 270, 22, 51, '2020-02-18 23:18:12'),
(152, 152, 270, 22, 51, '2020-02-18 23:18:12'),
(153, 153, 270, 22, 51, '2020-02-18 23:18:12'),
(154, 154, 270, 22, 51, '2020-02-18 23:18:12'),
(155, 155, 270, 22, 51, '2020-02-18 23:18:12'),
(156, 156, 270, 22, 51, '2020-02-18 23:18:12'),
(157, 157, 270, 22, 51, '2020-02-18 23:18:12'),
(158, 158, 270, 22, 51, '2020-02-18 23:18:12'),
(159, 159, 270, 22, 51, '2020-02-18 23:18:12'),
(160, 160, 270, 22, 51, '2020-02-18 23:18:12'),
(161, 161, 270, 22, 51, '2020-02-18 23:18:12'),
(162, 162, 270, 22, 51, '2020-02-18 23:18:12'),
(163, 163, 286, 22, 51, '2020-02-18 23:18:12'),
(164, 164, 286, 22, 51, '2020-02-18 23:18:12'),
(165, 165, 286, 22, 51, '2020-02-18 23:18:12'),
(166, 166, 286, 22, 51, '2020-02-18 23:18:12'),
(167, 167, 286, 22, 51, '2020-02-18 23:18:12'),
(168, 168, 286, 22, 51, '2020-02-18 23:18:12'),
(169, 169, 286, 22, 51, '2020-02-18 23:18:12'),
(170, 170, 286, 22, 51, '2020-02-18 23:18:12'),
(171, 171, 286, 22, 51, '2020-02-18 23:18:12'),
(172, 172, 286, 22, 51, '2020-02-18 23:18:12'),
(173, 173, 286, 22, 51, '2020-02-18 23:18:12'),
(174, 174, 286, 22, 51, '2020-02-18 23:18:12'),
(175, 175, 286, 22, 51, '2020-02-18 23:18:12'),
(176, 176, 286, 22, 51, '2020-02-18 23:18:12'),
(177, 177, 286, 22, 51, '2020-02-18 23:18:12'),
(178, 178, 286, 22, 51, '2020-02-18 23:18:12'),
(179, 179, 286, 22, 51, '2020-02-18 23:18:12'),
(180, 180, 286, 22, 51, '2020-02-18 23:18:12'),
(181, 181, 286, 22, 51, '2020-02-18 23:18:12'),
(182, 182, 286, 22, 51, '2020-02-18 23:18:12'),
(183, 183, 286, 22, 51, '2020-02-18 23:18:12'),
(184, 184, 286, 22, 51, '2020-02-18 23:18:12'),
(185, 185, 286, 22, 51, '2020-02-18 23:18:12'),
(186, 186, 286, 22, 51, '2020-02-18 23:18:12'),
(187, 187, 286, 22, 51, '2020-02-18 23:18:12'),
(188, 188, 286, 22, 51, '2020-02-18 23:18:12'),
(189, 189, 286, 22, 51, '2020-02-18 23:18:12'),
(190, 190, 286, 22, 51, '2020-02-18 23:18:12'),
(191, 191, 286, 22, 51, '2020-02-18 23:18:12'),
(192, 192, 286, 22, 51, '2020-02-18 23:18:12'),
(193, 193, 286, 22, 51, '2020-02-18 23:18:12'),
(194, 194, 286, 22, 51, '2020-02-18 23:18:12'),
(195, 195, 286, 22, 51, '2020-02-18 23:18:12'),
(196, 196, 286, 22, 51, '2020-02-18 23:18:12'),
(197, 197, 286, 22, 51, '2020-02-18 23:18:12'),
(198, 198, 286, 22, 51, '2020-02-18 23:18:12'),
(199, 199, 286, 22, 51, '2020-02-18 23:18:12'),
(200, 200, 286, 22, 51, '2020-02-18 23:18:12'),
(201, 201, 286, 22, 51, '2020-02-18 23:18:12'),
(202, 202, 286, 22, 51, '2020-02-18 23:18:12'),
(203, 203, 286, 22, 51, '2020-02-18 23:18:12'),
(204, 204, 286, 22, 51, '2020-02-18 23:18:12'),
(205, 205, 286, 22, 51, '2020-02-18 23:18:12'),
(206, 206, 286, 22, 51, '2020-02-18 23:18:12'),
(207, 207, 286, 22, 51, '2020-02-18 23:18:12'),
(208, 208, 286, 22, 51, '2020-02-18 23:18:12'),
(209, 209, 286, 22, 51, '2020-02-18 23:18:12'),
(210, 210, 286, 22, 51, '2020-02-18 23:18:12'),
(211, 211, 286, 22, 51, '2020-02-18 23:18:12'),
(212, 212, 286, 22, 51, '2020-02-18 23:18:12'),
(213, 213, 286, 22, 51, '2020-02-18 23:18:12'),
(214, 214, 286, 22, 51, '2020-02-18 23:18:12'),
(215, 215, 286, 22, 51, '2020-02-18 23:18:12'),
(216, 216, 286, 22, 51, '2020-02-18 23:18:12'),
(217, 217, 286, 22, 51, '2020-02-18 23:18:12'),
(218, 218, 286, 22, 51, '2020-02-18 23:18:12');

-- --------------------------------------------------------

--
-- Table structure for table `estudiante_estado`
--

CREATE TABLE `estudiante_estado` (
  `id` int(11) NOT NULL,
  `tipo` varchar(25) COLLATE utf8mb4_unicode_ci NOT NULL,
  `codigo` varchar(50) COLLATE utf8mb4_unicode_ci NOT NULL,
  `nombre` varchar(255) COLLATE utf8mb4_unicode_ci NOT NULL,
  `descripcion` varchar(500) COLLATE utf8mb4_unicode_ci DEFAULT NULL,
  `creado` timestamp NOT NULL DEFAULT current_timestamp() ON UPDATE current_timestamp()
) ENGINE=InnoDB DEFAULT CHARSET=utf8mb4 COLLATE=utf8mb4_unicode_ci COMMENT='estudiante\naprobado\nreprobado\nretiro\nreingreso\nen_resolucion';

--
-- Dumping data for table `estudiante_estado`
--

INSERT INTO `estudiante_estado` (`id`, `tipo`, `codigo`, `nombre`, `descripcion`, `creado`) VALUES
(43, 'plan_estudio', 'activo', 'Activo', NULL, '2020-02-18 23:18:01'),
(44, 'plan_estudio', 'inactivo', 'Inactivo', NULL, '2020-02-18 23:18:01'),
(45, 'plan_estudio', 'egresado', 'Egresado', NULL, '2020-02-18 23:18:01'),
(46, 'plan_estudio', 'titulado', 'Titulado', NULL, '2020-02-18 23:18:01'),
(47, 'plan_estudio', 'reserva', 'Reserva de matrícula', NULL, '2020-02-18 23:18:01'),
(48, 'plan_estudio', 'abandono', 'Abandono', NULL, '2020-02-18 23:18:01'),
(49, 'plan_estudio', 'reingreso', 'Reingreso', NULL, '2020-02-18 23:18:01'),
(50, 'plan_estudio', 'cambio', 'Cambio de carrera', NULL, '2020-02-18 23:18:01'),
(51, 'curso', 'estudiante', 'Estudiante', NULL, '2020-02-18 23:18:01'),
(52, 'curso', 'retirado', 'Retirado', NULL, '2020-02-18 23:18:01'),
(53, 'curso', 'aprobado', 'Aprobado', NULL, '2020-02-18 23:18:01'),
(54, 'curso', 'reprobado', 'Reprobado', NULL, '2020-02-18 23:18:01'),
(55, 'curso', 'resolución', 'En resolución', NULL, '2020-02-18 23:18:01'),
(56, 'curso', 'anulada', 'Inscripcion anulada', NULL, '2020-02-18 23:18:01');

-- --------------------------------------------------------

--
-- Table structure for table `estudiante_estado_bitacora`
--

CREATE TABLE `estudiante_estado_bitacora` (
  `id` int(11) NOT NULL,
  `id_estudiante_plan_estudio` int(11) NOT NULL,
  `id_estudiante_estado` int(11) NOT NULL,
  `creado` timestamp NOT NULL DEFAULT current_timestamp() ON UPDATE current_timestamp()
) ENGINE=InnoDB DEFAULT CHARSET=utf8mb4 COLLATE=utf8mb4_unicode_ci;

-- --------------------------------------------------------

--
-- Table structure for table `estudiante_plan_estudio`
--

CREATE TABLE `estudiante_plan_estudio` (
  `id` int(11) NOT NULL,
  `id_estudiante` int(11) NOT NULL,
  `id_plan_estudio` int(11) NOT NULL,
  `id_estudiante_estado` int(11) NOT NULL,
  `cum` decimal(8,2) NOT NULL DEFAULT 0.00,
  `creado` timestamp NOT NULL DEFAULT current_timestamp() ON UPDATE current_timestamp()
) ENGINE=InnoDB DEFAULT CHARSET=utf8mb4 COLLATE=utf8mb4_unicode_ci;

--
-- Dumping data for table `estudiante_plan_estudio`
--

INSERT INTO `estudiante_plan_estudio` (`id`, `id_estudiante`, `id_plan_estudio`, `id_estudiante_estado`, `cum`, `creado`) VALUES
(1, 1, 4, 43, '7.00', '2020-02-18 23:18:08'),
(2, 2, 4, 43, '6.50', '2020-02-18 23:18:08'),
(3, 3, 4, 43, '6.80', '2020-02-18 23:18:08'),
(4, 4, 4, 43, '7.47', '2020-02-18 23:18:08'),
(5, 5, 4, 43, '9.04', '2020-02-18 23:18:08'),
(6, 6, 4, 43, '7.76', '2020-02-18 23:18:08'),
(7, 7, 4, 43, '7.46', '2020-02-18 23:18:08'),
(8, 8, 4, 43, '7.09', '2020-02-18 23:18:08'),
(9, 9, 4, 43, '7.46', '2020-02-18 23:18:08'),
(10, 10, 4, 43, '8.45', '2020-02-18 23:18:08'),
(11, 11, 4, 43, '7.45', '2020-02-18 23:18:08'),
(12, 12, 4, 43, '8.37', '2020-02-18 23:18:08'),
(13, 13, 4, 43, '6.85', '2020-02-18 23:18:08'),
(14, 14, 4, 43, '7.25', '2020-02-18 23:18:08'),
(15, 15, 4, 43, '8.65', '2020-02-18 23:18:08'),
(16, 16, 4, 43, '8.52', '2020-02-18 23:18:08'),
(17, 17, 4, 43, '6.83', '2020-02-18 23:18:08'),
(18, 18, 4, 43, '8.04', '2020-02-18 23:18:08'),
(19, 19, 4, 43, '7.41', '2020-02-18 23:18:08'),
(20, 20, 4, 43, '8.18', '2020-02-18 23:18:08'),
(21, 21, 4, 43, '7.51', '2020-02-18 23:18:08'),
(22, 22, 4, 43, '6.93', '2020-02-18 23:18:08'),
(23, 23, 4, 43, '8.21', '2020-02-18 23:18:08'),
(24, 24, 4, 43, '7.76', '2020-02-18 23:18:08'),
(25, 25, 4, 43, '8.13', '2020-02-18 23:18:08'),
(26, 26, 4, 43, '6.96', '2020-02-18 23:18:08'),
(27, 27, 4, 43, '8.33', '2020-02-18 23:18:08'),
(28, 28, 4, 43, '7.91', '2020-02-18 23:18:08'),
(29, 29, 4, 43, '8.58', '2020-02-18 23:18:08'),
(30, 30, 4, 43, '6.54', '2020-02-18 23:18:08'),
(31, 31, 4, 43, '7.12', '2020-02-18 23:18:08'),
(32, 32, 4, 43, '7.29', '2020-02-18 23:18:08'),
(33, 33, 4, 43, '7.51', '2020-02-18 23:18:08'),
(34, 34, 4, 43, '9.13', '2020-02-18 23:18:08'),
(35, 35, 4, 43, '6.41', '2020-02-18 23:18:08'),
(36, 36, 4, 43, '6.98', '2020-02-18 23:18:08'),
(37, 37, 4, 43, '7.54', '2020-02-18 23:18:08'),
(38, 38, 4, 43, '8.35', '2020-02-18 23:18:08'),
(39, 39, 4, 43, '6.71', '2020-02-18 23:18:08'),
(40, 40, 4, 43, '7.31', '2020-02-18 23:18:08'),
(41, 41, 4, 43, '7.29', '2020-02-18 23:18:08'),
(42, 42, 4, 43, '7.45', '2020-02-18 23:18:08'),
(43, 43, 4, 43, '8.15', '2020-02-18 23:18:08'),
(44, 44, 4, 43, '7.47', '2020-02-18 23:18:08'),
(45, 45, 4, 43, '6.70', '2020-02-18 23:18:08'),
(46, 46, 4, 43, '7.87', '2020-02-18 23:18:08'),
(47, 47, 4, 43, '8.00', '2020-02-18 23:18:08'),
(48, 48, 4, 43, '6.73', '2020-02-18 23:18:08'),
(49, 49, 4, 43, '7.01', '2020-02-18 23:18:08'),
(50, 50, 4, 43, '7.89', '2020-02-18 23:18:08'),
(51, 51, 4, 43, '8.58', '2020-02-18 23:18:08'),
(52, 52, 4, 43, '8.18', '2020-02-18 23:18:08'),
(53, 53, 4, 43, '6.88', '2020-02-18 23:18:08'),
(54, 54, 4, 43, '7.00', '2020-02-18 23:18:08'),
(55, 55, 4, 43, '7.26', '2020-02-18 23:18:08'),
(56, 56, 4, 43, '7.17', '2020-02-18 23:18:08'),
(57, 57, 4, 43, '7.39', '2020-02-18 23:18:08'),
(58, 58, 4, 43, '7.94', '2020-02-18 23:18:08'),
(59, 59, 4, 43, '7.47', '2020-02-18 23:18:08'),
(60, 60, 4, 43, '7.59', '2020-02-18 23:18:08'),
(61, 61, 4, 43, '7.89', '2020-02-18 23:18:08'),
(62, 62, 4, 43, '8.78', '2020-02-18 23:18:08'),
(63, 63, 4, 43, '8.73', '2020-02-18 23:18:08'),
(64, 64, 4, 43, '7.02', '2020-02-18 23:18:08'),
(65, 65, 4, 43, '7.65', '2020-02-18 23:18:08'),
(66, 66, 4, 43, '7.69', '2020-02-18 23:18:08'),
(67, 67, 4, 43, '8.24', '2020-02-18 23:18:08'),
(68, 68, 4, 43, '8.53', '2020-02-18 23:18:08'),
(69, 69, 4, 43, '7.55', '2020-02-18 23:18:08'),
(70, 70, 4, 43, '7.77', '2020-02-18 23:18:08'),
(71, 71, 4, 43, '7.72', '2020-02-18 23:18:08'),
(72, 72, 4, 43, '7.87', '2020-02-18 23:18:08'),
(73, 73, 4, 43, '8.17', '2020-02-18 23:18:08'),
(74, 74, 4, 43, '7.88', '2020-02-18 23:18:08'),
(75, 75, 4, 43, '7.70', '2020-02-18 23:18:08'),
(76, 76, 4, 43, '7.69', '2020-02-18 23:18:08'),
(77, 77, 4, 43, '7.79', '2020-02-18 23:18:08'),
(78, 78, 4, 43, '7.77', '2020-02-18 23:18:08'),
(79, 79, 4, 43, '8.49', '2020-02-18 23:18:08'),
(80, 80, 4, 43, '7.28', '2020-02-18 23:18:08'),
(81, 81, 4, 43, '9.01', '2020-02-18 23:18:08'),
(82, 82, 4, 43, '6.83', '2020-02-18 23:18:08'),
(83, 83, 4, 43, '8.67', '2020-02-18 23:18:08'),
(84, 84, 4, 43, '7.60', '2020-02-18 23:18:08'),
(85, 85, 4, 43, '7.03', '2020-02-18 23:18:08'),
(86, 86, 4, 43, '8.70', '2020-02-18 23:18:08'),
(87, 87, 4, 43, '7.31', '2020-02-18 23:18:08'),
(88, 88, 4, 43, '8.29', '2020-02-18 23:18:08'),
(89, 89, 4, 43, '7.00', '2020-02-18 23:18:08'),
(90, 90, 4, 43, '8.22', '2020-02-18 23:18:08'),
(91, 91, 4, 43, '8.42', '2020-02-18 23:18:08'),
(92, 92, 4, 43, '8.20', '2020-02-18 23:18:08'),
(93, 93, 4, 43, '7.63', '2020-02-18 23:18:08'),
(94, 94, 4, 43, '7.33', '2020-02-18 23:18:08'),
(95, 95, 4, 43, '7.89', '2020-02-18 23:18:08'),
(96, 96, 4, 43, '8.75', '2020-02-18 23:18:08'),
(97, 97, 4, 43, '7.24', '2020-02-18 23:18:08'),
(98, 98, 4, 43, '7.80', '2020-02-18 23:18:08'),
(99, 99, 4, 43, '7.68', '2020-02-18 23:18:08'),
(100, 100, 4, 43, '6.47', '2020-02-18 23:18:08'),
(101, 101, 4, 43, '7.30', '2020-02-18 23:18:08'),
(102, 102, 4, 43, '7.41', '2020-02-18 23:18:08'),
(103, 103, 4, 43, '7.36', '2020-02-18 23:18:08'),
(104, 104, 4, 43, '7.83', '2020-02-18 23:18:08'),
(105, 105, 4, 43, '6.62', '2020-02-18 23:18:08'),
(106, 106, 4, 43, '6.68', '2020-02-18 23:18:08'),
(107, 107, 4, 43, '7.72', '2020-02-18 23:18:08'),
(108, 108, 4, 43, '7.47', '2020-02-18 23:18:08'),
(109, 109, 4, 43, '7.86', '2020-02-18 23:18:08'),
(110, 110, 4, 43, '7.51', '2020-02-18 23:18:08'),
(111, 111, 4, 43, '8.00', '2020-02-18 23:18:08'),
(112, 112, 4, 43, '7.67', '2020-02-18 23:18:08'),
(113, 113, 4, 43, '7.36', '2020-02-18 23:18:08'),
(114, 114, 4, 43, '6.85', '2020-02-18 23:18:08'),
(115, 115, 4, 43, '7.46', '2020-02-18 23:18:08'),
(116, 116, 4, 43, '7.03', '2020-02-18 23:18:08'),
(117, 117, 4, 43, '7.64', '2020-02-18 23:18:08'),
(118, 118, 4, 43, '7.13', '2020-02-18 23:18:08'),
(119, 119, 4, 43, '8.10', '2020-02-18 23:18:08'),
(120, 120, 4, 43, '7.81', '2020-02-18 23:18:08'),
(121, 121, 4, 43, '7.75', '2020-02-18 23:18:08'),
(122, 122, 4, 43, '8.00', '2020-02-18 23:18:08'),
(123, 123, 4, 43, '6.91', '2020-02-18 23:18:08'),
(124, 124, 4, 43, '8.11', '2020-02-18 23:18:08'),
(125, 125, 4, 43, '8.84', '2020-02-18 23:18:08'),
(126, 126, 4, 43, '7.14', '2020-02-18 23:18:08'),
(127, 127, 4, 43, '7.37', '2020-02-18 23:18:08'),
(128, 128, 4, 43, '8.37', '2020-02-18 23:18:08'),
(129, 129, 4, 43, '8.27', '2020-02-18 23:18:08'),
(130, 130, 4, 43, '8.28', '2020-02-18 23:18:08'),
(131, 131, 4, 43, '7.94', '2020-02-18 23:18:08'),
(132, 132, 4, 43, '7.93', '2020-02-18 23:18:08'),
(133, 133, 4, 43, '7.28', '2020-02-18 23:18:08'),
(134, 134, 4, 43, '6.99', '2020-02-18 23:18:08'),
(135, 135, 4, 43, '7.49', '2020-02-18 23:18:08'),
(136, 136, 4, 43, '6.61', '2020-02-18 23:18:08'),
(137, 137, 4, 43, '6.97', '2020-02-18 23:18:08'),
(138, 138, 4, 43, '8.41', '2020-02-18 23:18:08'),
(139, 139, 4, 43, '8.32', '2020-02-18 23:18:08'),
(140, 140, 4, 43, '8.31', '2020-02-18 23:18:08'),
(141, 141, 4, 43, '6.69', '2020-02-18 23:18:08'),
(142, 142, 4, 43, '7.95', '2020-02-18 23:18:08'),
(143, 143, 4, 43, '7.65', '2020-02-18 23:18:08'),
(144, 144, 4, 43, '8.29', '2020-02-18 23:18:08'),
(145, 145, 4, 43, '8.16', '2020-02-18 23:18:08'),
(146, 146, 4, 43, '7.88', '2020-02-18 23:18:08'),
(147, 147, 4, 43, '6.94', '2020-02-18 23:18:08'),
(148, 148, 4, 43, '7.12', '2020-02-18 23:18:08'),
(149, 149, 4, 43, '8.89', '2020-02-18 23:18:08'),
(150, 150, 4, 43, '6.25', '2020-02-18 23:18:08'),
(151, 151, 4, 43, '8.03', '2020-02-18 23:18:08'),
(152, 152, 4, 43, '7.46', '2020-02-18 23:18:08'),
(153, 153, 4, 43, '7.08', '2020-02-18 23:18:08'),
(154, 154, 4, 43, '7.93', '2020-02-18 23:18:08'),
(155, 155, 4, 43, '8.10', '2020-02-18 23:18:08'),
(156, 156, 4, 43, '7.62', '2020-02-18 23:18:08'),
(157, 157, 4, 43, '7.98', '2020-02-18 23:18:08'),
(158, 158, 4, 43, '7.20', '2020-02-18 23:18:08'),
(159, 159, 4, 43, '7.03', '2020-02-18 23:18:08'),
(160, 160, 4, 43, '7.66', '2020-02-18 23:18:08'),
(161, 161, 4, 43, '4.02', '2020-02-18 23:18:08'),
(162, 162, 4, 43, '7.13', '2020-02-18 23:18:08'),
(163, 163, 4, 43, '7.71', '2020-02-18 23:18:08'),
(164, 164, 4, 43, '7.49', '2020-02-18 23:18:08'),
(165, 165, 4, 43, '6.85', '2020-02-18 23:18:08'),
(166, 166, 4, 43, '6.87', '2020-02-18 23:18:08'),
(167, 167, 4, 43, '7.30', '2020-02-18 23:18:08'),
(168, 168, 4, 43, '6.98', '2020-02-18 23:18:08'),
(169, 169, 4, 43, '8.52', '2020-02-18 23:18:08'),
(170, 170, 4, 43, '7.11', '2020-02-18 23:18:08'),
(171, 171, 4, 43, '8.89', '2020-02-18 23:18:08'),
(172, 172, 4, 43, '8.10', '2020-02-18 23:18:08'),
(173, 173, 4, 43, '8.06', '2020-02-18 23:18:08'),
(174, 174, 4, 43, '8.00', '2020-02-18 23:18:08'),
(175, 175, 4, 43, '8.25', '2020-02-18 23:18:08'),
(176, 176, 4, 43, '7.64', '2020-02-18 23:18:08'),
(177, 177, 4, 43, '8.53', '2020-02-18 23:18:08'),
(178, 178, 4, 43, '7.95', '2020-02-18 23:18:08'),
(179, 179, 4, 43, '7.87', '2020-02-18 23:18:08'),
(180, 180, 4, 43, '7.12', '2020-02-18 23:18:08'),
(181, 181, 4, 43, '6.75', '2020-02-18 23:18:08'),
(182, 182, 4, 43, '7.41', '2020-02-18 23:18:08'),
(183, 183, 4, 43, '7.20', '2020-02-18 23:18:08'),
(184, 184, 4, 43, '7.25', '2020-02-18 23:18:08'),
(185, 185, 4, 43, '7.75', '2020-02-18 23:18:08'),
(186, 186, 4, 43, '8.43', '2020-02-18 23:18:08'),
(187, 187, 4, 43, '7.95', '2020-02-18 23:18:08'),
(188, 188, 4, 43, '7.78', '2020-02-18 23:18:08'),
(189, 189, 4, 43, '7.39', '2020-02-18 23:18:08'),
(190, 190, 4, 43, '6.26', '2020-02-18 23:18:08'),
(191, 191, 4, 43, '7.65', '2020-02-18 23:18:08'),
(192, 192, 4, 43, '8.21', '2020-02-18 23:18:08'),
(193, 193, 4, 43, '6.90', '2020-02-18 23:18:08'),
(194, 194, 4, 43, '8.53', '2020-02-18 23:18:08'),
(195, 195, 4, 43, '8.02', '2020-02-18 23:18:08'),
(196, 196, 4, 43, '8.10', '2020-02-18 23:18:08'),
(197, 197, 4, 43, '7.75', '2020-02-18 23:18:08'),
(198, 198, 4, 43, '8.98', '2020-02-18 23:18:08'),
(199, 199, 4, 43, '9.44', '2020-02-18 23:18:08'),
(200, 200, 4, 43, '8.95', '2020-02-18 23:18:08'),
(201, 201, 4, 43, '8.10', '2020-02-18 23:18:08'),
(202, 202, 4, 43, '7.21', '2020-02-18 23:18:08'),
(203, 203, 4, 43, '8.24', '2020-02-18 23:18:08'),
(204, 204, 4, 43, '7.03', '2020-02-18 23:18:08'),
(205, 205, 4, 43, '7.42', '2020-02-18 23:18:08'),
(206, 206, 4, 43, '7.08', '2020-02-18 23:18:08'),
(207, 207, 4, 43, '6.62', '2020-02-18 23:18:08'),
(208, 208, 4, 43, '6.63', '2020-02-18 23:18:08'),
(209, 209, 4, 43, '6.10', '2020-02-18 23:18:08'),
(210, 210, 4, 43, '7.68', '2020-02-18 23:18:08'),
(211, 211, 4, 43, '8.47', '2020-02-18 23:18:08'),
(212, 212, 4, 43, '8.15', '2020-02-18 23:18:08'),
(213, 213, 4, 43, '7.40', '2020-02-18 23:18:08'),
(214, 214, 4, 43, '8.13', '2020-02-18 23:18:08'),
(215, 215, 4, 43, '7.24', '2020-02-18 23:18:08'),
(216, 216, 4, 43, '6.77', '2020-02-18 23:18:08'),
(217, 217, 4, 43, '8.04', '2020-02-18 23:18:08'),
(218, 218, 4, 43, '5.73', '2020-02-18 23:18:08'),
(219, 219, 4, 43, '6.61', '2020-02-18 23:18:08'),
(220, 220, 4, 43, '8.17', '2020-02-18 23:18:08'),
(221, 221, 4, 43, '7.93', '2020-02-18 23:18:08'),
(222, 222, 4, 43, '7.08', '2020-02-18 23:18:08'),
(223, 223, 4, 43, '7.06', '2020-02-18 23:18:08'),
(224, 224, 4, 43, '8.28', '2020-02-18 23:18:08'),
(225, 225, 4, 43, '7.98', '2020-02-18 23:18:08'),
(226, 226, 4, 43, '6.72', '2020-02-18 23:18:08'),
(227, 227, 4, 43, '8.46', '2020-02-18 23:18:08'),
(228, 228, 4, 43, '6.86', '2020-02-18 23:18:08'),
(229, 229, 4, 43, '8.26', '2020-02-18 23:18:08'),
(230, 230, 4, 43, '7.37', '2020-02-18 23:18:08'),
(231, 231, 4, 43, '9.22', '2020-02-18 23:18:08'),
(232, 232, 4, 43, '7.40', '2020-02-18 23:18:08'),
(233, 233, 4, 43, '9.15', '2020-02-18 23:18:08'),
(234, 234, 4, 43, '8.18', '2020-02-18 23:18:08'),
(235, 235, 4, 43, '6.93', '2020-02-18 23:18:08'),
(236, 236, 4, 43, '7.42', '2020-02-18 23:18:08'),
(237, 237, 4, 43, '8.61', '2020-02-18 23:18:08'),
(238, 238, 4, 43, '8.09', '2020-02-18 23:18:08'),
(239, 239, 4, 43, '7.76', '2020-02-18 23:18:08'),
(240, 240, 4, 43, '8.59', '2020-02-18 23:18:08'),
(241, 241, 4, 43, '6.93', '2020-02-18 23:18:08'),
(242, 242, 4, 43, '7.77', '2020-02-18 23:18:08'),
(243, 243, 4, 43, '7.43', '2020-02-18 23:18:08'),
(244, 244, 4, 43, '8.71', '2020-02-18 23:18:08'),
(245, 245, 4, 43, '8.14', '2020-02-18 23:18:08'),
(246, 246, 4, 43, '6.61', '2020-02-18 23:18:08'),
(247, 247, 4, 43, '6.08', '2020-02-18 23:18:08'),
(248, 248, 4, 43, '8.51', '2020-02-18 23:18:08'),
(249, 249, 4, 43, '7.05', '2020-02-18 23:18:08'),
(250, 250, 4, 43, '7.63', '2020-02-18 23:18:08'),
(251, 251, 4, 43, '8.02', '2020-02-18 23:18:08'),
(252, 252, 4, 43, '7.96', '2020-02-18 23:18:08'),
(253, 253, 4, 43, '7.12', '2020-02-18 23:18:08'),
(254, 254, 4, 43, '6.96', '2020-02-18 23:18:08'),
(255, 255, 4, 43, '5.91', '2020-02-18 23:18:08'),
(256, 256, 4, 43, '7.24', '2020-02-18 23:18:08'),
(257, 257, 4, 43, '7.68', '2020-02-18 23:18:08'),
(258, 258, 4, 43, '6.63', '2020-02-18 23:18:08'),
(259, 259, 4, 43, '7.58', '2020-02-18 23:18:08'),
(260, 260, 4, 43, '7.64', '2020-02-18 23:18:08'),
(261, 261, 4, 43, '6.98', '2020-02-18 23:18:08'),
(262, 262, 4, 43, '6.23', '2020-02-18 23:18:08'),
(263, 263, 4, 43, '7.80', '2020-02-18 23:18:08'),
(264, 264, 4, 43, '7.76', '2020-02-18 23:18:08'),
(265, 265, 4, 43, '7.61', '2020-02-18 23:18:08'),
(266, 266, 4, 43, '8.46', '2020-02-18 23:18:08'),
(267, 267, 4, 43, '7.42', '2020-02-18 23:18:08'),
(268, 268, 4, 43, '7.16', '2020-02-18 23:18:08'),
(269, 269, 4, 43, '9.14', '2020-02-18 23:18:08'),
(270, 270, 4, 43, '7.92', '2020-02-18 23:18:08'),
(271, 271, 4, 43, '7.16', '2020-02-18 23:18:08'),
(272, 272, 4, 43, '6.87', '2020-02-18 23:18:08'),
(273, 273, 4, 43, '8.21', '2020-02-18 23:18:08'),
(274, 274, 4, 43, '6.61', '2020-02-18 23:18:08'),
(275, 275, 4, 43, '6.80', '2020-02-18 23:18:08'),
(276, 276, 4, 43, '6.76', '2020-02-18 23:18:08'),
(277, 277, 4, 43, '6.98', '2020-02-18 23:18:08'),
(278, 278, 4, 43, '6.81', '2020-02-18 23:18:08'),
(279, 279, 4, 43, '8.88', '2020-02-18 23:18:08'),
(280, 280, 4, 43, '7.35', '2020-02-18 23:18:08'),
(281, 281, 4, 43, '7.05', '2020-02-18 23:18:08'),
(282, 282, 4, 43, '8.26', '2020-02-18 23:18:08'),
(283, 283, 4, 43, '7.26', '2020-02-18 23:18:08'),
(284, 284, 4, 43, '7.35', '2020-02-18 23:18:08'),
(285, 285, 4, 43, '8.32', '2020-02-18 23:18:08'),
(286, 286, 4, 43, '6.65', '2020-02-18 23:18:08'),
(287, 287, 4, 43, '6.34', '2020-02-18 23:18:08'),
(288, 288, 4, 43, '7.81', '2020-02-18 23:18:08'),
(289, 289, 4, 43, '6.76', '2020-02-18 23:18:08'),
(290, 290, 4, 43, '7.34', '2020-02-18 23:18:08'),
(291, 291, 4, 43, '6.27', '2020-02-18 23:18:08'),
(292, 292, 4, 43, '7.87', '2020-02-18 23:18:08'),
(293, 293, 4, 43, '7.99', '2020-02-18 23:18:08'),
(294, 294, 4, 43, '6.36', '2020-02-18 23:18:08'),
(295, 295, 4, 43, '7.45', '2020-02-18 23:18:08'),
(296, 296, 4, 43, '7.88', '2020-02-18 23:18:08'),
(297, 297, 4, 43, '8.09', '2020-02-18 23:18:08'),
(298, 298, 4, 43, '7.83', '2020-02-18 23:18:08'),
(299, 299, 4, 43, '7.79', '2020-02-18 23:18:08'),
(300, 300, 4, 43, '6.75', '2020-02-18 23:18:08'),
(301, 301, 4, 43, '8.22', '2020-02-18 23:18:08'),
(302, 302, 4, 43, '8.13', '2020-02-18 23:18:08'),
(303, 303, 4, 43, '7.78', '2020-02-18 23:18:08'),
(304, 304, 4, 43, '8.13', '2020-02-18 23:18:08'),
(305, 305, 4, 43, '6.93', '2020-02-18 23:18:08'),
(306, 306, 4, 43, '6.75', '2020-02-18 23:18:08'),
(307, 307, 4, 43, '7.12', '2020-02-18 23:18:08'),
(308, 308, 4, 43, '8.62', '2020-02-18 23:18:08'),
(309, 309, 4, 43, '7.01', '2020-02-18 23:18:08'),
(310, 310, 4, 43, '7.93', '2020-02-18 23:18:08'),
(311, 311, 4, 43, '8.89', '2020-02-18 23:18:08'),
(312, 312, 4, 43, '7.34', '2020-02-18 23:18:08'),
(313, 313, 4, 43, '7.59', '2020-02-18 23:18:08'),
(314, 314, 4, 43, '6.10', '2020-02-18 23:18:08'),
(315, 315, 4, 43, '7.51', '2020-02-18 23:18:08'),
(316, 316, 4, 43, '7.63', '2020-02-18 23:18:08'),
(317, 317, 4, 43, '8.18', '2020-02-18 23:18:08'),
(318, 318, 4, 43, '7.19', '2020-02-18 23:18:08'),
(319, 319, 4, 43, '8.46', '2020-02-18 23:18:08'),
(320, 320, 4, 43, '8.88', '2020-02-18 23:18:08'),
(321, 321, 4, 43, '8.39', '2020-02-18 23:18:08'),
(322, 322, 4, 43, '7.02', '2020-02-18 23:18:08'),
(323, 323, 4, 43, '8.43', '2020-02-18 23:18:08'),
(324, 324, 4, 43, '7.72', '2020-02-18 23:18:08'),
(325, 325, 4, 43, '7.60', '2020-02-18 23:18:08'),
(326, 326, 4, 43, '8.11', '2020-02-18 23:18:08'),
(327, 327, 4, 43, '7.47', '2020-02-18 23:18:08'),
(328, 328, 4, 43, '7.88', '2020-02-18 23:18:08'),
(329, 329, 4, 43, '7.95', '2020-02-18 23:18:08'),
(330, 330, 4, 43, '6.80', '2020-02-18 23:18:08'),
(331, 331, 4, 43, '7.73', '2020-02-18 23:18:08'),
(332, 332, 4, 43, '7.30', '2020-02-18 23:18:08'),
(333, 333, 4, 43, '7.29', '2020-02-18 23:18:08'),
(334, 334, 4, 43, '6.76', '2020-02-18 23:18:08'),
(335, 335, 4, 43, '7.74', '2020-02-18 23:18:08'),
(336, 336, 4, 43, '7.00', '2020-02-18 23:18:08'),
(337, 337, 4, 43, '8.18', '2020-02-18 23:18:08'),
(338, 338, 4, 43, '7.76', '2020-02-18 23:18:08'),
(339, 339, 4, 43, '9.29', '2020-02-18 23:18:08'),
(340, 340, 4, 43, '7.28', '2020-02-18 23:18:08'),
(341, 341, 4, 43, '7.42', '2020-02-18 23:18:08'),
(342, 342, 4, 43, '8.21', '2020-02-18 23:18:08'),
(343, 343, 4, 43, '6.30', '2020-02-18 23:18:08'),
(344, 344, 4, 43, '7.81', '2020-02-18 23:18:08'),
(345, 345, 4, 43, '6.59', '2020-02-18 23:18:08'),
(346, 346, 4, 43, '5.63', '2020-02-18 23:18:08'),
(347, 347, 4, 43, '8.46', '2020-02-18 23:18:08'),
(348, 348, 4, 43, '7.54', '2020-02-18 23:18:08'),
(349, 349, 4, 43, '6.99', '2020-02-18 23:18:08'),
(350, 350, 4, 43, '6.68', '2020-02-18 23:18:08'),
(351, 351, 4, 43, '7.50', '2020-02-18 23:18:08'),
(352, 352, 4, 43, '6.69', '2020-02-18 23:18:08'),
(353, 353, 4, 43, '8.07', '2020-02-18 23:18:08'),
(354, 354, 4, 43, '8.33', '2020-02-18 23:18:08'),
(355, 355, 4, 43, '8.12', '2020-02-18 23:18:08'),
(356, 356, 4, 43, '8.08', '2020-02-18 23:18:08'),
(357, 357, 4, 43, '8.67', '2020-02-18 23:18:08'),
(358, 358, 4, 43, '7.99', '2020-02-18 23:18:08'),
(359, 359, 4, 43, '6.85', '2020-02-18 23:18:08'),
(360, 360, 4, 43, '8.13', '2020-02-18 23:18:08'),
(361, 361, 4, 43, '8.17', '2020-02-18 23:18:08'),
(362, 362, 4, 43, '9.25', '2020-02-18 23:18:08'),
(363, 363, 4, 43, '6.18', '2020-02-18 23:18:08'),
(364, 364, 4, 43, '7.55', '2020-02-18 23:18:08'),
(365, 365, 4, 43, '7.93', '2020-02-18 23:18:08'),
(366, 366, 4, 43, '7.57', '2020-02-18 23:18:08'),
(367, 367, 4, 43, '8.60', '2020-02-18 23:18:08'),
(368, 368, 4, 43, '8.07', '2020-02-18 23:18:08'),
(369, 369, 4, 43, '7.36', '2020-02-18 23:18:08'),
(370, 370, 4, 43, '7.54', '2020-02-18 23:18:08'),
(371, 371, 4, 43, '7.64', '2020-02-18 23:18:08'),
(372, 372, 4, 43, '7.35', '2020-02-18 23:18:08'),
(373, 373, 4, 43, '7.21', '2020-02-18 23:18:08'),
(374, 374, 4, 43, '6.96', '2020-02-18 23:18:08'),
(375, 375, 4, 43, '8.05', '2020-02-18 23:18:08'),
(376, 376, 4, 43, '8.28', '2020-02-18 23:18:08'),
(377, 377, 4, 43, '8.19', '2020-02-18 23:18:08'),
(378, 378, 4, 43, '7.53', '2020-02-18 23:18:08'),
(379, 379, 4, 43, '8.15', '2020-02-18 23:18:08'),
(380, 380, 4, 43, '7.26', '2020-02-18 23:18:08'),
(381, 381, 4, 43, '6.18', '2020-02-18 23:18:08'),
(382, 382, 4, 43, '8.00', '2020-02-18 23:18:08'),
(383, 383, 4, 43, '7.98', '2020-02-18 23:18:08'),
(384, 384, 4, 43, '8.54', '2020-02-18 23:18:08'),
(385, 385, 4, 43, '7.12', '2020-02-18 23:18:08'),
(386, 386, 4, 43, '7.97', '2020-02-18 23:18:08'),
(387, 387, 4, 43, '7.19', '2020-02-18 23:18:08'),
(388, 388, 4, 43, '7.08', '2020-02-18 23:18:08'),
(389, 389, 4, 43, '6.61', '2020-02-18 23:18:08'),
(390, 390, 4, 43, '7.89', '2020-02-18 23:18:08'),
(391, 391, 4, 43, '7.29', '2020-02-18 23:18:08'),
(392, 392, 4, 43, '7.88', '2020-02-18 23:18:08'),
(393, 393, 4, 43, '6.98', '2020-02-18 23:18:08'),
(394, 394, 4, 43, '8.44', '2020-02-18 23:18:08'),
(395, 395, 4, 43, '6.66', '2020-02-18 23:18:08'),
(396, 396, 4, 43, '8.17', '2020-02-18 23:18:08'),
(397, 397, 4, 43, '7.07', '2020-02-18 23:18:08'),
(398, 398, 4, 43, '6.92', '2020-02-18 23:18:08'),
(399, 399, 4, 43, '8.21', '2020-02-18 23:18:08'),
(400, 400, 4, 43, '7.94', '2020-02-18 23:18:08'),
(401, 401, 4, 43, '7.89', '2020-02-18 23:18:09'),
(402, 402, 4, 43, '7.36', '2020-02-18 23:18:09'),
(403, 403, 4, 43, '7.67', '2020-02-18 23:18:09'),
(404, 404, 4, 43, '7.23', '2020-02-18 23:18:09'),
(405, 405, 4, 43, '8.63', '2020-02-18 23:18:09'),
(406, 406, 4, 43, '6.98', '2020-02-18 23:18:09'),
(407, 407, 4, 43, '8.01', '2020-02-18 23:18:09'),
(408, 408, 4, 43, '6.52', '2020-02-18 23:18:09'),
(409, 409, 4, 43, '7.59', '2020-02-18 23:18:09'),
(410, 410, 4, 43, '7.74', '2020-02-18 23:18:09'),
(411, 411, 4, 43, '7.82', '2020-02-18 23:18:09'),
(412, 412, 4, 43, '7.73', '2020-02-18 23:18:09'),
(413, 413, 4, 43, '7.53', '2020-02-18 23:18:09'),
(414, 414, 4, 43, '8.23', '2020-02-18 23:18:09'),
(415, 415, 4, 43, '6.39', '2020-02-18 23:18:09'),
(416, 416, 4, 43, '6.97', '2020-02-18 23:18:09'),
(417, 417, 4, 43, '6.89', '2020-02-18 23:18:09'),
(418, 418, 4, 43, '7.71', '2020-02-18 23:18:09'),
(419, 419, 4, 43, '7.00', '2020-02-18 23:18:09'),
(420, 420, 4, 43, '8.32', '2020-02-18 23:18:09'),
(421, 421, 4, 43, '7.63', '2020-02-18 23:18:09'),
(422, 422, 4, 43, '6.78', '2020-02-18 23:18:09'),
(423, 423, 4, 43, '6.42', '2020-02-18 23:18:09'),
(424, 424, 4, 43, '8.01', '2020-02-18 23:18:09'),
(425, 425, 4, 43, '7.99', '2020-02-18 23:18:09'),
(426, 426, 4, 43, '7.05', '2020-02-18 23:18:09'),
(427, 427, 4, 43, '7.79', '2020-02-18 23:18:09'),
(428, 428, 4, 43, '7.45', '2020-02-18 23:18:09'),
(429, 429, 4, 43, '8.08', '2020-02-18 23:18:09'),
(430, 430, 4, 43, '8.98', '2020-02-18 23:18:09'),
(431, 431, 4, 43, '7.77', '2020-02-18 23:18:09'),
(432, 432, 4, 43, '7.35', '2020-02-18 23:18:09'),
(433, 433, 4, 43, '6.81', '2020-02-18 23:18:09'),
(434, 434, 4, 43, '8.53', '2020-02-18 23:18:09'),
(435, 435, 4, 43, '7.25', '2020-02-18 23:18:09'),
(436, 436, 4, 43, '7.43', '2020-02-18 23:18:09'),
(437, 437, 4, 43, '8.93', '2020-02-18 23:18:09'),
(438, 438, 4, 43, '7.33', '2020-02-18 23:18:09'),
(439, 439, 4, 43, '6.86', '2020-02-18 23:18:09'),
(440, 440, 4, 43, '7.73', '2020-02-18 23:18:09'),
(441, 441, 4, 43, '6.83', '2020-02-18 23:18:09'),
(442, 442, 4, 43, '7.43', '2020-02-18 23:18:09'),
(443, 443, 4, 43, '6.93', '2020-02-18 23:18:09'),
(444, 444, 4, 43, '7.65', '2020-02-18 23:18:09'),
(445, 445, 4, 43, '7.91', '2020-02-18 23:18:09'),
(446, 446, 4, 43, '8.22', '2020-02-18 23:18:09'),
(447, 447, 4, 43, '7.43', '2020-02-18 23:18:09'),
(448, 448, 4, 43, '7.43', '2020-02-18 23:18:09'),
(449, 449, 4, 43, '8.52', '2020-02-18 23:18:09'),
(450, 450, 4, 43, '8.58', '2020-02-18 23:18:09'),
(451, 451, 4, 43, '7.73', '2020-02-18 23:18:09'),
(452, 452, 4, 43, '7.82', '2020-02-18 23:18:09'),
(453, 453, 4, 43, '7.57', '2020-02-18 23:18:09'),
(454, 454, 4, 43, '7.01', '2020-02-18 23:18:09'),
(455, 455, 4, 43, '7.43', '2020-02-18 23:18:09'),
(456, 456, 4, 43, '7.30', '2020-02-18 23:18:09'),
(457, 457, 4, 43, '6.38', '2020-02-18 23:18:09'),
(458, 458, 4, 43, '7.45', '2020-02-18 23:18:09'),
(459, 459, 4, 43, '7.44', '2020-02-18 23:18:09'),
(460, 460, 4, 43, '7.43', '2020-02-18 23:18:09'),
(461, 461, 4, 43, '5.61', '2020-02-18 23:18:09'),
(462, 462, 4, 43, '7.86', '2020-02-18 23:18:09'),
(463, 463, 4, 43, '8.54', '2020-02-18 23:18:09'),
(464, 464, 4, 43, '7.26', '2020-02-18 23:18:09'),
(465, 465, 4, 43, '7.67', '2020-02-18 23:18:09'),
(466, 466, 4, 43, '8.06', '2020-02-18 23:18:09'),
(467, 467, 4, 43, '7.60', '2020-02-18 23:18:09'),
(468, 468, 4, 43, '6.14', '2020-02-18 23:18:09'),
(469, 469, 4, 43, '7.11', '2020-02-18 23:18:09'),
(470, 470, 4, 43, '7.00', '2020-02-18 23:18:09'),
(471, 471, 4, 43, '7.56', '2020-02-18 23:18:09'),
(472, 472, 4, 43, '6.71', '2020-02-18 23:18:09'),
(473, 473, 4, 43, '7.11', '2020-02-18 23:18:09'),
(474, 474, 4, 43, '8.65', '2020-02-18 23:18:09'),
(475, 475, 4, 43, '7.90', '2020-02-18 23:18:09'),
(476, 476, 4, 43, '8.39', '2020-02-18 23:18:09'),
(477, 477, 4, 43, '7.32', '2020-02-18 23:18:09'),
(478, 478, 4, 43, '7.33', '2020-02-18 23:18:09'),
(479, 479, 4, 43, '9.07', '2020-02-18 23:18:09'),
(480, 480, 4, 43, '7.44', '2020-02-18 23:18:09'),
(481, 481, 4, 43, '7.70', '2020-02-18 23:18:09'),
(482, 482, 4, 43, '7.55', '2020-02-18 23:18:09'),
(483, 483, 4, 43, '7.74', '2020-02-18 23:18:09'),
(484, 484, 4, 43, '8.12', '2020-02-18 23:18:09'),
(485, 485, 4, 43, '8.03', '2020-02-18 23:18:09'),
(486, 486, 4, 43, '7.59', '2020-02-18 23:18:09'),
(487, 487, 4, 43, '9.06', '2020-02-18 23:18:09'),
(488, 488, 4, 43, '7.31', '2020-02-18 23:18:09'),
(489, 489, 4, 43, '8.02', '2020-02-18 23:18:09'),
(490, 490, 4, 43, '7.99', '2020-02-18 23:18:09'),
(491, 491, 4, 43, '6.99', '2020-02-18 23:18:09'),
(492, 492, 4, 43, '6.84', '2020-02-18 23:18:09'),
(493, 493, 4, 43, '7.28', '2020-02-18 23:18:09'),
(494, 494, 4, 43, '7.90', '2020-02-18 23:18:09'),
(495, 495, 4, 43, '8.81', '2020-02-18 23:18:09'),
(496, 496, 4, 43, '8.15', '2020-02-18 23:18:09'),
(497, 497, 4, 43, '7.67', '2020-02-18 23:18:09'),
(498, 498, 4, 43, '7.71', '2020-02-18 23:18:09'),
(499, 499, 4, 43, '8.70', '2020-02-18 23:18:09'),
(500, 500, 4, 43, '8.37', '2020-02-18 23:18:09'),
(501, 501, 4, 43, '8.48', '2020-02-18 23:18:09'),
(502, 502, 4, 43, '7.22', '2020-02-18 23:18:09'),
(503, 503, 4, 43, '6.55', '2020-02-18 23:18:09'),
(504, 504, 4, 43, '8.66', '2020-02-18 23:18:09'),
(505, 505, 4, 43, '8.92', '2020-02-18 23:18:09'),
(506, 506, 4, 43, '8.76', '2020-02-18 23:18:09'),
(507, 507, 4, 43, '8.54', '2020-02-18 23:18:09'),
(508, 508, 4, 43, '7.47', '2020-02-18 23:18:09'),
(509, 509, 4, 43, '7.04', '2020-02-18 23:18:09'),
(510, 510, 4, 43, '8.28', '2020-02-18 23:18:09'),
(511, 511, 4, 43, '8.12', '2020-02-18 23:18:09'),
(512, 512, 4, 43, '8.80', '2020-02-18 23:18:09'),
(513, 513, 4, 43, '6.99', '2020-02-18 23:18:09'),
(514, 514, 4, 43, '8.50', '2020-02-18 23:18:09'),
(515, 515, 4, 43, '7.30', '2020-02-18 23:18:09'),
(516, 516, 4, 43, '7.52', '2020-02-18 23:18:09'),
(517, 517, 4, 43, '6.96', '2020-02-18 23:18:09'),
(518, 518, 4, 43, '7.05', '2020-02-18 23:18:09'),
(519, 519, 4, 43, '7.42', '2020-02-18 23:18:09'),
(520, 520, 4, 43, '7.10', '2020-02-18 23:18:09'),
(521, 521, 4, 43, '8.13', '2020-02-18 23:18:09'),
(522, 522, 4, 43, '8.43', '2020-02-18 23:18:09'),
(523, 523, 4, 43, '8.06', '2020-02-18 23:18:09'),
(524, 524, 4, 43, '7.02', '2020-02-18 23:18:09'),
(525, 525, 4, 43, '7.58', '2020-02-18 23:18:09'),
(526, 526, 4, 43, '8.29', '2020-02-18 23:18:09'),
(527, 527, 4, 43, '7.60', '2020-02-18 23:18:09'),
(528, 528, 4, 43, '7.76', '2020-02-18 23:18:09'),
(529, 529, 4, 43, '7.03', '2020-02-18 23:18:09'),
(530, 530, 4, 43, '6.73', '2020-02-18 23:18:09'),
(531, 531, 4, 43, '7.79', '2020-02-18 23:18:09'),
(532, 532, 4, 43, '7.09', '2020-02-18 23:18:09'),
(533, 533, 4, 43, '7.54', '2020-02-18 23:18:09'),
(534, 534, 4, 43, '6.53', '2020-02-18 23:18:09'),
(535, 535, 4, 43, '7.37', '2020-02-18 23:18:09'),
(536, 536, 4, 43, '6.29', '2020-02-18 23:18:09'),
(537, 537, 4, 43, '7.23', '2020-02-18 23:18:09'),
(538, 538, 4, 43, '9.17', '2020-02-18 23:18:09'),
(539, 539, 4, 43, '8.45', '2020-02-18 23:18:09'),
(540, 540, 4, 43, '7.26', '2020-02-18 23:18:09'),
(541, 541, 4, 43, '8.44', '2020-02-18 23:18:09'),
(542, 542, 4, 43, '7.33', '2020-02-18 23:18:09'),
(543, 543, 4, 43, '8.05', '2020-02-18 23:18:09'),
(544, 544, 4, 43, '6.82', '2020-02-18 23:18:09'),
(545, 545, 4, 43, '7.39', '2020-02-18 23:18:09'),
(546, 546, 4, 43, '7.46', '2020-02-18 23:18:09'),
(547, 547, 4, 43, '7.35', '2020-02-18 23:18:09'),
(548, 548, 4, 43, '7.66', '2020-02-18 23:18:09'),
(549, 549, 4, 43, '6.93', '2020-02-18 23:18:09'),
(550, 550, 4, 43, '8.31', '2020-02-18 23:18:09'),
(551, 551, 4, 43, '8.68', '2020-02-18 23:18:09'),
(552, 552, 4, 43, '6.16', '2020-02-18 23:18:09'),
(553, 553, 4, 43, '8.28', '2020-02-18 23:18:09'),
(554, 554, 4, 43, '7.50', '2020-02-18 23:18:09'),
(555, 555, 4, 43, '7.24', '2020-02-18 23:18:09'),
(556, 556, 4, 43, '7.43', '2020-02-18 23:18:09'),
(557, 557, 4, 43, '7.99', '2020-02-18 23:18:09'),
(558, 558, 4, 43, '8.19', '2020-02-18 23:18:09'),
(559, 559, 4, 43, '7.95', '2020-02-18 23:18:09'),
(560, 560, 4, 43, '8.25', '2020-02-18 23:18:09'),
(561, 561, 4, 43, '7.03', '2020-02-18 23:18:09'),
(562, 562, 4, 43, '6.93', '2020-02-18 23:18:09'),
(563, 563, 4, 43, '6.64', '2020-02-18 23:18:09'),
(564, 564, 4, 43, '7.57', '2020-02-18 23:18:09'),
(565, 565, 4, 43, '8.32', '2020-02-18 23:18:09'),
(566, 566, 4, 43, '7.69', '2020-02-18 23:18:09'),
(567, 567, 4, 43, '7.28', '2020-02-18 23:18:09'),
(568, 568, 4, 43, '8.42', '2020-02-18 23:18:09'),
(569, 569, 4, 43, '8.30', '2020-02-18 23:18:09'),
(570, 570, 4, 43, '8.44', '2020-02-18 23:18:09'),
(571, 571, 4, 43, '9.28', '2020-02-18 23:18:09'),
(572, 572, 4, 43, '8.22', '2020-02-18 23:18:09'),
(573, 573, 4, 43, '9.52', '2020-02-18 23:18:09'),
(574, 574, 4, 43, '7.43', '2020-02-18 23:18:09'),
(575, 575, 4, 43, '9.20', '2020-02-18 23:18:09'),
(576, 576, 4, 43, '7.44', '2020-02-18 23:18:09'),
(577, 577, 4, 43, '7.36', '2020-02-18 23:18:09'),
(578, 578, 4, 43, '7.74', '2020-02-18 23:18:09'),
(579, 579, 4, 43, '8.38', '2020-02-18 23:18:09'),
(580, 580, 4, 43, '8.88', '2020-02-18 23:18:09'),
(581, 581, 4, 43, '8.02', '2020-02-18 23:18:09'),
(582, 582, 4, 43, '8.84', '2020-02-18 23:18:09'),
(583, 583, 4, 43, '6.11', '2020-02-18 23:18:09'),
(584, 584, 4, 43, '8.25', '2020-02-18 23:18:09'),
(585, 585, 4, 43, '7.62', '2020-02-18 23:18:09'),
(586, 586, 4, 43, '7.00', '2020-02-18 23:18:09'),
(587, 587, 4, 43, '7.53', '2020-02-18 23:18:09'),
(588, 588, 4, 43, '9.32', '2020-02-18 23:18:09'),
(589, 589, 4, 43, '7.15', '2020-02-18 23:18:09'),
(590, 590, 4, 43, '7.71', '2020-02-18 23:18:09'),
(591, 591, 4, 43, '6.88', '2020-02-18 23:18:09'),
(592, 592, 4, 43, '6.86', '2020-02-18 23:18:09'),
(593, 593, 4, 43, '7.83', '2020-02-18 23:18:09'),
(594, 594, 4, 43, '7.22', '2020-02-18 23:18:09'),
(595, 595, 4, 43, '7.75', '2020-02-18 23:18:09'),
(596, 596, 4, 43, '8.13', '2020-02-18 23:18:09'),
(597, 597, 4, 43, '7.58', '2020-02-18 23:18:09'),
(598, 598, 4, 43, '7.46', '2020-02-18 23:18:09'),
(599, 599, 4, 43, '7.57', '2020-02-18 23:18:09'),
(600, 600, 4, 43, '6.88', '2020-02-18 23:18:09'),
(601, 601, 4, 43, '6.92', '2020-02-18 23:18:09'),
(602, 602, 4, 43, '8.18', '2020-02-18 23:18:09'),
(603, 603, 4, 43, '7.18', '2020-02-18 23:18:09'),
(604, 604, 4, 43, '7.08', '2020-02-18 23:18:09'),
(605, 605, 4, 43, '7.20', '2020-02-18 23:18:09'),
(606, 606, 4, 43, '7.46', '2020-02-18 23:18:09'),
(607, 607, 4, 43, '7.49', '2020-02-18 23:18:09'),
(608, 608, 4, 43, '7.21', '2020-02-18 23:18:09'),
(609, 609, 4, 43, '8.09', '2020-02-18 23:18:09'),
(610, 610, 4, 43, '7.97', '2020-02-18 23:18:09'),
(611, 611, 4, 43, '6.44', '2020-02-18 23:18:09'),
(612, 612, 4, 43, '7.64', '2020-02-18 23:18:09'),
(613, 613, 4, 43, '8.33', '2020-02-18 23:18:09'),
(614, 614, 4, 43, '8.68', '2020-02-18 23:18:09'),
(615, 615, 4, 43, '8.00', '2020-02-18 23:18:09'),
(616, 616, 4, 43, '7.45', '2020-02-18 23:18:09'),
(617, 617, 4, 43, '7.57', '2020-02-18 23:18:09'),
(618, 618, 4, 43, '7.84', '2020-02-18 23:18:09'),
(619, 619, 4, 43, '7.07', '2020-02-18 23:18:09'),
(620, 620, 4, 43, '7.28', '2020-02-18 23:18:09'),
(621, 621, 4, 43, '7.96', '2020-02-18 23:18:09'),
(622, 622, 4, 43, '5.92', '2020-02-18 23:18:09'),
(623, 623, 4, 43, '5.91', '2020-02-18 23:18:09'),
(624, 624, 4, 43, '7.98', '2020-02-18 23:18:09'),
(625, 625, 4, 43, '8.12', '2020-02-18 23:18:09'),
(626, 626, 4, 43, '7.62', '2020-02-18 23:18:09'),
(627, 627, 4, 43, '6.27', '2020-02-18 23:18:09'),
(628, 628, 4, 43, '7.47', '2020-02-18 23:18:09'),
(629, 629, 4, 43, '8.06', '2020-02-18 23:18:09'),
(630, 630, 4, 43, '8.72', '2020-02-18 23:18:09'),
(631, 631, 4, 43, '7.72', '2020-02-18 23:18:09'),
(632, 632, 4, 43, '8.05', '2020-02-18 23:18:09'),
(633, 633, 4, 43, '7.15', '2020-02-18 23:18:09'),
(634, 634, 4, 43, '7.53', '2020-02-18 23:18:09'),
(635, 635, 4, 43, '7.26', '2020-02-18 23:18:09'),
(636, 636, 4, 43, '7.01', '2020-02-18 23:18:09'),
(637, 637, 4, 43, '7.99', '2020-02-18 23:18:09'),
(638, 638, 4, 43, '8.28', '2020-02-18 23:18:09'),
(639, 639, 4, 43, '7.55', '2020-02-18 23:18:09'),
(640, 640, 4, 43, '7.96', '2020-02-18 23:18:09'),
(641, 641, 4, 43, '7.36', '2020-02-18 23:18:09'),
(642, 642, 4, 43, '6.74', '2020-02-18 23:18:09'),
(643, 643, 4, 43, '6.84', '2020-02-18 23:18:09'),
(644, 644, 4, 43, '7.27', '2020-02-18 23:18:09'),
(645, 645, 4, 43, '7.06', '2020-02-18 23:18:09'),
(646, 646, 4, 43, '7.49', '2020-02-18 23:18:09'),
(647, 647, 4, 43, '8.28', '2020-02-18 23:18:09'),
(648, 648, 4, 43, '8.66', '2020-02-18 23:18:09'),
(649, 649, 4, 43, '8.55', '2020-02-18 23:18:09'),
(650, 650, 4, 43, '7.54', '2020-02-18 23:18:09'),
(651, 651, 4, 43, '6.54', '2020-02-18 23:18:09'),
(652, 652, 4, 43, '7.01', '2020-02-18 23:18:09'),
(653, 653, 4, 43, '7.55', '2020-02-18 23:18:09'),
(654, 654, 4, 43, '8.46', '2020-02-18 23:18:09'),
(655, 655, 4, 43, '8.36', '2020-02-18 23:18:09'),
(656, 656, 4, 43, '8.03', '2020-02-18 23:18:09'),
(657, 657, 4, 43, '6.98', '2020-02-18 23:18:09'),
(658, 658, 4, 43, '6.95', '2020-02-18 23:18:09'),
(659, 659, 4, 43, '6.78', '2020-02-18 23:18:09'),
(660, 660, 4, 43, '8.18', '2020-02-18 23:18:09'),
(661, 661, 4, 43, '8.42', '2020-02-18 23:18:09'),
(662, 662, 4, 43, '7.95', '2020-02-18 23:18:09'),
(663, 663, 4, 43, '6.72', '2020-02-18 23:18:09'),
(664, 664, 4, 43, '7.08', '2020-02-18 23:18:09'),
(665, 665, 4, 43, '7.48', '2020-02-18 23:18:09'),
(666, 666, 4, 43, '7.52', '2020-02-18 23:18:09'),
(667, 667, 4, 43, '7.66', '2020-02-18 23:18:09'),
(668, 668, 4, 43, '8.88', '2020-02-18 23:18:09'),
(669, 669, 4, 43, '6.55', '2020-02-18 23:18:09'),
(670, 670, 4, 43, '8.11', '2020-02-18 23:18:09'),
(671, 671, 4, 43, '6.37', '2020-02-18 23:18:09'),
(672, 672, 4, 43, '8.21', '2020-02-18 23:18:09'),
(673, 673, 4, 43, '8.12', '2020-02-18 23:18:09'),
(674, 674, 4, 43, '8.07', '2020-02-18 23:18:09'),
(675, 675, 4, 43, '6.77', '2020-02-18 23:18:09'),
(676, 676, 4, 43, '6.52', '2020-02-18 23:18:09'),
(677, 677, 4, 43, '7.90', '2020-02-18 23:18:09'),
(678, 678, 4, 43, '7.36', '2020-02-18 23:18:09'),
(679, 679, 4, 43, '8.96', '2020-02-18 23:18:09'),
(680, 680, 4, 43, '8.99', '2020-02-18 23:18:09'),
(681, 681, 4, 43, '7.45', '2020-02-18 23:18:09'),
(682, 682, 4, 43, '7.28', '2020-02-18 23:18:09'),
(683, 683, 4, 43, '7.01', '2020-02-18 23:18:09'),
(684, 684, 4, 43, '7.35', '2020-02-18 23:18:09'),
(685, 685, 4, 43, '7.34', '2020-02-18 23:18:09'),
(686, 686, 4, 43, '7.18', '2020-02-18 23:18:09'),
(687, 687, 4, 43, '6.79', '2020-02-18 23:18:09'),
(688, 688, 4, 43, '6.00', '2020-02-18 23:18:09'),
(689, 689, 4, 43, '7.68', '2020-02-18 23:18:09'),
(690, 690, 4, 43, '9.53', '2020-02-18 23:18:09'),
(691, 691, 4, 43, '9.10', '2020-02-18 23:18:09'),
(692, 692, 4, 43, '7.72', '2020-02-18 23:18:09'),
(693, 693, 4, 43, '6.66', '2020-02-18 23:18:09'),
(694, 694, 4, 43, '7.98', '2020-02-18 23:18:09'),
(695, 695, 4, 43, '8.26', '2020-02-18 23:18:09'),
(696, 696, 4, 43, '7.59', '2020-02-18 23:18:09'),
(697, 697, 4, 43, '7.94', '2020-02-18 23:18:09'),
(698, 698, 4, 43, '8.39', '2020-02-18 23:18:09'),
(699, 699, 4, 43, '7.58', '2020-02-18 23:18:09'),
(700, 700, 4, 43, '7.31', '2020-02-18 23:18:09'),
(701, 701, 4, 43, '9.41', '2020-02-18 23:18:09'),
(702, 702, 4, 43, '6.22', '2020-02-18 23:18:09'),
(703, 703, 4, 43, '7.72', '2020-02-18 23:18:09'),
(704, 704, 4, 43, '7.34', '2020-02-18 23:18:09'),
(705, 705, 4, 43, '6.26', '2020-02-18 23:18:09'),
(706, 706, 4, 43, '8.28', '2020-02-18 23:18:09'),
(707, 707, 4, 43, '7.63', '2020-02-18 23:18:09'),
(708, 708, 4, 43, '8.17', '2020-02-18 23:18:09'),
(709, 709, 4, 43, '7.66', '2020-02-18 23:18:09'),
(710, 710, 4, 43, '6.68', '2020-02-18 23:18:09'),
(711, 711, 4, 43, '7.75', '2020-02-18 23:18:09'),
(712, 712, 4, 43, '7.37', '2020-02-18 23:18:09'),
(713, 713, 4, 43, '8.88', '2020-02-18 23:18:09'),
(714, 714, 4, 43, '8.11', '2020-02-18 23:18:09'),
(715, 715, 4, 43, '8.67', '2020-02-18 23:18:09'),
(716, 716, 4, 43, '5.93', '2020-02-18 23:18:09'),
(717, 717, 4, 43, '8.12', '2020-02-18 23:18:09'),
(718, 718, 4, 43, '6.96', '2020-02-18 23:18:09'),
(719, 719, 4, 43, '7.98', '2020-02-18 23:18:09'),
(720, 720, 4, 43, '7.71', '2020-02-18 23:18:09'),
(721, 721, 4, 43, '7.02', '2020-02-18 23:18:09'),
(722, 722, 4, 43, '7.49', '2020-02-18 23:18:09'),
(723, 723, 4, 43, '8.07', '2020-02-18 23:18:09'),
(724, 724, 4, 43, '9.13', '2020-02-18 23:18:09'),
(725, 725, 4, 43, '8.26', '2020-02-18 23:18:09'),
(726, 726, 4, 43, '8.46', '2020-02-18 23:18:09'),
(727, 727, 4, 43, '7.99', '2020-02-18 23:18:09'),
(728, 728, 4, 43, '6.40', '2020-02-18 23:18:09'),
(729, 729, 4, 43, '7.58', '2020-02-18 23:18:09'),
(730, 730, 4, 43, '7.95', '2020-02-18 23:18:09'),
(731, 731, 4, 43, '7.80', '2020-02-18 23:18:09'),
(732, 732, 4, 43, '6.68', '2020-02-18 23:18:09'),
(733, 733, 4, 43, '6.95', '2020-02-18 23:18:09'),
(734, 734, 4, 43, '7.65', '2020-02-18 23:18:09'),
(735, 735, 4, 43, '7.02', '2020-02-18 23:18:09'),
(736, 736, 4, 43, '7.15', '2020-02-18 23:18:09'),
(737, 737, 4, 43, '7.15', '2020-02-18 23:18:09'),
(738, 738, 4, 43, '7.99', '2020-02-18 23:18:09'),
(739, 739, 4, 43, '7.38', '2020-02-18 23:18:09'),
(740, 740, 4, 43, '6.97', '2020-02-18 23:18:09'),
(741, 741, 4, 43, '7.44', '2020-02-18 23:18:09'),
(742, 742, 4, 43, '8.70', '2020-02-18 23:18:09'),
(743, 743, 4, 43, '7.94', '2020-02-18 23:18:09'),
(744, 744, 4, 43, '8.70', '2020-02-18 23:18:09'),
(745, 745, 4, 43, '7.47', '2020-02-18 23:18:09'),
(746, 746, 4, 43, '7.40', '2020-02-18 23:18:09'),
(747, 747, 4, 43, '7.54', '2020-02-18 23:18:09'),
(748, 748, 4, 43, '7.40', '2020-02-18 23:18:09'),
(749, 749, 4, 43, '7.71', '2020-02-18 23:18:09'),
(750, 750, 4, 43, '7.41', '2020-02-18 23:18:09'),
(751, 751, 4, 43, '7.95', '2020-02-18 23:18:09'),
(752, 752, 4, 43, '6.46', '2020-02-18 23:18:09'),
(753, 753, 4, 43, '7.47', '2020-02-18 23:18:09'),
(754, 754, 4, 43, '7.61', '2020-02-18 23:18:09'),
(755, 755, 4, 43, '7.11', '2020-02-18 23:18:09'),
(756, 756, 4, 43, '7.28', '2020-02-18 23:18:09'),
(757, 757, 4, 43, '6.60', '2020-02-18 23:18:09'),
(758, 758, 4, 43, '7.99', '2020-02-18 23:18:09'),
(759, 759, 4, 43, '8.39', '2020-02-18 23:18:09'),
(760, 760, 4, 43, '8.37', '2020-02-18 23:18:09'),
(761, 761, 4, 43, '6.65', '2020-02-18 23:18:09'),
(762, 762, 4, 43, '7.97', '2020-02-18 23:18:09'),
(763, 763, 4, 43, '7.90', '2020-02-18 23:18:09'),
(764, 764, 4, 43, '7.89', '2020-02-18 23:18:09'),
(765, 765, 4, 43, '7.54', '2020-02-18 23:18:09'),
(766, 766, 4, 43, '8.45', '2020-02-18 23:18:09'),
(767, 767, 4, 43, '6.92', '2020-02-18 23:18:09'),
(768, 768, 4, 43, '8.29', '2020-02-18 23:18:09'),
(769, 769, 4, 43, '7.29', '2020-02-18 23:18:09'),
(770, 770, 4, 43, '9.00', '2020-02-18 23:18:09'),
(771, 771, 4, 43, '7.48', '2020-02-18 23:18:09'),
(772, 772, 4, 43, '7.95', '2020-02-18 23:18:09'),
(773, 773, 4, 43, '7.21', '2020-02-18 23:18:09'),
(774, 774, 4, 43, '6.87', '2020-02-18 23:18:09'),
(775, 775, 4, 43, '7.34', '2020-02-18 23:18:09'),
(776, 776, 4, 43, '7.15', '2020-02-18 23:18:09'),
(777, 777, 4, 43, '8.06', '2020-02-18 23:18:09'),
(778, 778, 4, 43, '7.77', '2020-02-18 23:18:09'),
(779, 779, 4, 43, '8.43', '2020-02-18 23:18:09'),
(780, 780, 4, 43, '8.47', '2020-02-18 23:18:09'),
(781, 781, 4, 43, '6.07', '2020-02-18 23:18:09'),
(782, 782, 4, 43, '5.78', '2020-02-18 23:18:09'),
(783, 783, 4, 43, '6.90', '2020-02-18 23:18:09'),
(784, 784, 4, 43, '7.90', '2020-02-18 23:18:09'),
(785, 785, 4, 43, '8.02', '2020-02-18 23:18:09'),
(786, 786, 4, 43, '7.79', '2020-02-18 23:18:09'),
(787, 787, 4, 43, '8.06', '2020-02-18 23:18:09'),
(788, 788, 4, 43, '7.54', '2020-02-18 23:18:09'),
(789, 789, 4, 43, '6.87', '2020-02-18 23:18:09'),
(790, 790, 4, 43, '7.67', '2020-02-18 23:18:09'),
(791, 791, 4, 43, '7.90', '2020-02-18 23:18:09'),
(792, 792, 4, 43, '9.07', '2020-02-18 23:18:09'),
(793, 793, 4, 43, '8.13', '2020-02-18 23:18:09'),
(794, 794, 4, 43, '8.45', '2020-02-18 23:18:09'),
(795, 795, 4, 43, '5.90', '2020-02-18 23:18:09'),
(796, 796, 4, 43, '8.41', '2020-02-18 23:18:09'),
(797, 797, 4, 43, '8.07', '2020-02-18 23:18:09'),
(798, 798, 4, 43, '8.19', '2020-02-18 23:18:09'),
(799, 799, 4, 43, '8.02', '2020-02-18 23:18:09'),
(800, 800, 4, 43, '7.15', '2020-02-18 23:18:09'),
(801, 801, 4, 43, '8.54', '2020-02-18 23:18:10'),
(802, 802, 4, 43, '8.35', '2020-02-18 23:18:10'),
(803, 803, 4, 43, '8.16', '2020-02-18 23:18:10'),
(804, 804, 4, 43, '7.42', '2020-02-18 23:18:10'),
(805, 805, 4, 43, '8.73', '2020-02-18 23:18:10'),
(806, 806, 4, 43, '6.27', '2020-02-18 23:18:10'),
(807, 807, 4, 43, '7.84', '2020-02-18 23:18:10'),
(808, 808, 4, 43, '7.63', '2020-02-18 23:18:10'),
(809, 809, 4, 43, '7.78', '2020-02-18 23:18:10'),
(810, 810, 4, 43, '7.24', '2020-02-18 23:18:10'),
(811, 811, 4, 43, '7.75', '2020-02-18 23:18:10'),
(812, 812, 4, 43, '8.73', '2020-02-18 23:18:10'),
(813, 813, 4, 43, '7.64', '2020-02-18 23:18:10'),
(814, 814, 4, 43, '6.26', '2020-02-18 23:18:10'),
(815, 815, 4, 43, '6.35', '2020-02-18 23:18:10'),
(816, 816, 4, 43, '7.36', '2020-02-18 23:18:10'),
(817, 817, 4, 43, '7.65', '2020-02-18 23:18:10'),
(818, 818, 4, 43, '7.48', '2020-02-18 23:18:10'),
(819, 819, 4, 43, '6.56', '2020-02-18 23:18:10'),
(820, 820, 4, 43, '6.63', '2020-02-18 23:18:10'),
(821, 821, 4, 43, '8.47', '2020-02-18 23:18:10'),
(822, 822, 4, 43, '7.13', '2020-02-18 23:18:10'),
(823, 823, 4, 43, '8.50', '2020-02-18 23:18:10'),
(824, 824, 4, 43, '6.23', '2020-02-18 23:18:10'),
(825, 825, 4, 43, '6.39', '2020-02-18 23:18:10'),
(826, 826, 4, 43, '7.98', '2020-02-18 23:18:10'),
(827, 827, 4, 43, '7.54', '2020-02-18 23:18:10'),
(828, 828, 4, 43, '7.24', '2020-02-18 23:18:10'),
(829, 829, 4, 43, '6.08', '2020-02-18 23:18:10'),
(830, 830, 4, 43, '8.92', '2020-02-18 23:18:10'),
(831, 831, 4, 43, '6.71', '2020-02-18 23:18:10'),
(832, 832, 4, 43, '8.12', '2020-02-18 23:18:10'),
(833, 833, 4, 43, '7.64', '2020-02-18 23:18:10'),
(834, 834, 4, 43, '7.68', '2020-02-18 23:18:10'),
(835, 835, 4, 43, '7.13', '2020-02-18 23:18:10'),
(836, 836, 4, 43, '7.46', '2020-02-18 23:18:10'),
(837, 837, 4, 43, '7.76', '2020-02-18 23:18:10'),
(838, 838, 4, 43, '6.83', '2020-02-18 23:18:10'),
(839, 839, 4, 43, '8.49', '2020-02-18 23:18:10'),
(840, 840, 4, 43, '8.25', '2020-02-18 23:18:10'),
(841, 841, 4, 43, '6.95', '2020-02-18 23:18:10'),
(842, 842, 4, 43, '8.07', '2020-02-18 23:18:10'),
(843, 843, 4, 43, '8.04', '2020-02-18 23:18:10'),
(844, 844, 4, 43, '8.11', '2020-02-18 23:18:10'),
(845, 845, 4, 43, '6.73', '2020-02-18 23:18:10'),
(846, 846, 4, 43, '6.93', '2020-02-18 23:18:10'),
(847, 847, 4, 43, '7.73', '2020-02-18 23:18:10'),
(848, 848, 4, 43, '7.16', '2020-02-18 23:18:10'),
(849, 849, 4, 43, '7.84', '2020-02-18 23:18:10'),
(850, 850, 4, 43, '7.54', '2020-02-18 23:18:10'),
(851, 851, 4, 43, '8.28', '2020-02-18 23:18:10'),
(852, 852, 4, 43, '6.80', '2020-02-18 23:18:10'),
(853, 853, 4, 43, '6.23', '2020-02-18 23:18:10'),
(854, 854, 4, 43, '7.85', '2020-02-18 23:18:10'),
(855, 855, 4, 43, '8.16', '2020-02-18 23:18:10'),
(856, 856, 4, 43, '7.50', '2020-02-18 23:18:10'),
(857, 857, 4, 43, '6.70', '2020-02-18 23:18:10'),
(858, 858, 4, 43, '7.04', '2020-02-18 23:18:10'),
(859, 859, 4, 43, '8.43', '2020-02-18 23:18:10'),
(860, 860, 4, 43, '7.92', '2020-02-18 23:18:10'),
(861, 861, 4, 43, '7.33', '2020-02-18 23:18:10'),
(862, 862, 4, 43, '7.81', '2020-02-18 23:18:10'),
(863, 863, 4, 43, '6.79', '2020-02-18 23:18:10'),
(864, 864, 4, 43, '7.75', '2020-02-18 23:18:10'),
(865, 865, 4, 43, '8.84', '2020-02-18 23:18:10'),
(866, 866, 4, 43, '7.88', '2020-02-18 23:18:10'),
(867, 867, 4, 43, '7.66', '2020-02-18 23:18:10'),
(868, 868, 4, 43, '7.68', '2020-02-18 23:18:10'),
(869, 869, 4, 43, '8.74', '2020-02-18 23:18:10'),
(870, 870, 4, 43, '7.94', '2020-02-18 23:18:10'),
(871, 871, 4, 43, '7.54', '2020-02-18 23:18:10'),
(872, 872, 4, 43, '9.20', '2020-02-18 23:18:10'),
(873, 873, 4, 43, '8.90', '2020-02-18 23:18:10'),
(874, 874, 4, 43, '8.43', '2020-02-18 23:18:10'),
(875, 875, 4, 43, '7.52', '2020-02-18 23:18:10'),
(876, 876, 4, 43, '7.98', '2020-02-18 23:18:10'),
(877, 877, 4, 43, '7.93', '2020-02-18 23:18:10'),
(878, 878, 4, 43, '6.77', '2020-02-18 23:18:10'),
(879, 879, 4, 43, '7.97', '2020-02-18 23:18:10'),
(880, 880, 4, 43, '7.78', '2020-02-18 23:18:10'),
(881, 881, 4, 43, '7.58', '2020-02-18 23:18:10'),
(882, 882, 4, 43, '7.44', '2020-02-18 23:18:10'),
(883, 883, 4, 43, '6.49', '2020-02-18 23:18:10'),
(884, 884, 4, 43, '6.06', '2020-02-18 23:18:10'),
(885, 885, 4, 43, '7.93', '2020-02-18 23:18:10'),
(886, 886, 4, 43, '6.56', '2020-02-18 23:18:10'),
(887, 887, 4, 43, '7.20', '2020-02-18 23:18:10'),
(888, 888, 4, 43, '7.62', '2020-02-18 23:18:10'),
(889, 889, 4, 43, '7.67', '2020-02-18 23:18:10'),
(890, 890, 4, 43, '7.71', '2020-02-18 23:18:10'),
(891, 891, 4, 43, '6.49', '2020-02-18 23:18:10'),
(892, 892, 4, 43, '7.69', '2020-02-18 23:18:10'),
(893, 893, 4, 43, '8.35', '2020-02-18 23:18:10'),
(894, 894, 4, 43, '6.69', '2020-02-18 23:18:10'),
(895, 895, 4, 43, '8.21', '2020-02-18 23:18:10'),
(896, 896, 4, 43, '9.57', '2020-02-18 23:18:10'),
(897, 897, 4, 43, '6.76', '2020-02-18 23:18:10'),
(898, 898, 4, 43, '7.53', '2020-02-18 23:18:10'),
(899, 899, 4, 43, '6.72', '2020-02-18 23:18:10'),
(900, 900, 4, 43, '7.75', '2020-02-18 23:18:10'),
(901, 901, 4, 43, '7.49', '2020-02-18 23:18:10'),
(902, 902, 4, 43, '8.47', '2020-02-18 23:18:10'),
(903, 903, 4, 43, '8.32', '2020-02-18 23:18:10'),
(904, 904, 4, 43, '8.24', '2020-02-18 23:18:10'),
(905, 905, 4, 43, '8.75', '2020-02-18 23:18:10'),
(906, 906, 4, 43, '8.40', '2020-02-18 23:18:10'),
(907, 907, 4, 43, '6.79', '2020-02-18 23:18:10'),
(908, 908, 4, 43, '8.58', '2020-02-18 23:18:10'),
(909, 909, 4, 43, '7.26', '2020-02-18 23:18:10'),
(910, 910, 4, 43, '7.17', '2020-02-18 23:18:10'),
(911, 911, 4, 43, '6.96', '2020-02-18 23:18:10'),
(912, 912, 4, 43, '8.70', '2020-02-18 23:18:10'),
(913, 913, 4, 43, '8.54', '2020-02-18 23:18:10'),
(914, 914, 4, 43, '7.44', '2020-02-18 23:18:10'),
(915, 915, 4, 43, '6.86', '2020-02-18 23:18:10'),
(916, 916, 4, 43, '7.16', '2020-02-18 23:18:10'),
(917, 917, 4, 43, '7.08', '2020-02-18 23:18:10'),
(918, 918, 4, 43, '8.03', '2020-02-18 23:18:10'),
(919, 919, 4, 43, '6.20', '2020-02-18 23:18:10'),
(920, 920, 4, 43, '8.96', '2020-02-18 23:18:10'),
(921, 921, 4, 43, '6.51', '2020-02-18 23:18:10'),
(922, 922, 4, 43, '9.00', '2020-02-18 23:18:10');

-- --------------------------------------------------------

--
-- Table structure for table `evaluacion`
--

CREATE TABLE `evaluacion` (
  `id` int(11) NOT NULL,
  `id_unidad_integracion` int(11) NOT NULL,
  `id_evaluacion_tipo` int(11) NOT NULL,
  `id_padre` int(11) DEFAULT NULL,
  `nombre` varchar(255) COLLATE utf8mb4_unicode_ci NOT NULL,
  `descripcion` varchar(500) COLLATE utf8mb4_unicode_ci DEFAULT NULL,
  `ponderacion` double NOT NULL,
  `grupal` tinyint(3) NOT NULL DEFAULT 0,
  `creado` timestamp NOT NULL DEFAULT current_timestamp() ON UPDATE current_timestamp()
) ENGINE=InnoDB DEFAULT CHARSET=utf8mb4 COLLATE=utf8mb4_unicode_ci;

--
-- Dumping data for table `evaluacion`
--

INSERT INTO `evaluacion` (`id`, `id_unidad_integracion`, `id_evaluacion_tipo`, `id_padre`, `nombre`, `descripcion`, `ponderacion`, `grupal`, `creado`) VALUES
(1, 1, 10, NULL, 'Periódico mural', NULL, 60, 0, '2020-02-18 23:18:12'),
(2, 1, 11, NULL, 'Trabajo en equipo', NULL, 15, 0, '2020-02-18 23:18:12'),
(3, 1, 11, NULL, 'Examen corto', NULL, 10, 0, '2020-02-18 23:18:12'),
(4, 1, 11, NULL, 'Autoevaluación', NULL, 5, 0, '2020-02-18 23:18:12'),
(5, 1, 11, NULL, 'Trabajo escrito', NULL, 10, 0, '2020-02-18 23:18:12'),
(6, 1, 10, 1, 'Planificación', NULL, 40, 1, '2020-02-18 23:18:12'),
(7, 1, 10, 1, 'Ejecución', NULL, 40, 1, '2020-02-18 23:18:12'),
(8, 1, 10, 1, 'Responsabilidad', NULL, 20, 1, '2020-02-18 23:18:12'),
(9, 1, 12, 6, 'Boceto', NULL, 33, 0, '2020-02-18 23:18:12'),
(10, 1, 12, 6, 'Atracción de la presentación gráfica', NULL, 33, 0, '2020-02-18 23:18:12'),
(11, 1, 12, 6, 'Abordaje del tema', NULL, 34, 0, '2020-02-18 23:18:12'),
(12, 1, 12, 7, 'Color y contraste', NULL, 20, 0, '2020-02-18 23:18:12'),
(13, 1, 12, 7, 'Dominio del espacio', NULL, 20, 0, '2020-02-18 23:18:12'),
(14, 1, 12, 7, 'Orden y limpieza', NULL, 20, 0, '2020-02-18 23:18:12'),
(15, 1, 12, 7, 'Creatividad', NULL, 20, 0, '2020-02-18 23:18:12'),
(16, 1, 12, 7, 'Integración grupal', NULL, 20, 0, '2020-02-18 23:18:12'),
(17, 1, 12, 8, 'Cumplimiento de tareas delegadas', NULL, 100, 0, '2020-02-18 23:18:12'),
(18, 2, 10, NULL, 'Educación y promoción de la salud bucal', NULL, 60, 0, '2020-02-18 23:18:12'),
(19, 2, 11, NULL, 'Trabajo en equipo', NULL, 25, 0, '2020-02-18 23:18:12'),
(20, 2, 11, NULL, 'Examen corto', NULL, 10, 0, '2020-02-18 23:18:12'),
(21, 2, 11, NULL, 'Autoevaluación', NULL, 5, 0, '2020-02-18 23:18:12'),
(22, 2, 10, 18, 'Planificación', NULL, 40, 1, '2020-02-18 23:18:12'),
(23, 2, 10, 18, 'Ejecución', NULL, 40, 1, '2020-02-18 23:18:12'),
(24, 2, 10, 18, 'Responsabilidad', NULL, 20, 1, '2020-02-18 23:18:12'),
(25, 2, 12, 22, 'Guión', NULL, 33, 0, '2020-02-18 23:18:12'),
(26, 2, 12, 22, 'Técnica didáctica', NULL, 33, 0, '2020-02-18 23:18:12'),
(27, 2, 12, 22, 'Abordaje del tema', NULL, 34, 0, '2020-02-18 23:18:12'),
(28, 2, 12, 23, 'Organización del grupo', NULL, 20, 0, '2020-02-18 23:18:12'),
(29, 2, 12, 23, 'Recurso didáctico completo', NULL, 20, 0, '2020-02-18 23:18:12'),
(30, 2, 12, 23, 'Motivación', NULL, 20, 0, '2020-02-18 23:18:12'),
(31, 2, 12, 23, 'Claridad del mensaje', NULL, 20, 0, '2020-02-18 23:18:12'),
(32, 2, 12, 23, 'Manejo de la audiencia', NULL, 20, 0, '2020-02-18 23:18:12'),
(33, 2, 12, 24, 'Cumplimiento de tareas delegadas', NULL, 100, 0, '2020-02-18 23:18:12'),
(34, 3, 10, NULL, 'Protección Específica en Salud Bucal: Fluocolutorios', NULL, 60, 0, '2020-02-18 23:18:12'),
(35, 3, 11, NULL, 'Trabajo en equipo', NULL, 25, 0, '2020-02-18 23:18:12'),
(36, 3, 11, NULL, 'Examen corto', NULL, 10, 0, '2020-02-18 23:18:12'),
(37, 3, 11, NULL, 'Autoevaluación', NULL, 5, 0, '2020-02-18 23:18:12'),
(38, 3, 10, 34, 'Planificación', NULL, 40, 1, '2020-02-18 23:18:12'),
(39, 3, 10, 34, 'Ejecución', NULL, 40, 1, '2020-02-18 23:18:12'),
(40, 3, 10, 34, 'Responsabilidad', NULL, 20, 1, '2020-02-18 23:18:12'),
(41, 3, 12, 38, 'Material completo', NULL, 100, 0, '2020-02-18 23:18:12'),
(42, 3, 12, 39, 'Organización del grupo', NULL, 14, 0, '2020-02-18 23:18:12'),
(43, 3, 12, 39, 'Preparación de flúor', NULL, 14, 0, '2020-02-18 23:18:12'),
(44, 3, 12, 39, 'lndicaciones y contraindicaciones', NULL, 14, 0, '2020-02-18 23:18:12'),
(45, 3, 12, 39, 'Control del tiempo', NULL, 14, 0, '2020-02-18 23:18:12'),
(46, 3, 12, 39, 'Manejo de los/as niños/as', NULL, 14, 0, '2020-02-18 23:18:12'),
(47, 3, 12, 39, 'Creatividad', NULL, 14, 0, '2020-02-18 23:18:12'),
(48, 3, 12, 39, 'Motivación al realizar la actividad', NULL, 16, 0, '2020-02-18 23:18:12'),
(49, 3, 12, 40, 'Cumplimiento de tareas delegadas', NULL, 100, 0, '2020-02-18 23:18:12'),
(50, 4, 10, NULL, 'Coordinación general', NULL, 25, 0, '2020-02-18 23:18:12'),
(51, 4, 12, NULL, 'Control de índices bucoepidemiológicos', NULL, 25, 0, '2020-02-18 23:18:12'),
(52, 4, 11, NULL, 'Trabajo en equipo', NULL, 15, 0, '2020-02-18 23:18:12'),
(53, 4, 11, NULL, 'Trabajo Escrito', NULL, 20, 0, '2020-02-18 23:18:12'),
(54, 4, 11, NULL, 'Examen corto', NULL, 10, 0, '2020-02-18 23:18:12'),
(55, 4, 11, NULL, 'Autoevaluación', NULL, 5, 0, '2020-02-18 23:18:12'),
(56, 4, 10, 50, 'Planificación', NULL, 40, 1, '2020-02-18 23:18:12'),
(57, 4, 10, 50, 'Ejecución', NULL, 40, 1, '2020-02-18 23:18:12'),
(58, 4, 10, 50, 'Responsabilidad', NULL, 20, 1, '2020-02-18 23:18:12'),
(59, 4, 12, 56, 'Calendarización de actividades', NULL, 50, 0, '2020-02-18 23:18:12'),
(60, 4, 12, 56, 'Asignación de funciones', NULL, 50, 0, '2020-02-18 23:18:12'),
(61, 4, 12, 57, 'Integración grupal', NULL, 25, 0, '2020-02-18 23:18:12'),
(62, 4, 12, 57, 'Capacidad de resolución ante problemas', NULL, 25, 0, '2020-02-18 23:18:12'),
(63, 4, 12, 57, 'Capacidad de liderazgo mostrada', NULL, 25, 0, '2020-02-18 23:18:12'),
(64, 4, 12, 57, 'Nivel de comunicación con el resto del equipo', NULL, 25, 0, '2020-02-18 23:18:12'),
(65, 4, 12, 58, 'Cumplimiento de tareas delegadas', NULL, 100, 0, '2020-02-18 23:18:12'),
(66, 5, 10, NULL, 'Actividad clínica', NULL, 50, 0, '2020-02-18 23:18:12'),
(67, 5, 10, NULL, 'Educación y promoción de la salud bucal', NULL, 30, 0, '2020-02-18 23:18:12'),
(68, 5, 10, NULL, 'Responsabilidad', NULL, 20, 0, '2020-02-18 23:18:12'),
(69, 5, 12, 66, 'Conocimientos', NULL, 40, 0, '2020-02-18 23:18:12'),
(70, 5, 12, 66, 'Habilidades y destrezas', NULL, 40, 0, '2020-02-18 23:18:12'),
(71, 5, 12, 66, 'Normas de bioseguridad', NULL, 20, 0, '2020-02-18 23:18:12'),
(72, 5, 12, 67, 'Contenido', NULL, 50, 0, '2020-02-18 23:18:12'),
(73, 5, 12, 67, 'Metodología', NULL, 50, 0, '2020-02-18 23:18:12'),
(74, 5, 12, 68, 'Asistencia', NULL, 20, 0, '2020-02-18 23:18:12'),
(75, 5, 12, 68, 'Puntualidad', NULL, 20, 0, '2020-02-18 23:18:12'),
(76, 5, 12, 68, 'Cumplimiento de actividades', NULL, 20, 0, '2020-02-18 23:18:12'),
(77, 5, 12, 68, 'Disposición al trabajo', NULL, 20, 0, '2020-02-18 23:18:12'),
(78, 5, 12, 68, 'Disciplina', NULL, 20, 0, '2020-02-18 23:18:12'),
(79, 6, 10, NULL, 'Actividad clínica', NULL, 40, 0, '2020-02-18 23:18:12'),
(80, 6, 10, NULL, 'Educación y promoción de la salud bucal', NULL, 45, 0, '2020-02-18 23:18:12'),
(81, 6, 10, NULL, 'Apoyo logístico', NULL, 15, 0, '2020-02-18 23:18:12'),
(82, 6, 12, 79, 'Conocimientos', NULL, 40, 0, '2020-02-18 23:18:12'),
(83, 6, 12, 79, 'Habilidades y destrezas', NULL, 40, 0, '2020-02-18 23:18:12'),
(84, 6, 12, 79, 'Normas de bioseguridad', NULL, 20, 0, '2020-02-18 23:18:12'),
(85, 6, 12, 80, 'Planificación', NULL, 40, 0, '2020-02-18 23:18:12'),
(86, 6, 12, 80, 'Ejecución', NULL, 50, 0, '2020-02-18 23:18:12'),
(87, 6, 12, 80, 'Responsabilidad', NULL, 10, 0, '2020-02-18 23:18:12'),
(88, 6, 12, 81, 'Asistencia', NULL, 20, 0, '2020-02-18 23:18:12'),
(89, 6, 12, 81, 'Puntualidad', NULL, 20, 0, '2020-02-18 23:18:12'),
(90, 6, 12, 81, 'Cumplimiento de actividades', NULL, 20, 0, '2020-02-18 23:18:12'),
(91, 6, 12, 81, 'Disposición al trabajo', NULL, 20, 0, '2020-02-18 23:18:12'),
(92, 6, 12, 81, 'Disciplina', NULL, 20, 0, '2020-02-18 23:18:12'),
(93, 7, 12, NULL, 'Fundamentación teórica', NULL, 25, 0, '2020-02-18 23:18:12'),
(94, 7, 12, NULL, 'Planificación y ejecución de la actividad asignada', NULL, 40, 0, '2020-02-18 23:18:12'),
(95, 7, 12, NULL, 'Responsabilidad', NULL, 20, 0, '2020-02-18 23:18:12'),
(96, 7, 12, NULL, 'Trabajo en equipo', NULL, 15, 0, '2020-02-18 23:18:12'),
(97, 8, 12, NULL, 'Fundamentación teórica', NULL, 25, 0, '2020-02-18 23:18:12'),
(98, 8, 12, NULL, 'Planificación y ejecución de la actividad asignada', NULL, 40, 0, '2020-02-18 23:18:12'),
(99, 8, 12, NULL, 'Responsabilidad', NULL, 20, 0, '2020-02-18 23:18:12'),
(100, 8, 12, NULL, 'Trabajo en equipo', NULL, 15, 0, '2020-02-18 23:18:12');

-- --------------------------------------------------------

--
-- Table structure for table `evaluacion_tipo`
--

CREATE TABLE `evaluacion_tipo` (
  `id` int(11) NOT NULL,
  `codigo` varchar(50) COLLATE utf8mb4_unicode_ci NOT NULL,
  `nombre` varchar(255) COLLATE utf8mb4_unicode_ci NOT NULL,
  `descripcion` varchar(500) COLLATE utf8mb4_unicode_ci DEFAULT NULL,
  `creado` timestamp NOT NULL DEFAULT current_timestamp() ON UPDATE current_timestamp()
) ENGINE=InnoDB DEFAULT CHARSET=utf8mb4 COLLATE=utf8mb4_unicode_ci;

--
-- Dumping data for table `evaluacion_tipo`
--

INSERT INTO `evaluacion_tipo` (`id`, `codigo`, `nombre`, `descripcion`, `creado`) VALUES
(10, 'calculada', 'Calculada', 'Evaluaciones que poseen subevaluaciones de tipo detalle. \n                Estas evaluaciones no poseen una calificación directa, ya que se calcula con el promedio de las calificaciones detalle.\n                Pueden corresponder a calificaciones grupales o individuales.', '2020-02-18 23:18:01'),
(11, 'unica', 'Única', 'Evaluaciones que no poseen sub evaluaciones y para la cual cualquier estudiante solo puede tener una calificación correspondiente. \n                Generalmente corresponden a calificaciones individuales.', '2020-02-18 23:18:01'),
(12, 'detalle', 'Detalle', 'Evaluaciones que se realizan a diario o semana a semana.\n                Pueden corresponder a calificaciones grupales o individuales.', '2020-02-18 23:18:01');

-- --------------------------------------------------------

--
-- Table structure for table `penalizacion`
--

CREATE TABLE `penalizacion` (
  `id` int(11) NOT NULL,
  `codigo` varchar(50) COLLATE utf8mb4_unicode_ci NOT NULL,
  `nombre` varchar(255) COLLATE utf8mb4_unicode_ci NOT NULL,
  `descripcion` varchar(500) COLLATE utf8mb4_unicode_ci DEFAULT NULL,
  `puntos` int(11) NOT NULL,
  `creado` timestamp NOT NULL DEFAULT current_timestamp() ON UPDATE current_timestamp()
) ENGINE=InnoDB DEFAULT CHARSET=utf8mb4 COLLATE=utf8mb4_unicode_ci;

--
-- Dumping data for table `penalizacion`
--

INSERT INTO `penalizacion` (`id`, `codigo`, `nombre`, `descripcion`, `puntos`, `creado`) VALUES
(19, 'impuntualidad', 'Impuntualidad', '', 2, '2020-02-18 23:18:01'),
(20, 'incumplimiento_tarea', 'Incumplimiento de tarea asignada', '', 2, '2020-02-18 23:18:01'),
(21, 'indisposicion', 'Indisposicion al trabajo', '', 2, '2020-02-18 23:18:01'),
(22, 'desmotivacion', 'Desmotivación', '', 2, '2020-02-18 23:18:01'),
(23, 'desatencion_indicaciones', 'Desatención a indicadores', '', 2, '2020-02-18 23:18:01'),
(24, 'inasistencia', 'Inasistencia', 'Restará la totalidad de la calificación. \n            La calificación solo puede tener un valor minimo de 0.0', 10, '2020-02-18 23:18:01');

-- --------------------------------------------------------

--
-- Table structure for table `periodo`
--

CREATE TABLE `periodo` (
  `id` int(11) NOT NULL,
  `nombre` varchar(255) COLLATE utf8mb4_unicode_ci NOT NULL,
  `inicio` date NOT NULL,
  `fin` date NOT NULL,
  `activo` tinyint(3) NOT NULL DEFAULT 1,
  `creado` timestamp NOT NULL DEFAULT current_timestamp() ON UPDATE current_timestamp()
) ENGINE=InnoDB DEFAULT CHARSET=utf8mb4 COLLATE=utf8mb4_unicode_ci;

--
-- Dumping data for table `periodo`
--

INSERT INTO `periodo` (`id`, `nombre`, `inicio`, `fin`, `activo`, `creado`) VALUES
(19, 'Ciclo I 2017', '2017-02-20', '2017-07-31', 0, '2020-02-18 23:18:01'),
(20, 'Ciclo P 2017', '2017-08-01', '2017-12-15', 0, '2020-02-18 23:18:01'),
(21, 'Ciclo I 2018', '2018-02-19', '2018-07-31', 0, '2020-02-18 23:18:01'),
(22, 'Ciclo P 2018', '2018-08-01', '2018-12-14', 1, '2020-02-18 23:18:01'),
(23, 'Ciclo I 2019', '2019-02-18', '2019-07-31', 0, '2020-02-18 23:18:01'),
(24, 'Ciclo P 2019', '2019-08-01', '2019-12-13', 0, '2020-02-18 23:18:01');

-- --------------------------------------------------------

--
-- Table structure for table `periodo_ciclo`
--

CREATE TABLE `periodo_ciclo` (
  `id` int(11) NOT NULL,
  `id_periodo` int(11) NOT NULL,
  `tipo` varchar(5) COLLATE utf8mb4_unicode_ci NOT NULL,
  `creado` timestamp NOT NULL DEFAULT current_timestamp() ON UPDATE current_timestamp()
) ENGINE=InnoDB DEFAULT CHARSET=utf8mb4 COLLATE=utf8mb4_unicode_ci;

--
-- Dumping data for table `periodo_ciclo`
--

INSERT INTO `periodo_ciclo` (`id`, `id_periodo`, `tipo`, `creado`) VALUES
(19, 19, 'Impar', '2020-02-18 23:18:01'),
(20, 20, 'Par', '2020-02-18 23:18:01'),
(21, 21, 'Impar', '2020-02-18 23:18:01'),
(22, 22, 'Par', '2020-02-18 23:18:01'),
(23, 23, 'Impar', '2020-02-18 23:18:01'),
(24, 24, 'Par', '2020-02-18 23:18:01');

-- --------------------------------------------------------

--
-- Table structure for table `plan_estudio`
--

CREATE TABLE `plan_estudio` (
  `id` int(11) NOT NULL,
  `id_carrera` int(11) NOT NULL,
  `anio` int(11) NOT NULL,
  `activo` tinyint(3) NOT NULL,
  `creado` timestamp NOT NULL DEFAULT current_timestamp() ON UPDATE current_timestamp()
) ENGINE=InnoDB DEFAULT CHARSET=utf8mb4 COLLATE=utf8mb4_unicode_ci;

--
-- Dumping data for table `plan_estudio`
--

INSERT INTO `plan_estudio` (`id`, `id_carrera`, `anio`, `activo`, `creado`) VALUES
(4, 4, 2009, 1, '2020-02-18 23:18:02');

-- --------------------------------------------------------

--
-- Table structure for table `plan_estudio_ciclo`
--

CREATE TABLE `plan_estudio_ciclo` (
  `id` int(11) NOT NULL,
  `numero` int(11) NOT NULL,
  `romano` varchar(5) COLLATE utf8mb4_unicode_ci NOT NULL,
  `creado` timestamp NOT NULL DEFAULT current_timestamp() ON UPDATE current_timestamp()
) ENGINE=InnoDB DEFAULT CHARSET=utf8mb4 COLLATE=utf8mb4_unicode_ci COMMENT='I\nII\nIII\nIV';

--
-- Dumping data for table `plan_estudio_ciclo`
--

INSERT INTO `plan_estudio_ciclo` (`id`, `numero`, `romano`, `creado`) VALUES
(43, 1, 'I', '2020-02-18 23:18:01'),
(44, 2, 'II', '2020-02-18 23:18:01'),
(45, 3, 'III', '2020-02-18 23:18:01'),
(46, 4, 'IV', '2020-02-18 23:18:01'),
(47, 5, 'V', '2020-02-18 23:18:01'),
(48, 6, 'VI', '2020-02-18 23:18:01'),
(49, 7, 'VII', '2020-02-18 23:18:01'),
(50, 8, 'VIII', '2020-02-18 23:18:01'),
(51, 9, 'IX', '2020-02-18 23:18:01'),
(52, 10, 'X', '2020-02-18 23:18:01'),
(53, 11, 'XI', '2020-02-18 23:18:01'),
(54, 12, 'XII', '2020-02-18 23:18:01'),
(55, 13, 'XIII', '2020-02-18 23:18:01'),
(56, 14, 'XIV', '2020-02-18 23:18:01');

-- --------------------------------------------------------

--
-- Table structure for table `plan_estudio_curso`
--

CREATE TABLE `plan_estudio_curso` (
  `id` int(11) NOT NULL,
  `id_curso` int(11) NOT NULL,
  `id_plan_estudio` int(11) NOT NULL,
  `id_plan_estudio_ciclo` int(11) NOT NULL,
  `creado` timestamp NOT NULL DEFAULT current_timestamp() ON UPDATE current_timestamp()
) ENGINE=InnoDB DEFAULT CHARSET=utf8mb4 COLLATE=utf8mb4_unicode_ci;

--
-- Dumping data for table `plan_estudio_curso`
--

INSERT INTO `plan_estudio_curso` (`id`, `id_curso`, `id_plan_estudio`, `id_plan_estudio_ciclo`, `creado`) VALUES
(226, 226, 4, 43, '2020-02-18 23:18:02'),
(227, 227, 4, 43, '2020-02-18 23:18:02'),
(228, 228, 4, 43, '2020-02-18 23:18:02'),
(229, 229, 4, 43, '2020-02-18 23:18:02'),
(230, 230, 4, 44, '2020-02-18 23:18:02'),
(231, 231, 4, 44, '2020-02-18 23:18:02'),
(232, 232, 4, 44, '2020-02-18 23:18:02'),
(233, 233, 4, 44, '2020-02-18 23:18:02'),
(234, 234, 4, 45, '2020-02-18 23:18:02'),
(235, 235, 4, 45, '2020-02-18 23:18:02'),
(236, 236, 4, 45, '2020-02-18 23:18:02'),
(237, 237, 4, 45, '2020-02-18 23:18:02'),
(238, 238, 4, 46, '2020-02-18 23:18:02'),
(239, 239, 4, 46, '2020-02-18 23:18:02'),
(240, 240, 4, 46, '2020-02-18 23:18:02'),
(241, 241, 4, 46, '2020-02-18 23:18:02'),
(242, 242, 4, 47, '2020-02-18 23:18:02'),
(243, 243, 4, 47, '2020-02-18 23:18:02'),
(244, 244, 4, 47, '2020-02-18 23:18:02'),
(245, 245, 4, 47, '2020-02-18 23:18:02'),
(246, 246, 4, 47, '2020-02-18 23:18:02'),
(247, 247, 4, 47, '2020-02-18 23:18:02'),
(248, 248, 4, 48, '2020-02-18 23:18:02'),
(249, 249, 4, 48, '2020-02-18 23:18:02'),
(250, 250, 4, 48, '2020-02-18 23:18:02'),
(251, 251, 4, 48, '2020-02-18 23:18:02'),
(252, 252, 4, 48, '2020-02-18 23:18:02'),
(253, 253, 4, 48, '2020-02-18 23:18:02'),
(254, 254, 4, 49, '2020-02-18 23:18:02'),
(255, 255, 4, 49, '2020-02-18 23:18:02'),
(256, 256, 4, 49, '2020-02-18 23:18:02'),
(257, 257, 4, 49, '2020-02-18 23:18:02'),
(258, 258, 4, 49, '2020-02-18 23:18:02'),
(259, 259, 4, 49, '2020-02-18 23:18:02'),
(260, 260, 4, 49, '2020-02-18 23:18:02'),
(261, 261, 4, 49, '2020-02-18 23:18:02'),
(262, 262, 4, 50, '2020-02-18 23:18:02'),
(263, 263, 4, 50, '2020-02-18 23:18:02'),
(264, 264, 4, 50, '2020-02-18 23:18:02'),
(265, 265, 4, 50, '2020-02-18 23:18:02'),
(266, 266, 4, 50, '2020-02-18 23:18:02'),
(267, 267, 4, 50, '2020-02-18 23:18:02'),
(268, 268, 4, 50, '2020-02-18 23:18:02'),
(269, 269, 4, 50, '2020-02-18 23:18:02'),
(270, 270, 4, 50, '2020-02-18 23:18:02'),
(271, 271, 4, 51, '2020-02-18 23:18:02'),
(272, 272, 4, 51, '2020-02-18 23:18:02'),
(273, 273, 4, 51, '2020-02-18 23:18:02'),
(274, 274, 4, 51, '2020-02-18 23:18:02'),
(275, 275, 4, 51, '2020-02-18 23:18:02'),
(276, 276, 4, 51, '2020-02-18 23:18:02'),
(277, 277, 4, 51, '2020-02-18 23:18:02'),
(278, 278, 4, 51, '2020-02-18 23:18:02'),
(279, 279, 4, 52, '2020-02-18 23:18:02'),
(280, 280, 4, 52, '2020-02-18 23:18:02'),
(281, 281, 4, 52, '2020-02-18 23:18:02'),
(282, 282, 4, 52, '2020-02-18 23:18:02'),
(283, 283, 4, 52, '2020-02-18 23:18:02'),
(284, 284, 4, 52, '2020-02-18 23:18:02'),
(285, 285, 4, 52, '2020-02-18 23:18:02'),
(286, 286, 4, 52, '2020-02-18 23:18:02'),
(287, 287, 4, 53, '2020-02-18 23:18:02'),
(288, 288, 4, 53, '2020-02-18 23:18:02'),
(289, 289, 4, 53, '2020-02-18 23:18:02'),
(290, 290, 4, 53, '2020-02-18 23:18:02'),
(291, 291, 4, 53, '2020-02-18 23:18:02'),
(292, 292, 4, 53, '2020-02-18 23:18:02'),
(293, 293, 4, 54, '2020-02-18 23:18:02'),
(294, 294, 4, 54, '2020-02-18 23:18:02'),
(295, 295, 4, 54, '2020-02-18 23:18:02'),
(296, 296, 4, 55, '2020-02-18 23:18:02'),
(297, 297, 4, 55, '2020-02-18 23:18:02'),
(298, 298, 4, 55, '2020-02-18 23:18:02'),
(299, 299, 4, 56, '2020-02-18 23:18:02'),
(300, 300, 4, 56, '2020-02-18 23:18:02');

-- --------------------------------------------------------

--
-- Table structure for table `unidad_integracion`
--

CREATE TABLE `unidad_integracion` (
  `id` int(11) NOT NULL,
  `id_plan_estudio_curso` int(11) NOT NULL,
  `id_periodo_ciclo` int(11) NOT NULL,
  `id_programa` int(11) DEFAULT NULL,
  `nombre` varchar(255) COLLATE utf8mb4_unicode_ci NOT NULL,
  `ponderacion` double NOT NULL,
  `creado` timestamp NOT NULL DEFAULT current_timestamp() ON UPDATE current_timestamp()
) ENGINE=InnoDB DEFAULT CHARSET=utf8mb4 COLLATE=utf8mb4_unicode_ci;

--
-- Dumping data for table `unidad_integracion`
--

INSERT INTO `unidad_integracion` (`id`, `id_plan_estudio_curso`, `id_periodo_ciclo`, `id_programa`, `nombre`, `ponderacion`, `creado`) VALUES
(1, 238, 22, 19, 'U.I. IV - Odontología Comunitaria: Programa Preventivo Escolar', 35, '2020-02-18 23:18:11'),
(2, 253, 22, 19, 'U.I. III - Odontología Comunitaria: Programa Preventivo Escolar', 50, '2020-02-18 23:18:11'),
(3, 270, 22, 19, 'U.I. III - Odontología Comunitaria: Programa Preventivo Escolar', 40, '2020-02-18 23:18:11'),
(4, 286, 22, 19, 'U.I. II - Odontología Comunitaria: Programa Preventivo Escolar', 25, '2020-02-18 23:18:11'),
(5, 286, 22, 23, 'U.I. III - Odontología Comunitaria: Clínicas Sistema Nacional de Salud', 25, '2020-02-18 23:18:11'),
(6, 286, 22, 22, 'U.I. IV - Odontología Comunitaria: Clínica Extramural Santa Ana', 21, '2020-02-18 23:18:11'),
(7, 286, 22, 20, 'U.I. IV - Odontología Comunitaria: Universidad Libre de Caries', 7, '2020-02-18 23:18:11'),
(8, 286, 22, 21, 'U.I. IV - Odontología Comunitaria: Comunidad Libre de Caries', 7, '2020-02-18 23:18:11');

-- --------------------------------------------------------

--
-- Structure for view `calificacion_promedio_vw`
--
DROP TABLE IF EXISTS `calificacion_promedio_vw`;

CREATE ALGORITHM=UNDEFINED DEFINER=`root`@`%` SQL SECURITY DEFINER VIEW `calificacion_promedio_vw`  AS  select `calificacion`.`id` AS `id`,`ec`.`id` AS `id_estudiante_curso`,`e`.`id` AS `id_evaluacion`,`e`.`ponderacion` AS `ponderacion`,avg(`calificacion`.`nota`) AS `promedio`,avg(`calificacion`.`nota`) * `e`.`ponderacion` / 100 AS `nota` from (((`calificacion` join `evaluacion` `e` on(`calificacion`.`id_evaluacion` = `e`.`id`)) join `unidad_integracion` `ui` on(`e`.`id_unidad_integracion` = `ui`.`id`)) join `estudiante_curso` `ec` on(`calificacion`.`id_estudiante_curso` = `ec`.`id`)) group by `ec`.`id`,`e`.`id` ;

--
-- Indexes for dumped tables
--

--
-- Indexes for table `calificacion`
--
ALTER TABLE `calificacion`
  ADD PRIMARY KEY (`id`),
  ADD KEY `fk_calificacion_estudiante_curso` (`id_estudiante_curso`),
  ADD KEY `fk_calificacion_evaluacion` (`id_evaluacion`),
  ADD KEY `fk_calificacion_padre` (`id_padre`),
  ADD KEY `fk_calificacion_grupo` (`id_calificacion_grupo`);

--
-- Indexes for table `calificacion_grupo`
--
ALTER TABLE `calificacion_grupo`
  ADD PRIMARY KEY (`id`),
  ADD KEY `fk_grupo_calificacion` (`id_grupo`),
  ADD KEY `fk_calificacion_grupo_evaluacion` (`id_evaluacion`),
  ADD KEY `fk_calificacion_grupo_padre` (`id_padre`);

--
-- Indexes for table `calificacion_penalizacion`
--
ALTER TABLE `calificacion_penalizacion`
  ADD PRIMARY KEY (`id`),
  ADD UNIQUE KEY `unique_calificacion_penalizacion` (`id_calificacion`,`id_penalizacion`),
  ADD KEY `fk_penalizacion_calificacion` (`id_penalizacion`);

--
-- Indexes for table `carrera`
--
ALTER TABLE `carrera`
  ADD PRIMARY KEY (`id`),
  ADD UNIQUE KEY `codigo` (`codigo`);

--
-- Indexes for table `curso`
--
ALTER TABLE `curso`
  ADD PRIMARY KEY (`id`),
  ADD UNIQUE KEY `codigo` (`codigo`);

--
-- Indexes for table `curso_programa`
--
ALTER TABLE `curso_programa`
  ADD PRIMARY KEY (`id`),
  ADD UNIQUE KEY `unique_curso_programa` (`id_programa`,`id_plan_estudio_curso`),
  ADD KEY `fk_plan_estudio_curso_programa` (`id_plan_estudio_curso`);

--
-- Indexes for table `estudiante`
--
ALTER TABLE `estudiante`
  ADD PRIMARY KEY (`id`),
  ADD UNIQUE KEY `carnet` (`carnet`),
  ADD KEY `fk_estudiante_persona` (`id_persona`);

--
-- Indexes for table `estudiante_curso`
--
ALTER TABLE `estudiante_curso`
  ADD PRIMARY KEY (`id`),
  ADD UNIQUE KEY `unique_estudiante_curso` (`id_estudiante_plan_estudio`,`id_curso`,`id_periodo_ciclo`),
  ADD KEY `fk_estudiante_curso` (`id_curso`),
  ADD KEY `fk_estudiante_curso_periodo_ciclo` (`id_periodo_ciclo`),
  ADD KEY `fk_estudiante_curso_estado` (`id_estudiante_estado`);

--
-- Indexes for table `estudiante_estado`
--
ALTER TABLE `estudiante_estado`
  ADD PRIMARY KEY (`id`),
  ADD UNIQUE KEY `codigo` (`codigo`);

--
-- Indexes for table `estudiante_estado_bitacora`
--
ALTER TABLE `estudiante_estado_bitacora`
  ADD PRIMARY KEY (`id`),
  ADD KEY `fk_estudiante_estado_bitacora_plan_estudio` (`id_estudiante_plan_estudio`),
  ADD KEY `fk_estudiante_estado_bitacora` (`id_estudiante_estado`);

--
-- Indexes for table `estudiante_plan_estudio`
--
ALTER TABLE `estudiante_plan_estudio`
  ADD PRIMARY KEY (`id`),
  ADD UNIQUE KEY `unique_estudiante_plan_estudio` (`id_estudiante`,`id_plan_estudio`),
  ADD KEY `fk_plan_estudio_estudiante` (`id_plan_estudio`),
  ADD KEY `fk_estudiante_plan_estudio_estado` (`id_estudiante_estado`);

--
-- Indexes for table `evaluacion`
--
ALTER TABLE `evaluacion`
  ADD PRIMARY KEY (`id`),
  ADD KEY `fk_evaluacion_unidad_integracion` (`id_unidad_integracion`),
  ADD KEY `fk_evaluacion_tipo` (`id_evaluacion_tipo`),
  ADD KEY `fk_evaluacion_padre` (`id_padre`);

--
-- Indexes for table `evaluacion_tipo`
--
ALTER TABLE `evaluacion_tipo`
  ADD PRIMARY KEY (`id`),
  ADD UNIQUE KEY `codigo` (`codigo`);

--
-- Indexes for table `penalizacion`
--
ALTER TABLE `penalizacion`
  ADD PRIMARY KEY (`id`),
  ADD UNIQUE KEY `codigo` (`codigo`);

--
-- Indexes for table `periodo`
--
ALTER TABLE `periodo`
  ADD PRIMARY KEY (`id`);

--
-- Indexes for table `periodo_ciclo`
--
ALTER TABLE `periodo_ciclo`
  ADD PRIMARY KEY (`id`),
  ADD UNIQUE KEY `id_periodo` (`id_periodo`);

--
-- Indexes for table `plan_estudio`
--
ALTER TABLE `plan_estudio`
  ADD PRIMARY KEY (`id`),
  ADD UNIQUE KEY `unique_plan_estudio` (`id_carrera`,`anio`);

--
-- Indexes for table `plan_estudio_ciclo`
--
ALTER TABLE `plan_estudio_ciclo`
  ADD PRIMARY KEY (`id`),
  ADD UNIQUE KEY `numero` (`numero`),
  ADD UNIQUE KEY `romano` (`romano`);

--
-- Indexes for table `plan_estudio_curso`
--
ALTER TABLE `plan_estudio_curso`
  ADD PRIMARY KEY (`id`),
  ADD UNIQUE KEY `unique_plan_estudio_curso` (`id_curso`,`id_plan_estudio`),
  ADD KEY `fk_plan_estudio_curso` (`id_plan_estudio`),
  ADD KEY `fk_plan_estudio_ciclo` (`id_plan_estudio_ciclo`);

--
-- Indexes for table `unidad_integracion`
--
ALTER TABLE `unidad_integracion`
  ADD PRIMARY KEY (`id`),
  ADD KEY `fk_unidad_integracion_plan_estudio` (`id_plan_estudio_curso`),
  ADD KEY `fk_unidad_integracion_periodo_ciclo` (`id_periodo_ciclo`),
  ADD KEY `fk_unidad_integracion_programa` (`id_programa`);

--
-- AUTO_INCREMENT for dumped tables
--

--
-- AUTO_INCREMENT for table `calificacion`
--
ALTER TABLE `calificacion`
  MODIFY `id` int(11) NOT NULL AUTO_INCREMENT;
--
-- AUTO_INCREMENT for table `calificacion_grupo`
--
ALTER TABLE `calificacion_grupo`
  MODIFY `id` int(11) NOT NULL AUTO_INCREMENT;
--
-- AUTO_INCREMENT for table `calificacion_penalizacion`
--
ALTER TABLE `calificacion_penalizacion`
  MODIFY `id` int(11) NOT NULL AUTO_INCREMENT;
--
-- AUTO_INCREMENT for table `carrera`
--
ALTER TABLE `carrera`
  MODIFY `id` int(11) NOT NULL AUTO_INCREMENT, AUTO_INCREMENT=5;
--
-- AUTO_INCREMENT for table `curso`
--
ALTER TABLE `curso`
  MODIFY `id` int(11) NOT NULL AUTO_INCREMENT, AUTO_INCREMENT=301;
--
-- AUTO_INCREMENT for table `curso_programa`
--
ALTER TABLE `curso_programa`
  MODIFY `id` int(11) NOT NULL AUTO_INCREMENT, AUTO_INCREMENT=23;
--
-- AUTO_INCREMENT for table `estudiante`
--
ALTER TABLE `estudiante`
  MODIFY `id` int(11) NOT NULL AUTO_INCREMENT, AUTO_INCREMENT=923;
--
-- AUTO_INCREMENT for table `estudiante_curso`
--
ALTER TABLE `estudiante_curso`
  MODIFY `id` int(11) NOT NULL AUTO_INCREMENT, AUTO_INCREMENT=219;
--
-- AUTO_INCREMENT for table `estudiante_estado`
--
ALTER TABLE `estudiante_estado`
  MODIFY `id` int(11) NOT NULL AUTO_INCREMENT, AUTO_INCREMENT=57;
--
-- AUTO_INCREMENT for table `estudiante_estado_bitacora`
--
ALTER TABLE `estudiante_estado_bitacora`
  MODIFY `id` int(11) NOT NULL AUTO_INCREMENT;
--
-- AUTO_INCREMENT for table `estudiante_plan_estudio`
--
ALTER TABLE `estudiante_plan_estudio`
  MODIFY `id` int(11) NOT NULL AUTO_INCREMENT, AUTO_INCREMENT=923;
--
-- AUTO_INCREMENT for table `evaluacion`
--
ALTER TABLE `evaluacion`
  MODIFY `id` int(11) NOT NULL AUTO_INCREMENT, AUTO_INCREMENT=101;
--
-- AUTO_INCREMENT for table `evaluacion_tipo`
--
ALTER TABLE `evaluacion_tipo`
  MODIFY `id` int(11) NOT NULL AUTO_INCREMENT, AUTO_INCREMENT=13;
--
-- AUTO_INCREMENT for table `penalizacion`
--
ALTER TABLE `penalizacion`
  MODIFY `id` int(11) NOT NULL AUTO_INCREMENT, AUTO_INCREMENT=25;
--
-- AUTO_INCREMENT for table `periodo`
--
ALTER TABLE `periodo`
  MODIFY `id` int(11) NOT NULL AUTO_INCREMENT, AUTO_INCREMENT=25;
--
-- AUTO_INCREMENT for table `periodo_ciclo`
--
ALTER TABLE `periodo_ciclo`
  MODIFY `id` int(11) NOT NULL AUTO_INCREMENT, AUTO_INCREMENT=25;
--
-- AUTO_INCREMENT for table `plan_estudio`
--
ALTER TABLE `plan_estudio`
  MODIFY `id` int(11) NOT NULL AUTO_INCREMENT, AUTO_INCREMENT=5;
--
-- AUTO_INCREMENT for table `plan_estudio_ciclo`
--
ALTER TABLE `plan_estudio_ciclo`
  MODIFY `id` int(11) NOT NULL AUTO_INCREMENT, AUTO_INCREMENT=57;
--
-- AUTO_INCREMENT for table `plan_estudio_curso`
--
ALTER TABLE `plan_estudio_curso`
  MODIFY `id` int(11) NOT NULL AUTO_INCREMENT, AUTO_INCREMENT=301;
--
-- AUTO_INCREMENT for table `unidad_integracion`
--
ALTER TABLE `unidad_integracion`
  MODIFY `id` int(11) NOT NULL AUTO_INCREMENT, AUTO_INCREMENT=9;
--
-- Constraints for dumped tables
--

--
-- Constraints for table `calificacion`
--
ALTER TABLE `calificacion`
  ADD CONSTRAINT `fk_calificacion_estudiante_curso` FOREIGN KEY (`id_estudiante_curso`) REFERENCES `estudiante_curso` (`id`),
  ADD CONSTRAINT `fk_calificacion_evaluacion` FOREIGN KEY (`id_evaluacion`) REFERENCES `evaluacion` (`id`),
  ADD CONSTRAINT `fk_calificacion_grupo` FOREIGN KEY (`id_calificacion_grupo`) REFERENCES `calificacion_grupo` (`id`),
  ADD CONSTRAINT `fk_calificacion_padre` FOREIGN KEY (`id_padre`) REFERENCES `calificacion` (`id`) ON DELETE SET NULL;

--
-- Constraints for table `calificacion_grupo`
--
ALTER TABLE `calificacion_grupo`
  ADD CONSTRAINT `fk_calificacion_grupo_evaluacion` FOREIGN KEY (`id_evaluacion`) REFERENCES `evaluacion` (`id`),
  ADD CONSTRAINT `fk_calificacion_grupo_padre` FOREIGN KEY (`id_padre`) REFERENCES `calificacion_grupo` (`id`) ON DELETE SET NULL;

--
-- Constraints for table `calificacion_penalizacion`
--
ALTER TABLE `calificacion_penalizacion`
  ADD CONSTRAINT `fk_calificacion_penalizacion` FOREIGN KEY (`id_calificacion`) REFERENCES `calificacion` (`id`),
  ADD CONSTRAINT `fk_penalizacion_calificacion` FOREIGN KEY (`id_penalizacion`) REFERENCES `penalizacion` (`id`);

--
-- Constraints for table `curso_programa`
--
ALTER TABLE `curso_programa`
  ADD CONSTRAINT `fk_plan_estudio_curso_programa` FOREIGN KEY (`id_plan_estudio_curso`) REFERENCES `plan_estudio_curso` (`id`);

--
-- Constraints for table `estudiante`
--
ALTER TABLE `estudiante`
  ADD CONSTRAINT `fk_estudiante_persona` FOREIGN KEY (`id_persona`) REFERENCES `odontoped_administracion`.`persona` (`id`);

--
-- Constraints for table `estudiante_curso`
--
ALTER TABLE `estudiante_curso`
  ADD CONSTRAINT `fk_estudiante_curso` FOREIGN KEY (`id_curso`) REFERENCES `curso` (`id`),
  ADD CONSTRAINT `fk_estudiante_curso_estado` FOREIGN KEY (`id_estudiante_estado`) REFERENCES `estudiante_estado` (`id`),
  ADD CONSTRAINT `fk_estudiante_curso_periodo_ciclo` FOREIGN KEY (`id_periodo_ciclo`) REFERENCES `periodo_ciclo` (`id`),
  ADD CONSTRAINT `fk_estudiante_curso_plan_estudio` FOREIGN KEY (`id_estudiante_plan_estudio`) REFERENCES `estudiante_plan_estudio` (`id`);

--
-- Constraints for table `estudiante_estado_bitacora`
--
ALTER TABLE `estudiante_estado_bitacora`
  ADD CONSTRAINT `fk_estudiante_estado_bitacora` FOREIGN KEY (`id_estudiante_estado`) REFERENCES `estudiante_estado` (`id`),
  ADD CONSTRAINT `fk_estudiante_estado_bitacora_plan_estudio` FOREIGN KEY (`id_estudiante_plan_estudio`) REFERENCES `estudiante_plan_estudio` (`id`);

--
-- Constraints for table `estudiante_plan_estudio`
--
ALTER TABLE `estudiante_plan_estudio`
  ADD CONSTRAINT `fk_estudiante_plan_estudio` FOREIGN KEY (`id_estudiante`) REFERENCES `estudiante` (`id`),
  ADD CONSTRAINT `fk_estudiante_plan_estudio_estado` FOREIGN KEY (`id_estudiante_estado`) REFERENCES `estudiante_estado` (`id`),
  ADD CONSTRAINT `fk_plan_estudio_estudiante` FOREIGN KEY (`id_plan_estudio`) REFERENCES `plan_estudio` (`id`);

--
-- Constraints for table `evaluacion`
--
ALTER TABLE `evaluacion`
  ADD CONSTRAINT `fk_evaluacion_padre` FOREIGN KEY (`id_padre`) REFERENCES `evaluacion` (`id`) ON DELETE SET NULL,
  ADD CONSTRAINT `fk_evaluacion_tipo` FOREIGN KEY (`id_evaluacion_tipo`) REFERENCES `evaluacion_tipo` (`id`),
  ADD CONSTRAINT `fk_evaluacion_unidad_integracion` FOREIGN KEY (`id_unidad_integracion`) REFERENCES `unidad_integracion` (`id`);

--
-- Constraints for table `periodo_ciclo`
--
ALTER TABLE `periodo_ciclo`
  ADD CONSTRAINT `fk_periodo_ciclo` FOREIGN KEY (`id_periodo`) REFERENCES `periodo` (`id`);

--
-- Constraints for table `plan_estudio`
--
ALTER TABLE `plan_estudio`
  ADD CONSTRAINT `fk_plan_estudio_carrera` FOREIGN KEY (`id_carrera`) REFERENCES `carrera` (`id`);

--
-- Constraints for table `plan_estudio_curso`
--
ALTER TABLE `plan_estudio_curso`
  ADD CONSTRAINT `fk_curso_plan_estudio` FOREIGN KEY (`id_curso`) REFERENCES `curso` (`id`),
  ADD CONSTRAINT `fk_plan_estudio_ciclo` FOREIGN KEY (`id_plan_estudio_ciclo`) REFERENCES `plan_estudio_ciclo` (`id`),
  ADD CONSTRAINT `fk_plan_estudio_curso` FOREIGN KEY (`id_plan_estudio`) REFERENCES `plan_estudio` (`id`);

--
-- Constraints for table `unidad_integracion`
--
ALTER TABLE `unidad_integracion`
  ADD CONSTRAINT `fk_unidad_integracion_periodo_ciclo` FOREIGN KEY (`id_periodo_ciclo`) REFERENCES `periodo_ciclo` (`id`),
  ADD CONSTRAINT `fk_unidad_integracion_plan_estudio` FOREIGN KEY (`id_plan_estudio_curso`) REFERENCES `plan_estudio_curso` (`id`);

/*!40101 SET CHARACTER_SET_CLIENT=@OLD_CHARACTER_SET_CLIENT */;
/*!40101 SET CHARACTER_SET_RESULTS=@OLD_CHARACTER_SET_RESULTS */;
/*!40101 SET COLLATION_CONNECTION=@OLD_COLLATION_CONNECTION */;
