-- phpMyAdmin SQL Dump
-- version 4.6.6deb4
-- https://www.phpmyadmin.net/
--
-- Host: localhost
-- Generation Time: Jun 29, 2020 at 02:10 AM
-- Server version: 10.4.12-MariaDB-1:10.4.12+maria~stretch-log
-- PHP Version: 7.0.33-19+0~20200202.27+debian9~1.gbp5d283d

SET SQL_MODE = "NO_AUTO_VALUE_ON_ZERO";
SET time_zone = "+00:00";


/*!40101 SET @OLD_CHARACTER_SET_CLIENT=@@CHARACTER_SET_CLIENT */;
/*!40101 SET @OLD_CHARACTER_SET_RESULTS=@@CHARACTER_SET_RESULTS */;
/*!40101 SET @OLD_COLLATION_CONNECTION=@@COLLATION_CONNECTION */;
/*!40101 SET NAMES utf8mb4 */;

--
-- Database: `administracion`
--

-- --------------------------------------------------------

--
-- Table structure for table `catalogo`
--

CREATE TABLE `catalogo` (
  `id` int(11) NOT NULL,
  `id_catalogo_tipo` int(11) NOT NULL,
  `id_padre` int(11) DEFAULT NULL,
  `codigo` varchar(50) COLLATE utf8mb4_unicode_ci NOT NULL,
  `nombre` varchar(255) COLLATE utf8mb4_unicode_ci NOT NULL,
  `descripcion` varchar(500) COLLATE utf8mb4_unicode_ci DEFAULT NULL,
  `creado` timestamp NOT NULL DEFAULT current_timestamp() ON UPDATE current_timestamp()
) ENGINE=InnoDB DEFAULT CHARSET=utf8mb4 COLLATE=utf8mb4_unicode_ci COMMENT='persona_atributo\ntelefono_movil\ntelefono_fijo\ndireccion_trabajo\ndireccion_procedencia\ndireccion_area';

--
-- Dumping data for table `catalogo`
--

INSERT INTO `catalogo` (`id`, `id_catalogo_tipo`, `id_padre`, `codigo`, `nombre`, `descripcion`, `creado`) VALUES
(100, 34, NULL, 'div_1', 'San Marcos', NULL, '2020-02-18 23:18:01'),
(101, 34, 121, 'div_2', 'San Salvador', NULL, '2020-02-10 23:18:01'),
(102, 35, NULL, 'solte', 'Soltero', NULL, '2020-02-18 23:18:01'),
(103, 35, NULL, 'casad', 'Casado', NULL, '2020-02-18 23:18:01'),
(104, 35, NULL, 'viudo', 'Viudo', NULL, '2020-02-18 23:18:01'),
(105, 35, NULL, 'divor', 'Divorciado', NULL, '2020-02-18 23:18:01'),
(106, 36, NULL, 'unive', 'Universitario', NULL, '2020-02-18 23:18:01'),
(107, 36, NULL, 'media', 'Educacion Media', NULL, '2020-02-18 23:18:01'),
(108, 36, NULL, 'basic', 'Educacion Basica', NULL, '2020-02-18 23:18:01'),
(109, 37, NULL, 'ocu_1', 'Ingeniero Industrial', NULL, '2020-02-18 23:18:01'),
(110, 37, NULL, 'ocu_2', 'Ingeniero en Sistemas', NULL, '2020-02-18 23:18:01'),
(111, 38, NULL, 'pro_1', 'Ingeniero', NULL, '2020-02-18 23:18:01'),
(112, 38, NULL, 'pro_2', 'Contador', NULL, '2020-02-18 23:18:01'),
(113, 39, NULL, 'priva', 'Privada', NULL, '2020-02-18 23:18:01'),
(114, 39, NULL, 'udes', 'UDES', NULL, '2020-02-18 23:18:01'),
(115, 39, NULL, 'hospi', 'Hospital', NULL, '2020-02-18 23:18:01'),
(116, 39, NULL, 'sanmi', 'Sanidad Militar', NULL, '2020-02-18 23:18:01'),
(117, 39, NULL, 'pnc', 'PNC', NULL, '2020-02-18 23:18:01'),
(118, 39, NULL, 'otros', 'Otros', NULL, '2020-02-18 23:18:01'),
(119, 40, NULL, 'sex_m', 'Masculino', NULL, '2020-02-18 23:18:01'),
(120, 40, NULL, 'sex_f', 'Femenino', NULL, '2020-02-18 23:18:01'),
(121, 41, NULL, 'are_1', 'San Salvador', NULL, '2020-02-18 23:18:01'),
(122, 41, NULL, 'are_2', 'Santa Ana', NULL, '2020-02-18 23:18:01'),
(123, 41, NULL, 'are_3', 'La libertad', NULL, '2020-02-18 23:18:01'),
(124, 42, NULL, 'urban', 'Urbano', NULL, '2020-02-18 23:18:01'),
(125, 42, NULL, 'rural', 'Rural', NULL, '2020-02-18 23:18:01'),
(126, 43, NULL, 'adult', 'Adulto', NULL, '2020-02-18 23:18:01'),
(127, 43, NULL, 'adole', 'Adolescente', NULL, '2020-02-18 23:18:01'),
(128, 43, NULL, 'niño', 'Niño', NULL, '2020-02-18 23:18:01'),
(129, 44, NULL, 'fijo', 'Telefono Fijo', NULL, '2020-02-18 23:18:01'),
(130, 44, NULL, 'movil', 'Telefono Movil', NULL, '2020-02-18 23:18:01'),
(131, 44, NULL, 'teltr', 'Telefono Trabajo', NULL, '2020-02-18 23:18:01'),
(132, 44, NULL, 'telap', 'Telefono Apoderado', NULL, '2020-02-18 23:18:01'),
(135, 41, NULL, 'area_4', 'Ahuachapán', NULL, '2020-06-16 16:57:19'),
(136, 41, NULL, 'area_5', 'Sonsonate', NULL, '2020-06-16 16:58:05'),
(137, 41, NULL, 'area_6', ' Usulután', NULL, '2020-06-16 16:58:19'),
(138, 41, NULL, 'area_7', 'San Miguel', NULL, '2020-06-16 16:58:25'),
(139, 41, NULL, 'area_8', 'Morazán', NULL, '2020-06-16 16:58:22'),
(140, 41, NULL, 'area_9', 'La Unión', NULL, '2020-06-16 16:58:31'),
(141, 41, NULL, 'area_10', 'Chalatenango', NULL, '2020-06-16 16:58:29'),
(142, 41, NULL, 'area_11', 'Cuscatlán', NULL, '2020-06-16 16:58:27'),
(143, 41, NULL, 'area_12', 'La Paz', NULL, '2020-06-16 16:58:34'),
(144, 41, NULL, 'area_13', 'Cabañas', NULL, '2020-06-16 16:58:38'),
(145, 41, NULL, 'area_14', 'San Vicente', NULL, '2020-06-16 16:57:25'),
(146, 34, 121, 'div_3', 'San Salvador', NULL, '2020-02-18 23:18:01'),
(147, 34, 121, 'div_4', 'Aguilares', NULL, '2020-02-18 23:18:01'),
(148, 34, 121, 'div_5', 'Apopa', NULL, '2020-02-18 23:18:01'),
(149, 34, 121, 'div_6', 'Ayutuxtepeque', NULL, '2020-02-18 23:18:01'),
(150, 34, 121, 'div_7', 'Cuscatancingo', NULL, '2020-02-18 23:18:01'),
(151, 34, 121, 'div_8', 'Delgado', NULL, '2020-02-18 23:18:01'),
(152, 34, 121, 'div_9', 'El Paisnal', NULL, '2020-02-18 23:18:01'),
(153, 34, 121, 'div_10', 'Guazapa', NULL, '2020-02-18 23:18:01'),
(154, 34, 121, 'div_11', 'Ilopango', NULL, '2020-02-18 23:18:01'),
(155, 34, 121, 'div_12', 'Mejicanos', NULL, '2020-02-18 23:18:01'),
(156, 34, 121, 'div_13', 'Nejapa', NULL, '2020-02-18 23:18:01'),
(157, 34, 121, 'div_14', 'Panchimalco', NULL, '2020-02-18 23:18:01'),
(158, 34, 121, 'div_15', 'Rosario de Mora', NULL, '2020-02-18 23:18:01'),
(159, 34, 121, 'div_16', 'San Marcos', NULL, '2020-02-18 23:18:01'),
(160, 34, 121, 'div_17', 'San Martin', NULL, '2020-02-18 23:18:01'),
(161, 34, 121, 'div_18', 'Santiago Texacuangos', NULL, '2020-02-18 23:18:01'),
(162, 34, 121, 'div_19', 'Santo Tomas', NULL, '2020-02-18 23:18:01'),
(163, 34, 121, 'div_20', 'Soyapango', NULL, '2020-02-18 23:18:01'),
(164, 34, 121, 'div_21', 'Tonacatepeque', NULL, '2020-02-18 23:18:01');

-- --------------------------------------------------------

--
-- Table structure for table `catalogo_tipo`
--

CREATE TABLE `catalogo_tipo` (
  `id` int(11) NOT NULL,
  `id_padre` int(11) DEFAULT NULL,
  `codigo` varchar(50) COLLATE utf8mb4_unicode_ci NOT NULL,
  `nombre` varchar(255) COLLATE utf8mb4_unicode_ci NOT NULL,
  `descripcion` varchar(500) COLLATE utf8mb4_unicode_ci DEFAULT NULL,
  `creado` timestamp NOT NULL DEFAULT current_timestamp() ON UPDATE current_timestamp()
) ENGINE=InnoDB DEFAULT CHARSET=utf8mb4 COLLATE=utf8mb4_unicode_ci COMMENT='pais\ndepartamento\nmunicipio\ninstitucion_tipo\ntelefono_tipo\ndireccion_tipo\npersona_atributo_tipo\nsexo\ngenero\nestado_civil\nprofesion u oficio\nnivel_educativo';

--
-- Dumping data for table `catalogo_tipo`
--

INSERT INTO `catalogo_tipo` (`id`, `id_padre`, `codigo`, `nombre`, `descripcion`, `creado`) VALUES
(34, NULL, 'division_politica', 'Division Politica', '', '2020-02-18 23:18:01'),
(35, NULL, 'estado_civil', 'Estado Civil', 'Estados Civiles', '2020-02-18 23:18:01'),
(36, NULL, 'nivel_academico', 'Nivel Academico', '', '2020-02-18 23:18:01'),
(37, NULL, 'ocupacion', 'Ocupacion', '', '2020-02-18 23:18:01'),
(38, NULL, 'profesion', 'Profesion', '', '2020-02-18 23:18:01'),
(39, NULL, 'referencia', 'Referencia', '', '2020-02-18 23:18:01'),
(40, NULL, 'sexo', 'Sexo', 'Sexo Persona', '2020-02-18 23:18:01'),
(41, NULL, 'tipo_area', 'Tipo de Area', '', '2020-02-18 23:18:01'),
(42, NULL, 'tipo_direccion', 'Tipo de Direccion', '', '2020-02-18 23:18:01'),
(43, NULL, 'tipo_paciente', 'Tipo de Paciente', '', '2020-02-18 23:18:01'),
(44, NULL, 'tipo_telefono', 'Tipo de Telefono', '', '2020-02-18 23:18:01');

-- --------------------------------------------------------

--
-- Table structure for table `cuenta`
--

CREATE TABLE `cuenta` (
  `id` int(11) NOT NULL,
  `creado` timestamp NOT NULL DEFAULT current_timestamp() ON UPDATE current_timestamp()
) ENGINE=InnoDB DEFAULT CHARSET=utf8mb4 COLLATE=utf8mb4_unicode_ci;

--
-- Dumping data for table `cuenta`
--

INSERT INTO `cuenta` (`id`, `creado`) VALUES
(1, '2020-02-18 23:18:02'),
(410, '2020-02-18 23:18:07'),
(411, '2020-02-18 23:18:07'),
(412, '2020-02-18 23:18:07'),
(413, '2020-02-18 23:18:07'),
(414, '2020-02-18 23:18:07'),
(415, '2020-02-18 23:18:07'),
(416, '2020-02-18 23:18:07'),
(417, '2020-02-18 23:18:07'),
(418, '2020-02-18 23:18:07'),
(419, '2020-02-18 23:18:07'),
(420, '2020-02-18 23:18:07'),
(421, '2020-02-18 23:18:07'),
(422, '2020-02-18 23:18:07'),
(423, '2020-02-18 23:18:07'),
(424, '2020-02-18 23:18:07'),
(425, '2020-02-18 23:18:07'),
(426, '2020-02-18 23:18:07'),
(427, '2020-02-18 23:18:07'),
(428, '2020-02-18 23:18:07'),
(429, '2020-02-18 23:18:07'),
(430, '2020-02-18 23:18:07'),
(431, '2020-02-18 23:18:07'),
(432, '2020-02-18 23:18:07'),
(433, '2020-02-18 23:18:07'),
(434, '2020-02-18 23:18:07'),
(435, '2020-02-18 23:18:07'),
(436, '2020-02-18 23:18:07'),
(437, '2020-02-18 23:18:07'),
(438, '2020-02-18 23:18:07'),
(439, '2020-02-18 23:18:07'),
(440, '2020-02-18 23:18:07'),
(441, '2020-02-18 23:18:07'),
(442, '2020-02-18 23:18:07'),
(443, '2020-02-18 23:18:07'),
(444, '2020-02-18 23:18:07'),
(445, '2020-02-18 23:18:07'),
(446, '2020-02-18 23:18:08'),
(447, '2020-02-18 23:18:08'),
(448, '2020-02-18 23:18:08'),
(449, '2020-02-18 23:18:08'),
(450, '2020-02-18 23:18:08'),
(451, '2020-02-18 23:18:08'),
(452, '2020-02-18 23:18:08'),
(453, '2020-02-18 23:18:08'),
(454, '2020-02-18 23:18:08'),
(455, '2020-02-18 23:18:08'),
(456, '2020-02-18 23:18:08'),
(457, '2020-02-18 23:18:08'),
(458, '2020-02-18 23:18:08'),
(459, '2020-02-18 23:18:08'),
(460, '2020-02-18 23:18:08'),
(461, '2020-02-18 23:18:08'),
(462, '2020-02-18 23:18:08'),
(463, '2020-02-18 23:18:08'),
(464, '2020-02-18 23:18:08'),
(465, '2020-02-18 23:18:08'),
(466, '2020-02-18 23:18:08'),
(467, '2020-02-18 23:18:08'),
(468, '2020-02-18 23:18:08'),
(469, '2020-02-18 23:18:08'),
(470, '2020-02-18 23:18:08'),
(471, '2020-02-18 23:18:08'),
(472, '2020-02-18 23:18:08'),
(473, '2020-02-18 23:18:08'),
(474, '2020-02-18 23:18:08'),
(475, '2020-02-18 23:18:08'),
(476, '2020-02-18 23:18:08'),
(477, '2020-02-18 23:18:08'),
(478, '2020-02-18 23:18:08'),
(479, '2020-02-18 23:18:08'),
(480, '2020-02-18 23:18:08'),
(481, '2020-02-18 23:18:08'),
(482, '2020-02-18 23:18:08'),
(483, '2020-02-18 23:18:08'),
(484, '2020-02-18 23:18:08'),
(485, '2020-02-18 23:18:08'),
(486, '2020-02-18 23:18:08'),
(487, '2020-02-18 23:18:08'),
(488, '2020-02-18 23:18:08'),
(489, '2020-02-18 23:18:08'),
(490, '2020-02-18 23:18:08'),
(491, '2020-02-18 23:18:08'),
(492, '2020-02-18 23:18:08'),
(493, '2020-02-18 23:18:08'),
(494, '2020-02-18 23:18:08'),
(495, '2020-02-18 23:18:08'),
(496, '2020-02-18 23:18:08'),
(497, '2020-02-18 23:18:08'),
(498, '2020-02-18 23:18:08'),
(499, '2020-02-18 23:18:08'),
(500, '2020-02-18 23:18:08'),
(501, '2020-02-18 23:18:08'),
(502, '2020-02-18 23:18:08'),
(503, '2020-02-18 23:18:08'),
(504, '2020-02-18 23:18:08'),
(505, '2020-02-18 23:18:08'),
(506, '2020-02-18 23:18:08'),
(507, '2020-02-18 23:18:08'),
(508, '2020-02-18 23:18:08'),
(509, '2020-02-18 23:18:08'),
(510, '2020-02-18 23:18:08'),
(511, '2020-02-18 23:18:08'),
(512, '2020-02-18 23:18:08'),
(513, '2020-02-18 23:18:08'),
(514, '2020-02-18 23:18:08'),
(515, '2020-02-18 23:18:08'),
(516, '2020-02-18 23:18:08'),
(517, '2020-02-18 23:18:08'),
(518, '2020-02-18 23:18:08'),
(519, '2020-02-18 23:18:08'),
(520, '2020-02-18 23:18:08'),
(521, '2020-02-18 23:18:08'),
(522, '2020-02-18 23:18:08'),
(523, '2020-02-18 23:18:08'),
(524, '2020-02-18 23:18:08'),
(525, '2020-02-18 23:18:08'),
(526, '2020-02-18 23:18:08'),
(527, '2020-02-18 23:18:08'),
(528, '2020-02-18 23:18:08'),
(529, '2020-02-18 23:18:08'),
(530, '2020-02-18 23:18:08'),
(531, '2020-02-18 23:18:08'),
(532, '2020-02-18 23:18:08'),
(533, '2020-02-18 23:18:08'),
(534, '2020-02-18 23:18:08'),
(535, '2020-02-18 23:18:08'),
(536, '2020-02-18 23:18:08'),
(537, '2020-02-18 23:18:08'),
(538, '2020-02-18 23:18:08'),
(539, '2020-02-18 23:18:08'),
(540, '2020-02-18 23:18:08'),
(541, '2020-02-18 23:18:08'),
(542, '2020-02-18 23:18:08'),
(543, '2020-02-18 23:18:08'),
(544, '2020-02-18 23:18:08'),
(545, '2020-02-18 23:18:08'),
(546, '2020-02-18 23:18:08'),
(547, '2020-02-18 23:18:08'),
(548, '2020-02-18 23:18:08'),
(549, '2020-02-18 23:18:08'),
(550, '2020-02-18 23:18:08'),
(551, '2020-02-18 23:18:08'),
(552, '2020-02-18 23:18:08'),
(553, '2020-02-18 23:18:08'),
(554, '2020-02-18 23:18:08'),
(555, '2020-02-18 23:18:08'),
(556, '2020-02-18 23:18:08'),
(557, '2020-02-18 23:18:08'),
(558, '2020-02-18 23:18:08'),
(559, '2020-02-18 23:18:08'),
(560, '2020-02-18 23:18:08'),
(561, '2020-02-18 23:18:08'),
(562, '2020-02-18 23:18:08'),
(563, '2020-02-18 23:18:08'),
(564, '2020-02-18 23:18:08'),
(565, '2020-02-18 23:18:08'),
(566, '2020-02-18 23:18:08'),
(567, '2020-02-18 23:18:08'),
(568, '2020-02-18 23:18:08'),
(569, '2020-02-18 23:18:08'),
(570, '2020-02-18 23:18:08'),
(571, '2020-02-18 23:18:08'),
(572, '2020-02-18 23:18:08'),
(573, '2020-02-18 23:18:08'),
(574, '2020-02-18 23:18:08'),
(575, '2020-02-18 23:18:08'),
(576, '2020-02-18 23:18:08'),
(577, '2020-02-18 23:18:08'),
(578, '2020-02-18 23:18:08'),
(579, '2020-02-18 23:18:08'),
(580, '2020-02-18 23:18:08'),
(581, '2020-02-18 23:18:08'),
(582, '2020-02-18 23:18:08'),
(583, '2020-02-18 23:18:08'),
(584, '2020-02-18 23:18:08'),
(585, '2020-02-18 23:18:08'),
(586, '2020-02-18 23:18:08'),
(587, '2020-02-18 23:18:08'),
(588, '2020-02-18 23:18:08'),
(589, '2020-02-18 23:18:08'),
(590, '2020-02-18 23:18:08'),
(591, '2020-02-18 23:18:08'),
(592, '2020-02-18 23:18:08'),
(593, '2020-02-18 23:18:08'),
(594, '2020-02-18 23:18:08'),
(595, '2020-02-18 23:18:08'),
(596, '2020-02-18 23:18:08'),
(597, '2020-02-18 23:18:08'),
(598, '2020-02-18 23:18:08'),
(599, '2020-02-18 23:18:08'),
(600, '2020-02-18 23:18:08'),
(601, '2020-02-18 23:18:08'),
(602, '2020-02-18 23:18:08'),
(603, '2020-02-18 23:18:08'),
(604, '2020-02-18 23:18:08'),
(605, '2020-02-18 23:18:08'),
(606, '2020-02-18 23:18:08'),
(607, '2020-02-18 23:18:08'),
(608, '2020-02-18 23:18:08'),
(609, '2020-02-18 23:18:08'),
(610, '2020-02-18 23:18:08'),
(611, '2020-02-18 23:18:08'),
(612, '2020-02-18 23:18:08'),
(613, '2020-02-18 23:18:08'),
(614, '2020-02-18 23:18:08'),
(615, '2020-02-18 23:18:08'),
(616, '2020-02-18 23:18:08'),
(617, '2020-02-18 23:18:08'),
(618, '2020-02-18 23:18:08'),
(619, '2020-02-18 23:18:08'),
(620, '2020-02-18 23:18:08'),
(621, '2020-02-18 23:18:08'),
(622, '2020-02-18 23:18:08'),
(623, '2020-02-18 23:18:08'),
(624, '2020-02-18 23:18:08'),
(625, '2020-02-18 23:18:08'),
(626, '2020-02-18 23:18:08'),
(627, '2020-02-18 23:18:08'),
(628, '2020-02-18 23:18:08'),
(629, '2020-02-18 23:18:08'),
(630, '2020-02-18 23:18:08'),
(631, '2020-02-18 23:18:08'),
(632, '2020-02-18 23:18:08'),
(633, '2020-02-18 23:18:08'),
(634, '2020-02-18 23:18:08'),
(635, '2020-02-18 23:18:08'),
(636, '2020-02-18 23:18:08'),
(637, '2020-02-18 23:18:08'),
(638, '2020-02-18 23:18:08'),
(639, '2020-02-18 23:18:08'),
(640, '2020-02-18 23:18:08'),
(641, '2020-02-18 23:18:08'),
(642, '2020-02-18 23:18:08'),
(643, '2020-02-18 23:18:08'),
(644, '2020-02-18 23:18:08'),
(645, '2020-02-18 23:18:08'),
(646, '2020-02-18 23:18:08'),
(647, '2020-02-18 23:18:08'),
(648, '2020-02-18 23:18:08'),
(649, '2020-02-18 23:18:08'),
(650, '2020-02-18 23:18:08'),
(651, '2020-02-18 23:18:08'),
(652, '2020-02-18 23:18:08'),
(653, '2020-02-18 23:18:08'),
(654, '2020-02-18 23:18:08'),
(655, '2020-02-18 23:18:08'),
(656, '2020-02-18 23:18:08'),
(657, '2020-02-18 23:18:08'),
(658, '2020-02-18 23:18:08'),
(659, '2020-02-18 23:18:08'),
(660, '2020-02-18 23:18:08'),
(661, '2020-02-18 23:18:08'),
(662, '2020-02-18 23:18:08'),
(663, '2020-02-18 23:18:08'),
(664, '2020-02-18 23:18:08'),
(665, '2020-02-18 23:18:08'),
(666, '2020-02-18 23:18:08'),
(667, '2020-02-18 23:18:08'),
(668, '2020-02-18 23:18:08'),
(669, '2020-02-18 23:18:08'),
(670, '2020-02-18 23:18:08'),
(671, '2020-02-18 23:18:08'),
(672, '2020-02-18 23:18:08'),
(673, '2020-02-18 23:18:08'),
(674, '2020-02-18 23:18:08'),
(675, '2020-02-18 23:18:08'),
(676, '2020-02-18 23:18:08'),
(677, '2020-02-18 23:18:08'),
(678, '2020-02-18 23:18:08'),
(679, '2020-02-18 23:18:08'),
(680, '2020-02-18 23:18:08'),
(681, '2020-02-18 23:18:08'),
(682, '2020-02-18 23:18:08'),
(683, '2020-02-18 23:18:08'),
(684, '2020-02-18 23:18:08'),
(685, '2020-02-18 23:18:08'),
(686, '2020-02-18 23:18:08'),
(687, '2020-02-18 23:18:08'),
(688, '2020-02-18 23:18:08'),
(689, '2020-02-18 23:18:08'),
(690, '2020-02-18 23:18:08'),
(691, '2020-02-18 23:18:08'),
(692, '2020-02-18 23:18:08'),
(693, '2020-02-18 23:18:08'),
(694, '2020-02-18 23:18:08'),
(695, '2020-02-18 23:18:08'),
(696, '2020-02-18 23:18:08'),
(697, '2020-02-18 23:18:08'),
(698, '2020-02-18 23:18:08'),
(699, '2020-02-18 23:18:08'),
(700, '2020-02-18 23:18:08'),
(701, '2020-02-18 23:18:08'),
(702, '2020-02-18 23:18:08'),
(703, '2020-02-18 23:18:08'),
(704, '2020-02-18 23:18:08'),
(705, '2020-02-18 23:18:08'),
(706, '2020-02-18 23:18:08'),
(707, '2020-02-18 23:18:08'),
(708, '2020-02-18 23:18:08'),
(709, '2020-02-18 23:18:08'),
(710, '2020-02-18 23:18:08'),
(711, '2020-02-18 23:18:08'),
(712, '2020-02-18 23:18:08'),
(713, '2020-02-18 23:18:08'),
(714, '2020-02-18 23:18:08'),
(715, '2020-02-18 23:18:08'),
(716, '2020-02-18 23:18:08'),
(717, '2020-02-18 23:18:08'),
(718, '2020-02-18 23:18:08'),
(719, '2020-02-18 23:18:08'),
(720, '2020-02-18 23:18:08'),
(721, '2020-02-18 23:18:08'),
(722, '2020-02-18 23:18:08'),
(723, '2020-02-18 23:18:08'),
(724, '2020-02-18 23:18:08'),
(725, '2020-02-18 23:18:08'),
(726, '2020-02-18 23:18:08'),
(727, '2020-02-18 23:18:08'),
(728, '2020-02-18 23:18:08'),
(729, '2020-02-18 23:18:08'),
(730, '2020-02-18 23:18:08'),
(731, '2020-02-18 23:18:08'),
(732, '2020-02-18 23:18:08'),
(733, '2020-02-18 23:18:08'),
(734, '2020-02-18 23:18:08'),
(735, '2020-02-18 23:18:08'),
(736, '2020-02-18 23:18:08'),
(737, '2020-02-18 23:18:08'),
(738, '2020-02-18 23:18:08'),
(739, '2020-02-18 23:18:08'),
(740, '2020-02-18 23:18:08'),
(741, '2020-02-18 23:18:08'),
(742, '2020-02-18 23:18:08'),
(743, '2020-02-18 23:18:08'),
(744, '2020-02-18 23:18:08'),
(745, '2020-02-18 23:18:08'),
(746, '2020-02-18 23:18:08'),
(747, '2020-02-18 23:18:08'),
(748, '2020-02-18 23:18:08'),
(749, '2020-02-18 23:18:08'),
(750, '2020-02-18 23:18:08'),
(751, '2020-02-18 23:18:08'),
(752, '2020-02-18 23:18:08'),
(753, '2020-02-18 23:18:08'),
(754, '2020-02-18 23:18:08'),
(755, '2020-02-18 23:18:08'),
(756, '2020-02-18 23:18:08'),
(757, '2020-02-18 23:18:08'),
(758, '2020-02-18 23:18:08'),
(759, '2020-02-18 23:18:08'),
(760, '2020-02-18 23:18:08'),
(761, '2020-02-18 23:18:08'),
(762, '2020-02-18 23:18:08'),
(763, '2020-02-18 23:18:08'),
(764, '2020-02-18 23:18:08'),
(765, '2020-02-18 23:18:08'),
(766, '2020-02-18 23:18:08'),
(767, '2020-02-18 23:18:08'),
(768, '2020-02-18 23:18:08'),
(769, '2020-02-18 23:18:08'),
(770, '2020-02-18 23:18:08'),
(771, '2020-02-18 23:18:08'),
(772, '2020-02-18 23:18:08'),
(773, '2020-02-18 23:18:08'),
(774, '2020-02-18 23:18:08'),
(775, '2020-02-18 23:18:08'),
(776, '2020-02-18 23:18:08'),
(777, '2020-02-18 23:18:08'),
(778, '2020-02-18 23:18:08'),
(779, '2020-02-18 23:18:08'),
(780, '2020-02-18 23:18:08'),
(781, '2020-02-18 23:18:08'),
(782, '2020-02-18 23:18:08'),
(783, '2020-02-18 23:18:08'),
(784, '2020-02-18 23:18:08'),
(785, '2020-02-18 23:18:08'),
(786, '2020-02-18 23:18:08'),
(787, '2020-02-18 23:18:08'),
(788, '2020-02-18 23:18:08'),
(789, '2020-02-18 23:18:08'),
(790, '2020-02-18 23:18:08'),
(791, '2020-02-18 23:18:08'),
(792, '2020-02-18 23:18:08'),
(793, '2020-02-18 23:18:08'),
(794, '2020-02-18 23:18:08'),
(795, '2020-02-18 23:18:08'),
(796, '2020-02-18 23:18:08'),
(797, '2020-02-18 23:18:08'),
(798, '2020-02-18 23:18:08'),
(799, '2020-02-18 23:18:08'),
(800, '2020-02-18 23:18:08'),
(801, '2020-02-18 23:18:08'),
(802, '2020-02-18 23:18:08'),
(803, '2020-02-18 23:18:08'),
(804, '2020-02-18 23:18:08'),
(805, '2020-02-18 23:18:08'),
(806, '2020-02-18 23:18:08'),
(807, '2020-02-18 23:18:08'),
(808, '2020-02-18 23:18:08'),
(809, '2020-02-18 23:18:08'),
(810, '2020-02-18 23:18:08'),
(811, '2020-02-18 23:18:08'),
(812, '2020-02-18 23:18:08'),
(813, '2020-02-18 23:18:08'),
(814, '2020-02-18 23:18:08'),
(815, '2020-02-18 23:18:08'),
(816, '2020-02-18 23:18:08'),
(817, '2020-02-18 23:18:08'),
(818, '2020-02-18 23:18:08'),
(819, '2020-02-18 23:18:08'),
(820, '2020-02-18 23:18:08'),
(821, '2020-02-18 23:18:08'),
(822, '2020-02-18 23:18:08'),
(823, '2020-02-18 23:18:08'),
(824, '2020-02-18 23:18:08'),
(825, '2020-02-18 23:18:08'),
(826, '2020-02-18 23:18:08'),
(827, '2020-02-18 23:18:08'),
(828, '2020-02-18 23:18:08'),
(829, '2020-02-18 23:18:08'),
(830, '2020-02-18 23:18:08'),
(831, '2020-02-18 23:18:08'),
(832, '2020-02-18 23:18:08'),
(833, '2020-02-18 23:18:08'),
(834, '2020-02-18 23:18:08'),
(835, '2020-02-18 23:18:08'),
(836, '2020-02-18 23:18:08'),
(837, '2020-02-18 23:18:08'),
(838, '2020-02-18 23:18:08'),
(839, '2020-02-18 23:18:08'),
(840, '2020-02-18 23:18:08'),
(841, '2020-02-18 23:18:08'),
(842, '2020-02-18 23:18:08'),
(843, '2020-02-18 23:18:08'),
(844, '2020-02-18 23:18:08'),
(845, '2020-02-18 23:18:08'),
(846, '2020-02-18 23:18:08'),
(847, '2020-02-18 23:18:08'),
(848, '2020-02-18 23:18:08'),
(849, '2020-02-18 23:18:08'),
(850, '2020-02-18 23:18:08'),
(851, '2020-02-18 23:18:08'),
(852, '2020-02-18 23:18:08'),
(853, '2020-02-18 23:18:08'),
(854, '2020-02-18 23:18:08'),
(855, '2020-02-18 23:18:08'),
(856, '2020-02-18 23:18:08'),
(857, '2020-02-18 23:18:08'),
(858, '2020-02-18 23:18:09'),
(859, '2020-02-18 23:18:09'),
(860, '2020-02-18 23:18:09'),
(861, '2020-02-18 23:18:09'),
(862, '2020-02-18 23:18:09'),
(863, '2020-02-18 23:18:09'),
(864, '2020-02-18 23:18:09'),
(865, '2020-02-18 23:18:09'),
(866, '2020-02-18 23:18:09'),
(867, '2020-02-18 23:18:09'),
(868, '2020-02-18 23:18:09'),
(869, '2020-02-18 23:18:09'),
(870, '2020-02-18 23:18:09'),
(871, '2020-02-18 23:18:09'),
(872, '2020-02-18 23:18:09'),
(873, '2020-02-18 23:18:09'),
(874, '2020-02-18 23:18:09'),
(875, '2020-02-18 23:18:09'),
(876, '2020-02-18 23:18:09'),
(877, '2020-02-18 23:18:09'),
(878, '2020-02-18 23:18:09'),
(879, '2020-02-18 23:18:09'),
(880, '2020-02-18 23:18:09'),
(881, '2020-02-18 23:18:09'),
(882, '2020-02-18 23:18:09'),
(883, '2020-02-18 23:18:09'),
(884, '2020-02-18 23:18:09'),
(885, '2020-02-18 23:18:09'),
(886, '2020-02-18 23:18:09'),
(887, '2020-02-18 23:18:09'),
(888, '2020-02-18 23:18:09'),
(889, '2020-02-18 23:18:09'),
(890, '2020-02-18 23:18:09'),
(891, '2020-02-18 23:18:09'),
(892, '2020-02-18 23:18:09'),
(893, '2020-02-18 23:18:09'),
(894, '2020-02-18 23:18:09'),
(895, '2020-02-18 23:18:09'),
(896, '2020-02-18 23:18:09'),
(897, '2020-02-18 23:18:09'),
(898, '2020-02-18 23:18:09'),
(899, '2020-02-18 23:18:09'),
(900, '2020-02-18 23:18:09'),
(901, '2020-02-18 23:18:09'),
(902, '2020-02-18 23:18:09'),
(903, '2020-02-18 23:18:09'),
(904, '2020-02-18 23:18:09'),
(905, '2020-02-18 23:18:09'),
(906, '2020-02-18 23:18:09'),
(907, '2020-02-18 23:18:09'),
(908, '2020-02-18 23:18:09'),
(909, '2020-02-18 23:18:09'),
(910, '2020-02-18 23:18:09'),
(911, '2020-02-18 23:18:09'),
(912, '2020-02-18 23:18:09'),
(913, '2020-02-18 23:18:09'),
(914, '2020-02-18 23:18:09'),
(915, '2020-02-18 23:18:09'),
(916, '2020-02-18 23:18:09'),
(917, '2020-02-18 23:18:09'),
(918, '2020-02-18 23:18:09'),
(919, '2020-02-18 23:18:09'),
(920, '2020-02-18 23:18:09'),
(921, '2020-02-18 23:18:09'),
(922, '2020-02-18 23:18:09'),
(923, '2020-02-18 23:18:09'),
(924, '2020-02-18 23:18:09'),
(925, '2020-02-18 23:18:09'),
(926, '2020-02-18 23:18:09'),
(927, '2020-02-18 23:18:09'),
(928, '2020-02-18 23:18:09'),
(929, '2020-02-18 23:18:09'),
(930, '2020-02-18 23:18:09'),
(931, '2020-02-18 23:18:09'),
(932, '2020-02-18 23:18:09'),
(933, '2020-02-18 23:18:09'),
(934, '2020-02-18 23:18:09'),
(935, '2020-02-18 23:18:09'),
(936, '2020-02-18 23:18:09'),
(937, '2020-02-18 23:18:09'),
(938, '2020-02-18 23:18:09'),
(939, '2020-02-18 23:18:09'),
(940, '2020-02-18 23:18:09'),
(941, '2020-02-18 23:18:09'),
(942, '2020-02-18 23:18:09'),
(943, '2020-02-18 23:18:09'),
(944, '2020-02-18 23:18:09'),
(945, '2020-02-18 23:18:09'),
(946, '2020-02-18 23:18:09'),
(947, '2020-02-18 23:18:09'),
(948, '2020-02-18 23:18:09'),
(949, '2020-02-18 23:18:09'),
(950, '2020-02-18 23:18:09'),
(951, '2020-02-18 23:18:09'),
(952, '2020-02-18 23:18:09'),
(953, '2020-02-18 23:18:09'),
(954, '2020-02-18 23:18:09'),
(955, '2020-02-18 23:18:09'),
(956, '2020-02-18 23:18:09'),
(957, '2020-02-18 23:18:09'),
(958, '2020-02-18 23:18:09'),
(959, '2020-02-18 23:18:09'),
(960, '2020-02-18 23:18:09'),
(961, '2020-02-18 23:18:09'),
(962, '2020-02-18 23:18:09'),
(963, '2020-02-18 23:18:09'),
(964, '2020-02-18 23:18:09'),
(965, '2020-02-18 23:18:09'),
(966, '2020-02-18 23:18:09'),
(967, '2020-02-18 23:18:09'),
(968, '2020-02-18 23:18:09'),
(969, '2020-02-18 23:18:09'),
(970, '2020-02-18 23:18:09'),
(971, '2020-02-18 23:18:09'),
(972, '2020-02-18 23:18:09'),
(973, '2020-02-18 23:18:09'),
(974, '2020-02-18 23:18:09'),
(975, '2020-02-18 23:18:09'),
(976, '2020-02-18 23:18:09'),
(977, '2020-02-18 23:18:09'),
(978, '2020-02-18 23:18:09'),
(979, '2020-02-18 23:18:09'),
(980, '2020-02-18 23:18:09'),
(981, '2020-02-18 23:18:09'),
(982, '2020-02-18 23:18:09'),
(983, '2020-02-18 23:18:09'),
(984, '2020-02-18 23:18:09'),
(985, '2020-02-18 23:18:09'),
(986, '2020-02-18 23:18:09'),
(987, '2020-02-18 23:18:09'),
(988, '2020-02-18 23:18:09'),
(989, '2020-02-18 23:18:09'),
(990, '2020-02-18 23:18:09'),
(991, '2020-02-18 23:18:09'),
(992, '2020-02-18 23:18:09'),
(993, '2020-02-18 23:18:09'),
(994, '2020-02-18 23:18:09'),
(995, '2020-02-18 23:18:09'),
(996, '2020-02-18 23:18:09'),
(997, '2020-02-18 23:18:09'),
(998, '2020-02-18 23:18:09'),
(999, '2020-02-18 23:18:09'),
(1000, '2020-02-18 23:18:09'),
(1001, '2020-02-18 23:18:09'),
(1002, '2020-02-18 23:18:09'),
(1003, '2020-02-18 23:18:09'),
(1004, '2020-02-18 23:18:09'),
(1005, '2020-02-18 23:18:09'),
(1006, '2020-02-18 23:18:09'),
(1007, '2020-02-18 23:18:09'),
(1008, '2020-02-18 23:18:09'),
(1009, '2020-02-18 23:18:09'),
(1010, '2020-02-18 23:18:09'),
(1011, '2020-02-18 23:18:09'),
(1012, '2020-02-18 23:18:09'),
(1013, '2020-02-18 23:18:09'),
(1014, '2020-02-18 23:18:09'),
(1015, '2020-02-18 23:18:09'),
(1016, '2020-02-18 23:18:09'),
(1017, '2020-02-18 23:18:09'),
(1018, '2020-02-18 23:18:09'),
(1019, '2020-02-18 23:18:09'),
(1020, '2020-02-18 23:18:09'),
(1021, '2020-02-18 23:18:09'),
(1022, '2020-02-18 23:18:09'),
(1023, '2020-02-18 23:18:09'),
(1024, '2020-02-18 23:18:09'),
(1025, '2020-02-18 23:18:09'),
(1026, '2020-02-18 23:18:09'),
(1027, '2020-02-18 23:18:09'),
(1028, '2020-02-18 23:18:09'),
(1029, '2020-02-18 23:18:09'),
(1030, '2020-02-18 23:18:09'),
(1031, '2020-02-18 23:18:09'),
(1032, '2020-02-18 23:18:09'),
(1033, '2020-02-18 23:18:09'),
(1034, '2020-02-18 23:18:09'),
(1035, '2020-02-18 23:18:09'),
(1036, '2020-02-18 23:18:09'),
(1037, '2020-02-18 23:18:09'),
(1038, '2020-02-18 23:18:09'),
(1039, '2020-02-18 23:18:09'),
(1040, '2020-02-18 23:18:09'),
(1041, '2020-02-18 23:18:09'),
(1042, '2020-02-18 23:18:09'),
(1043, '2020-02-18 23:18:09'),
(1044, '2020-02-18 23:18:09'),
(1045, '2020-02-18 23:18:09'),
(1046, '2020-02-18 23:18:09'),
(1047, '2020-02-18 23:18:09'),
(1048, '2020-02-18 23:18:09'),
(1049, '2020-02-18 23:18:09'),
(1050, '2020-02-18 23:18:09'),
(1051, '2020-02-18 23:18:09'),
(1052, '2020-02-18 23:18:09'),
(1053, '2020-02-18 23:18:09'),
(1054, '2020-02-18 23:18:09'),
(1055, '2020-02-18 23:18:09'),
(1056, '2020-02-18 23:18:09'),
(1057, '2020-02-18 23:18:09'),
(1058, '2020-02-18 23:18:09'),
(1059, '2020-02-18 23:18:09'),
(1060, '2020-02-18 23:18:09'),
(1061, '2020-02-18 23:18:09'),
(1062, '2020-02-18 23:18:09'),
(1063, '2020-02-18 23:18:09'),
(1064, '2020-02-18 23:18:09'),
(1065, '2020-02-18 23:18:09'),
(1066, '2020-02-18 23:18:09'),
(1067, '2020-02-18 23:18:09'),
(1068, '2020-02-18 23:18:09'),
(1069, '2020-02-18 23:18:09'),
(1070, '2020-02-18 23:18:09'),
(1071, '2020-02-18 23:18:09'),
(1072, '2020-02-18 23:18:09'),
(1073, '2020-02-18 23:18:09'),
(1074, '2020-02-18 23:18:09'),
(1075, '2020-02-18 23:18:09'),
(1076, '2020-02-18 23:18:09'),
(1077, '2020-02-18 23:18:09'),
(1078, '2020-02-18 23:18:09'),
(1079, '2020-02-18 23:18:09'),
(1080, '2020-02-18 23:18:09'),
(1081, '2020-02-18 23:18:09'),
(1082, '2020-02-18 23:18:09'),
(1083, '2020-02-18 23:18:09'),
(1084, '2020-02-18 23:18:09'),
(1085, '2020-02-18 23:18:09'),
(1086, '2020-02-18 23:18:09'),
(1087, '2020-02-18 23:18:09'),
(1088, '2020-02-18 23:18:09'),
(1089, '2020-02-18 23:18:09'),
(1090, '2020-02-18 23:18:09'),
(1091, '2020-02-18 23:18:09'),
(1092, '2020-02-18 23:18:09'),
(1093, '2020-02-18 23:18:09'),
(1094, '2020-02-18 23:18:09'),
(1095, '2020-02-18 23:18:09'),
(1096, '2020-02-18 23:18:09'),
(1097, '2020-02-18 23:18:09'),
(1098, '2020-02-18 23:18:09'),
(1099, '2020-02-18 23:18:09'),
(1100, '2020-02-18 23:18:09'),
(1101, '2020-02-18 23:18:09'),
(1102, '2020-02-18 23:18:09'),
(1103, '2020-02-18 23:18:09'),
(1104, '2020-02-18 23:18:09'),
(1105, '2020-02-18 23:18:09'),
(1106, '2020-02-18 23:18:09'),
(1107, '2020-02-18 23:18:09'),
(1108, '2020-02-18 23:18:09'),
(1109, '2020-02-18 23:18:09'),
(1110, '2020-02-18 23:18:09'),
(1111, '2020-02-18 23:18:09'),
(1112, '2020-02-18 23:18:09'),
(1113, '2020-02-18 23:18:09'),
(1114, '2020-02-18 23:18:09'),
(1115, '2020-02-18 23:18:09'),
(1116, '2020-02-18 23:18:09'),
(1117, '2020-02-18 23:18:09'),
(1118, '2020-02-18 23:18:09'),
(1119, '2020-02-18 23:18:09'),
(1120, '2020-02-18 23:18:09'),
(1121, '2020-02-18 23:18:09'),
(1122, '2020-02-18 23:18:09'),
(1123, '2020-02-18 23:18:09'),
(1124, '2020-02-18 23:18:09'),
(1125, '2020-02-18 23:18:09'),
(1126, '2020-02-18 23:18:09'),
(1127, '2020-02-18 23:18:09'),
(1128, '2020-02-18 23:18:09'),
(1129, '2020-02-18 23:18:09'),
(1130, '2020-02-18 23:18:09'),
(1131, '2020-02-18 23:18:09'),
(1132, '2020-02-18 23:18:09'),
(1133, '2020-02-18 23:18:09'),
(1134, '2020-02-18 23:18:09'),
(1135, '2020-02-18 23:18:09'),
(1136, '2020-02-18 23:18:09'),
(1137, '2020-02-18 23:18:09'),
(1138, '2020-02-18 23:18:09'),
(1139, '2020-02-18 23:18:09'),
(1140, '2020-02-18 23:18:09'),
(1141, '2020-02-18 23:18:09'),
(1142, '2020-02-18 23:18:09'),
(1143, '2020-02-18 23:18:09'),
(1144, '2020-02-18 23:18:09'),
(1145, '2020-02-18 23:18:09'),
(1146, '2020-02-18 23:18:09'),
(1147, '2020-02-18 23:18:09'),
(1148, '2020-02-18 23:18:09'),
(1149, '2020-02-18 23:18:09'),
(1150, '2020-02-18 23:18:09'),
(1151, '2020-02-18 23:18:09'),
(1152, '2020-02-18 23:18:09'),
(1153, '2020-02-18 23:18:09'),
(1154, '2020-02-18 23:18:09'),
(1155, '2020-02-18 23:18:09'),
(1156, '2020-02-18 23:18:09'),
(1157, '2020-02-18 23:18:09'),
(1158, '2020-02-18 23:18:09'),
(1159, '2020-02-18 23:18:09'),
(1160, '2020-02-18 23:18:09'),
(1161, '2020-02-18 23:18:09'),
(1162, '2020-02-18 23:18:09'),
(1163, '2020-02-18 23:18:09'),
(1164, '2020-02-18 23:18:09'),
(1165, '2020-02-18 23:18:09'),
(1166, '2020-02-18 23:18:09'),
(1167, '2020-02-18 23:18:09'),
(1168, '2020-02-18 23:18:09'),
(1169, '2020-02-18 23:18:09'),
(1170, '2020-02-18 23:18:09'),
(1171, '2020-02-18 23:18:09'),
(1172, '2020-02-18 23:18:09'),
(1173, '2020-02-18 23:18:09'),
(1174, '2020-02-18 23:18:09'),
(1175, '2020-02-18 23:18:09'),
(1176, '2020-02-18 23:18:09'),
(1177, '2020-02-18 23:18:09'),
(1178, '2020-02-18 23:18:09'),
(1179, '2020-02-18 23:18:09'),
(1180, '2020-02-18 23:18:09'),
(1181, '2020-02-18 23:18:09'),
(1182, '2020-02-18 23:18:09'),
(1183, '2020-02-18 23:18:09'),
(1184, '2020-02-18 23:18:09'),
(1185, '2020-02-18 23:18:09'),
(1186, '2020-02-18 23:18:09'),
(1187, '2020-02-18 23:18:09'),
(1188, '2020-02-18 23:18:09'),
(1189, '2020-02-18 23:18:09'),
(1190, '2020-02-18 23:18:09'),
(1191, '2020-02-18 23:18:09'),
(1192, '2020-02-18 23:18:09'),
(1193, '2020-02-18 23:18:09'),
(1194, '2020-02-18 23:18:09'),
(1195, '2020-02-18 23:18:09'),
(1196, '2020-02-18 23:18:09'),
(1197, '2020-02-18 23:18:09'),
(1198, '2020-02-18 23:18:09'),
(1199, '2020-02-18 23:18:09'),
(1200, '2020-02-18 23:18:09'),
(1201, '2020-02-18 23:18:09'),
(1202, '2020-02-18 23:18:09'),
(1203, '2020-02-18 23:18:09'),
(1204, '2020-02-18 23:18:09'),
(1205, '2020-02-18 23:18:09'),
(1206, '2020-02-18 23:18:09'),
(1207, '2020-02-18 23:18:09'),
(1208, '2020-02-18 23:18:09'),
(1209, '2020-02-18 23:18:09'),
(1210, '2020-02-18 23:18:09'),
(1211, '2020-02-18 23:18:09'),
(1212, '2020-02-18 23:18:09'),
(1213, '2020-02-18 23:18:09'),
(1214, '2020-02-18 23:18:09'),
(1215, '2020-02-18 23:18:09'),
(1216, '2020-02-18 23:18:09'),
(1217, '2020-02-18 23:18:09'),
(1218, '2020-02-18 23:18:09'),
(1219, '2020-02-18 23:18:09'),
(1220, '2020-02-18 23:18:09'),
(1221, '2020-02-18 23:18:09'),
(1222, '2020-02-18 23:18:09'),
(1223, '2020-02-18 23:18:09'),
(1224, '2020-02-18 23:18:09'),
(1225, '2020-02-18 23:18:09'),
(1226, '2020-02-18 23:18:09'),
(1227, '2020-02-18 23:18:09'),
(1228, '2020-02-18 23:18:09'),
(1229, '2020-02-18 23:18:09'),
(1230, '2020-02-18 23:18:09'),
(1231, '2020-02-18 23:18:09'),
(1232, '2020-02-18 23:18:09'),
(1233, '2020-02-18 23:18:09'),
(1234, '2020-02-18 23:18:09'),
(1235, '2020-02-18 23:18:09'),
(1236, '2020-02-18 23:18:09'),
(1237, '2020-02-18 23:18:09'),
(1238, '2020-02-18 23:18:09'),
(1239, '2020-02-18 23:18:09'),
(1240, '2020-02-18 23:18:09'),
(1241, '2020-02-18 23:18:09'),
(1242, '2020-02-18 23:18:10'),
(1243, '2020-02-18 23:18:10'),
(1244, '2020-02-18 23:18:10'),
(1245, '2020-02-18 23:18:10'),
(1246, '2020-02-18 23:18:10'),
(1247, '2020-02-18 23:18:10'),
(1248, '2020-02-18 23:18:10'),
(1249, '2020-02-18 23:18:10'),
(1250, '2020-02-18 23:18:10'),
(1251, '2020-02-18 23:18:10'),
(1252, '2020-02-18 23:18:10'),
(1253, '2020-02-18 23:18:10'),
(1254, '2020-02-18 23:18:10'),
(1255, '2020-02-18 23:18:10'),
(1256, '2020-02-18 23:18:10'),
(1257, '2020-02-18 23:18:10'),
(1258, '2020-02-18 23:18:10'),
(1259, '2020-02-18 23:18:10'),
(1260, '2020-02-18 23:18:10'),
(1261, '2020-02-18 23:18:10'),
(1262, '2020-02-18 23:18:10'),
(1263, '2020-02-18 23:18:10'),
(1264, '2020-02-18 23:18:10'),
(1265, '2020-02-18 23:18:10'),
(1266, '2020-02-18 23:18:10'),
(1267, '2020-02-18 23:18:10'),
(1268, '2020-02-18 23:18:10'),
(1269, '2020-02-18 23:18:10'),
(1270, '2020-02-18 23:18:10'),
(1271, '2020-02-18 23:18:10'),
(1272, '2020-02-18 23:18:10'),
(1273, '2020-02-18 23:18:10'),
(1274, '2020-02-18 23:18:10'),
(1275, '2020-02-18 23:18:10'),
(1276, '2020-02-18 23:18:10'),
(1277, '2020-02-18 23:18:10'),
(1278, '2020-02-18 23:18:10'),
(1279, '2020-02-18 23:18:10'),
(1280, '2020-02-18 23:18:10'),
(1281, '2020-02-18 23:18:10'),
(1282, '2020-02-18 23:18:10'),
(1283, '2020-02-18 23:18:10'),
(1284, '2020-02-18 23:18:10'),
(1285, '2020-02-18 23:18:10'),
(1286, '2020-02-18 23:18:10'),
(1287, '2020-02-18 23:18:10'),
(1288, '2020-02-18 23:18:10'),
(1289, '2020-02-18 23:18:10'),
(1290, '2020-02-18 23:18:10'),
(1291, '2020-02-18 23:18:10'),
(1292, '2020-02-18 23:18:10'),
(1293, '2020-02-18 23:18:10'),
(1294, '2020-02-18 23:18:10'),
(1295, '2020-02-18 23:18:10'),
(1296, '2020-02-18 23:18:10'),
(1297, '2020-02-18 23:18:10'),
(1298, '2020-02-18 23:18:10'),
(1299, '2020-02-18 23:18:10'),
(1300, '2020-02-18 23:18:10'),
(1301, '2020-02-18 23:18:10'),
(1302, '2020-02-18 23:18:10'),
(1303, '2020-02-18 23:18:10'),
(1304, '2020-02-18 23:18:10'),
(1305, '2020-02-18 23:18:10'),
(1306, '2020-02-18 23:18:10'),
(1307, '2020-02-18 23:18:10'),
(1308, '2020-02-18 23:18:10'),
(1309, '2020-02-18 23:18:10'),
(1310, '2020-02-18 23:18:10'),
(1311, '2020-02-18 23:18:10'),
(1312, '2020-02-18 23:18:10'),
(1313, '2020-02-18 23:18:10'),
(1314, '2020-02-18 23:18:10'),
(1315, '2020-02-18 23:18:10'),
(1316, '2020-02-18 23:18:10'),
(1317, '2020-02-18 23:18:10'),
(1318, '2020-02-18 23:18:10'),
(1319, '2020-02-18 23:18:10'),
(1320, '2020-02-18 23:18:10'),
(1321, '2020-02-18 23:18:10'),
(1322, '2020-02-18 23:18:10'),
(1323, '2020-02-18 23:18:10'),
(1324, '2020-02-18 23:18:10'),
(1325, '2020-02-18 23:18:10'),
(1326, '2020-02-18 23:18:10'),
(1327, '2020-02-18 23:18:10'),
(1328, '2020-02-18 23:18:10'),
(1329, '2020-02-18 23:18:10'),
(1330, '2020-02-18 23:18:10'),
(1331, '2020-02-18 23:18:10'),
(1332, '2020-02-18 23:18:10'),
(1333, '2020-02-18 23:18:10'),
(1334, '2020-02-18 23:18:10'),
(1335, '2020-02-18 23:18:10'),
(1336, '2020-02-18 23:18:10'),
(1337, '2020-02-18 23:18:10'),
(1338, '2020-02-18 23:18:10'),
(1339, '2020-02-18 23:18:10'),
(1340, '2020-02-18 23:18:10'),
(1341, '2020-02-18 23:18:10'),
(1342, '2020-02-18 23:18:10'),
(1343, '2020-02-18 23:18:10'),
(1344, '2020-02-18 23:18:10'),
(1345, '2020-02-18 23:18:10'),
(1346, '2020-02-18 23:18:10'),
(1347, '2020-02-18 23:18:10'),
(1348, '2020-02-18 23:18:10'),
(1349, '2020-02-18 23:18:10'),
(1350, '2020-02-18 23:18:10'),
(1351, '2020-02-18 23:18:10'),
(1352, '2020-02-18 23:18:10'),
(1353, '2020-02-18 23:18:10'),
(1354, '2020-02-18 23:18:10'),
(1355, '2020-02-18 23:18:10'),
(1356, '2020-02-18 23:18:10'),
(1357, '2020-02-18 23:18:10'),
(1358, '2020-02-18 23:18:10'),
(1359, '2020-02-18 23:18:10'),
(1360, '2020-02-18 23:18:10'),
(1361, '2020-02-18 23:18:10'),
(1362, '2020-02-18 23:18:10'),
(1363, '2020-02-18 23:18:10'),
(1365, '2020-02-18 23:32:51'),
(1367, '2020-06-16 07:31:14'),
(1370, '2020-06-16 16:12:25'),
(1371, '2020-06-16 17:29:34'),
(1372, '2020-06-16 20:45:34');

-- --------------------------------------------------------

--
-- Table structure for table `direccion`
--

CREATE TABLE `direccion` (
  `id` int(11) NOT NULL,
  `id_cuenta` int(11) NOT NULL,
  `id_direccion_tipo` int(11) NOT NULL,
  `id_direccion_area` int(11) DEFAULT NULL,
  `id_division_politica` int(11) DEFAULT NULL,
  `calle` varchar(255) COLLATE utf8mb4_unicode_ci DEFAULT NULL,
  `direccion` varchar(500) COLLATE utf8mb4_unicode_ci DEFAULT NULL,
  `creado` timestamp NOT NULL DEFAULT current_timestamp() ON UPDATE current_timestamp()
) ENGINE=InnoDB DEFAULT CHARSET=utf8mb4 COLLATE=utf8mb4_unicode_ci;

--
-- Dumping data for table `direccion`
--

INSERT INTO `direccion` (`id`, `id_cuenta`, `id_direccion_tipo`, `id_direccion_area`, `id_division_politica`, `calle`, `direccion`, `creado`) VALUES
(1, 1365, 124, 121, 100, 'Soyapango', 'Soyapango', '2020-02-18 23:32:51'),
(2, 1367, 124, 121, 101, 'casa #22', 'colonia miralvalle', '2020-06-16 07:31:14'),
(3, 1370, 124, 121, 101, 'casa #22', 'colonia miralvalle', '2020-06-16 16:12:26'),
(4, 1371, 124, 121, 163, 'casa #22', 'colonia italia', '2020-06-16 17:29:34'),
(5, 1372, 125, 121, 163, '#21', 'colonia italia', '2020-06-16 20:45:34');

-- --------------------------------------------------------

--
-- Table structure for table `email`
--

CREATE TABLE `email` (
  `id` int(11) NOT NULL,
  `id_cuenta` int(11) NOT NULL,
  `email` char(50) COLLATE utf8mb4_unicode_ci NOT NULL,
  `creado` timestamp NOT NULL DEFAULT current_timestamp() ON UPDATE current_timestamp(),
  `asignado_a` varchar(20) COLLATE utf8mb4_unicode_ci DEFAULT NULL
) ENGINE=InnoDB DEFAULT CHARSET=utf8mb4 COLLATE=utf8mb4_unicode_ci;

--
-- Dumping data for table `email`
--

INSERT INTO `email` (`id`, `id_cuenta`, `email`, `creado`, `asignado_a`) VALUES
(1, 1365, 'juanperez@gmail.com', '2020-02-18 23:32:51', 'Paciente'),
(2, 1365, 'pedroPadre@gmail.com', '2020-02-18 23:32:51', 'Apoderado'),
(3, 1367, 'ricardolopez@gmail.com', '2020-06-16 07:31:14', 'Apoderado'),
(4, 1370, 'venturahuezo@gmail.com', '2020-06-16 16:12:26', 'Paciente'),
(5, 1370, 'manueljoseventura@gmail.com', '2020-06-16 16:12:26', 'Apoderado'),
(6, 1371, 'enmanuelflorez@gmail.com', '2020-06-16 17:29:34', 'Apoderado'),
(7, 1372, 'ricardolopez@gmail.com', '2020-06-16 20:45:34', 'Apoderado');

-- --------------------------------------------------------

--
-- Table structure for table `institucion`
--

CREATE TABLE `institucion` (
  `id` int(11) NOT NULL,
  `id_cuenta` int(11) NOT NULL,
  `id_padre` int(11) DEFAULT NULL,
  `codigo` varchar(50) COLLATE utf8mb4_unicode_ci NOT NULL,
  `nombre` varchar(255) COLLATE utf8mb4_unicode_ci NOT NULL,
  `descripcion` varchar(500) COLLATE utf8mb4_unicode_ci DEFAULT NULL,
  `creado` timestamp NOT NULL DEFAULT current_timestamp() ON UPDATE current_timestamp()
) ENGINE=InnoDB DEFAULT CHARSET=utf8mb4 COLLATE=utf8mb4_unicode_ci;

--
-- Dumping data for table `institucion`
--

INSERT INTO `institucion` (`id`, `id_cuenta`, `id_padre`, `codigo`, `nombre`, `descripcion`, `creado`) VALUES
(88, 417, NULL, 'ues', 'Universidad de El Salvador', NULL, '2020-02-18 23:18:07'),
(89, 418, 88, 'fjccss', 'Facultad de Jurisprudencia y Ciencias Sociales', NULL, '2020-02-18 23:18:07'),
(90, 419, 88, 'fm', 'Facultad de Medicina', NULL, '2020-02-18 23:18:07'),
(91, 420, 88, 'fqf', 'Facultad de Química y Farmacia', NULL, '2020-02-18 23:18:07'),
(92, 421, 88, 'fce', 'Facultad de Ciencias Económicas', NULL, '2020-02-18 23:18:07'),
(93, 422, 88, 'fo', 'Facultad de Odontología', NULL, '2020-02-18 23:18:07'),
(94, 423, 88, 'fcchh', 'Facultad de Ciencias y Humanidades', NULL, '2020-02-18 23:18:07'),
(95, 424, 88, 'fia', 'Facultad de Ingeniería y Arquitectura', NULL, '2020-02-18 23:18:07'),
(96, 425, 88, 'fccaa', 'Facultad de Ciencias Agronómicas', NULL, '2020-02-18 23:18:07'),
(97, 426, 88, 'fccnnm', 'Facultad de Ciencias Naturales y Matemática', NULL, '2020-02-18 23:18:07'),
(98, 427, 88, 'fmocc', 'Facultad Multidisciplinaria de Occidente', NULL, '2020-02-18 23:18:07'),
(99, 428, 88, 'fmo', 'Facultad Multidisciplinaria Oriental', NULL, '2020-02-18 23:18:07'),
(100, 429, 88, 'fmp', 'Facultad Multidisciplinaria Paracentral', NULL, '2020-02-18 23:18:07'),
(101, 430, NULL, 'csns_zacamil', 'CSNS Zacamil', NULL, '2020-02-18 23:18:07'),
(102, 431, NULL, 'csns_cuscatancingo', 'CSNS Cuscatancingo', NULL, '2020-02-18 23:18:07'),
(103, 432, NULL, 'csns_concepcion', 'CSNS Concepción', NULL, '2020-02-18 23:18:07'),
(104, 433, NULL, 'csns_soyapango', 'CSNS Soyapango', NULL, '2020-02-18 23:18:07'),
(105, 434, NULL, 'csns_san_marcos', 'CSNS San Marcos', NULL, '2020-02-18 23:18:07'),
(106, 435, NULL, 'csns_san_martin', 'CSNS San Martín', NULL, '2020-02-18 23:18:07'),
(107, 436, NULL, 'hnr', 'Hospiral Nacional Rosales', NULL, '2020-02-18 23:18:07'),
(108, 437, NULL, 'cesa', 'Clínica Extramural Santa Ana', NULL, '2020-02-18 23:18:07'),
(109, 438, NULL, 'ce_peru', 'C.E. República del Perú', NULL, '2020-02-18 23:18:07'),
(110, 439, NULL, 'ce_dominicana', 'C.E. República Dominicana', NULL, '2020-02-18 23:18:07'),
(111, 440, NULL, 'ce_espania', 'C.E. España', NULL, '2020-02-18 23:18:07'),
(112, 441, NULL, 'ce_hogar_ninio', 'C.E. Católico Hogar del Niño', NULL, '2020-02-18 23:18:07'),
(113, 442, NULL, 'ce_romero', 'C.E. Dr. Humberto Romero Alvergue', NULL, '2020-02-18 23:18:07'),
(114, 443, NULL, 'ee_san_jacinto', 'Escuela Especial San Jacinto', NULL, '2020-02-18 23:18:07'),
(115, 444, NULL, 'sello_oro', 'Productos Alimenticios Sello de Oro S.A. de C.V.', NULL, '2020-02-18 23:18:07'),
(116, 445, NULL, 'cascada', 'Embotelladora La Cascada S.A', NULL, '2020-02-18 23:18:07');

-- --------------------------------------------------------

--
-- Table structure for table `institucion_tipo_asociado`
--

CREATE TABLE `institucion_tipo_asociado` (
  `id` int(11) NOT NULL,
  `id_institucion` int(11) NOT NULL,
  `id_institucion_tipo` int(11) NOT NULL,
  `creado` timestamp NOT NULL DEFAULT current_timestamp() ON UPDATE current_timestamp()
) ENGINE=InnoDB DEFAULT CHARSET=utf8mb4 COLLATE=utf8mb4_unicode_ci;

-- --------------------------------------------------------

--
-- Table structure for table `menu`
--

CREATE TABLE `menu` (
  `id` int(11) NOT NULL,
  `id_padre` int(11) DEFAULT NULL,
  `nombre` varchar(100) COLLATE utf8mb4_unicode_ci NOT NULL,
  `descripcion` varchar(255) COLLATE utf8mb4_unicode_ci DEFAULT NULL,
  `url` varchar(255) COLLATE utf8mb4_unicode_ci NOT NULL,
  `icon` varchar(50) COLLATE utf8mb4_unicode_ci DEFAULT NULL,
  `enabled` tinyint(3) NOT NULL DEFAULT 1,
  `creado` timestamp NOT NULL DEFAULT current_timestamp() ON UPDATE current_timestamp()
) ENGINE=InnoDB DEFAULT CHARSET=utf8mb4 COLLATE=utf8mb4_unicode_ci;

--
-- Dumping data for table `menu`
--

INSERT INTO `menu` (`id`, `id_padre`, `nombre`, `descripcion`, `url`, `icon`, `enabled`, `creado`) VALUES
(61, NULL, 'Rotaciones', '', '#', 'fa fa-sync-alt fa-fw', 1, '2020-02-18 23:18:02'),
(62, 61, 'Calendarización', '', '/rotacion/calendarizacion', '', 1, '2020-02-18 23:18:02'),
(63, 61, 'Parametrización', '', '/rotacion/parametrizacion', '', 1, '2020-02-18 23:18:02'),
(64, 61, 'Resumen', '', '/rotacion/calendarizacion/resumen', '', 1, '2020-02-18 23:18:02'),
(65, 61, 'Rotación preliminar', '', '/rotacionPrevisualizacion/', '', 1, '2020-02-18 23:18:02'),
(66, 61, 'Cupos por institución', '', '/rotacionPrevisualizacion/cupos_rotacion', '', 1, '2020-02-18 23:18:02'),
(67, NULL, 'Académico', '', '#', 'fa fa-user-graduate fa-fw', 1, '2020-02-18 23:18:02'),
(68, 67, 'Nómina general', '', '/estudiantes/parametros', '', 1, '2020-02-18 23:18:02'),
(69, 67, 'Nómina oficial', '', '/estudiante/nomina', '', 1, '2020-02-18 23:18:02'),
(70, 67, 'Carga nómina', '', '/estudiantes/cargar', '', 1, '2020-02-18 23:18:02'),
(71, 67, 'Evaluaciones', '', '/academico', '', 1, '2020-02-18 23:18:02'),
(72, 67, 'Calificar', '', '/academico/notas', '', 1, '2020-02-18 23:18:02'),
(73, 67, 'Calificaciones', '', '/academico/calificaciones', '', 1, '2020-02-18 23:18:02'),
(74, 67, 'Registro', '', '/academico/registro', '', 1, '2020-02-18 23:18:02'),
(75, 67, 'Consolidado de notas', '', '/academico/consolidado/parametros', '', 1, '2020-02-18 23:18:02'),
(76, NULL, 'Expedientes clínicos', '', '/clinico/expedientes', 'fa fa-notes-medical fa-fw', 1, '2020-02-18 23:18:02'),
(77, NULL, 'Almacenes', '', '/almacen', 'fa fa-box-open fa-fw', 1, '2020-02-18 23:18:02'),
(78, NULL, 'Administración', '', '#', 'fa fa-cog fa-fw', 1, '2020-02-18 23:18:02'),
(79, 78, 'Panel', 'Panel de administración', '/admin/dashboard', '', 1, '2020-02-18 23:18:02'),
(80, 78, 'Reportes', '', '/reportes/index', '', 1, '2020-02-18 23:18:02');

-- --------------------------------------------------------

--
-- Table structure for table `menu_permiso`
--

CREATE TABLE `menu_permiso` (
  `id` int(11) NOT NULL,
  `id_menu` int(11) NOT NULL,
  `id_permiso` int(11) NOT NULL,
  `asignado_por` varchar(50) COLLATE utf8mb4_unicode_ci DEFAULT NULL,
  `creado` timestamp NOT NULL DEFAULT current_timestamp() ON UPDATE current_timestamp()
) ENGINE=InnoDB DEFAULT CHARSET=utf8mb4 COLLATE=utf8mb4_unicode_ci;

--
-- Dumping data for table `menu_permiso`
--

INSERT INTO `menu_permiso` (`id`, `id_menu`, `id_permiso`, `asignado_por`, `creado`) VALUES
(76, 62, 79, NULL, '2020-02-18 23:18:02'),
(77, 63, 79, NULL, '2020-02-18 23:18:02'),
(78, 64, 79, NULL, '2020-02-18 23:18:02'),
(79, 65, 80, NULL, '2020-02-18 23:18:02'),
(80, 66, 80, NULL, '2020-02-18 23:18:02'),
(81, 61, 79, NULL, '2020-02-18 23:18:02'),
(82, 61, 80, NULL, '2020-02-18 23:18:02'),
(83, 68, 64, NULL, '2020-02-18 23:18:02'),
(84, 69, 64, NULL, '2020-02-18 23:18:02'),
(85, 70, 64, NULL, '2020-02-18 23:18:02'),
(86, 71, 63, NULL, '2020-02-18 23:18:02'),
(87, 72, 62, NULL, '2020-02-18 23:18:02'),
(88, 73, 65, NULL, '2020-02-18 23:18:02'),
(89, 74, 65, NULL, '2020-02-18 23:18:02'),
(90, 75, 65, NULL, '2020-02-18 23:18:02'),
(91, 67, 64, NULL, '2020-02-18 23:18:02'),
(92, 67, 63, NULL, '2020-02-18 23:18:02'),
(93, 67, 62, NULL, '2020-02-18 23:18:02'),
(94, 67, 65, NULL, '2020-02-18 23:18:02'),
(95, 76, 70, NULL, '2020-02-18 23:18:02'),
(96, 77, 66, NULL, '2020-02-18 23:18:02'),
(97, 79, 61, NULL, '2020-02-18 23:18:02'),
(98, 80, 76, NULL, '2020-02-18 23:18:02'),
(99, 78, 61, NULL, '2020-02-18 23:18:02'),
(100, 78, 76, NULL, '2020-02-18 23:18:02');

-- --------------------------------------------------------

--
-- Table structure for table `migration_versions`
--

CREATE TABLE `migration_versions` (
  `version` varchar(14) COLLATE utf8mb4_unicode_ci NOT NULL,
  `executed_at` datetime NOT NULL COMMENT '(DC2Type:datetime_immutable)'
) ENGINE=InnoDB DEFAULT CHARSET=utf8mb4 COLLATE=utf8mb4_unicode_ci;

--
-- Dumping data for table `migration_versions`
--

INSERT INTO `migration_versions` (`version`, `executed_at`) VALUES
('20180803152500', '2020-02-14 04:06:24'),
('20180803153000', '2020-02-18 23:12:12'),
('20180823061254', '2020-02-18 23:12:14'),
('20180830034412', '2020-02-18 23:12:14'),
('20180830042729', '2020-02-18 23:12:14'),
('20180830165410', '2020-02-18 23:12:14'),
('20180901174749', '2020-02-18 23:12:14'),
('20180902010650', '2020-02-18 23:12:14'),
('20180909172631', '2020-02-18 23:12:14'),
('20180924020446', '2020-02-18 23:12:14'),
('20180930204115', '2020-02-18 23:12:14'),
('20181006044831', '2020-02-18 23:12:14'),
('20181011051023', '2020-02-18 23:12:14'),
('20181014041938', '2020-02-18 23:12:15'),
('20190211052130', '2020-02-18 23:12:15'),
('20200105214639', '2020-02-18 23:12:16');

-- --------------------------------------------------------

--
-- Table structure for table `permiso`
--

CREATE TABLE `permiso` (
  `id` int(11) NOT NULL,
  `codigo` varchar(50) COLLATE utf8mb4_unicode_ci NOT NULL,
  `nombre` varchar(255) COLLATE utf8mb4_unicode_ci NOT NULL,
  `descripcion` varchar(500) COLLATE utf8mb4_unicode_ci DEFAULT NULL,
  `creado` timestamp NOT NULL DEFAULT current_timestamp() ON UPDATE current_timestamp()
) ENGINE=InnoDB DEFAULT CHARSET=utf8mb4 COLLATE=utf8mb4_unicode_ci;

--
-- Dumping data for table `permiso`
--

INSERT INTO `permiso` (`id`, `codigo`, `nombre`, `descripcion`, `creado`) VALUES
(61, 'administracion', 'administracion', '', '2020-02-18 23:18:01'),
(62, 'calificacion', 'calificacion', '', '2020-02-18 23:18:01'),
(63, 'evaluacion', 'evaluacion', '', '2020-02-18 23:18:01'),
(64, 'nomina', 'nomina', '', '2020-02-18 23:18:01'),
(65, 'registro_academico', 'registro_academico', '', '2020-02-18 23:18:01'),
(66, 'almacen', 'almacen', '', '2020-02-18 23:18:01'),
(67, 'existencia', 'existencia', '', '2020-02-18 23:18:01'),
(68, 'movimiento', 'movimiento', '', '2020-02-18 23:18:01'),
(69, 'vale', 'vale', '', '2020-02-18 23:18:01'),
(70, 'expediente_clinico', 'expediente_clinico', '', '2020-02-18 23:18:01'),
(71, 'ficha', 'ficha', '', '2020-02-18 23:18:01'),
(72, 'odontograma', 'odontograma', '', '2020-02-18 23:18:01'),
(73, 'reporte_clinico', 'reporte_clinico', '', '2020-02-18 23:18:01'),
(74, 'riesgo_cariogenico', 'riesgo_cariogenico', '', '2020-02-18 23:18:01'),
(75, 'tratamiento', 'tratamiento', '', '2020-02-18 23:18:01'),
(76, 'reporte', 'reporte', '', '2020-02-18 23:18:01'),
(77, 'rotacion_intercambio', 'rotacion_intercambio', '', '2020-02-18 23:18:01'),
(78, 'rotacion_oficial', 'rotacion_oficial', '', '2020-02-18 23:18:01'),
(79, 'rotacion_preliminar', 'rotacion_preliminar', '', '2020-02-18 23:18:01'),
(80, 'rotacion_previsualizacion', 'rotacion_previsualizacion', '', '2020-02-18 23:18:01');

-- --------------------------------------------------------

--
-- Table structure for table `persona`
--

CREATE TABLE `persona` (
  `id` int(11) NOT NULL,
  `id_cuenta` int(11) NOT NULL,
  `nombre` varchar(50) COLLATE utf8mb4_unicode_ci NOT NULL,
  `apellido` varchar(50) COLLATE utf8mb4_unicode_ci DEFAULT NULL,
  `dui` varchar(10) COLLATE utf8mb4_unicode_ci DEFAULT NULL,
  `nit` varchar(17) COLLATE utf8mb4_unicode_ci DEFAULT NULL,
  `nacimiento` date DEFAULT NULL,
  `creado` timestamp NOT NULL DEFAULT current_timestamp() ON UPDATE current_timestamp(),
  `dui_apoderado` int(12) DEFAULT NULL,
  `centro_educativo_paciente` varchar(500) COLLATE utf8mb4_unicode_ci DEFAULT NULL,
  `archivo_consentimiento` varchar(999) COLLATE utf8mb4_unicode_ci DEFAULT NULL
) ENGINE=InnoDB DEFAULT CHARSET=utf8mb4 COLLATE=utf8mb4_unicode_ci;

--
-- Dumping data for table `persona`
--

INSERT INTO `persona` (`id`, `id_cuenta`, `nombre`, `apellido`, `dui`, `nit`, `nacimiento`, `creado`, `dui_apoderado`, `centro_educativo_paciente`, `archivo_consentimiento`) VALUES
(1, 1, 'Indefinido', 'Indefinido', NULL, NULL, NULL, '2020-02-18 23:18:02', NULL, NULL, NULL),
(2, 446, 'Carlos Alfredo', 'Moto Herrera', NULL, NULL, NULL, '2020-02-18 23:18:08', NULL, NULL, NULL),
(3, 447, 'ZAYDA IVONNE', 'LEIVA', NULL, NULL, NULL, '2020-02-18 23:18:08', NULL, NULL, NULL),
(4, 448, 'EDWIN ALEXANDER', 'PINEDA HIDALGO', NULL, NULL, NULL, '2020-02-18 23:18:08', NULL, NULL, NULL),
(5, 449, 'MIGUEL ERNESTO', 'ALFARO VIDES', NULL, NULL, NULL, '2020-02-18 23:18:08', NULL, NULL, NULL),
(6, 450, 'JONATHAN ALEXANDER', 'ESCOBAR REYES', NULL, NULL, NULL, '2020-02-18 23:18:08', NULL, NULL, NULL),
(7, 451, 'CESAR ERNESTO', 'RIVAS MARTINEZ', NULL, NULL, NULL, '2020-02-18 23:18:08', NULL, NULL, NULL),
(8, 452, 'KEVIN CHRISTOPHER', 'MEJ', NULL, NULL, NULL, '2020-02-18 23:18:08', NULL, NULL, NULL),
(9, 453, 'Carlos Enrique', 'Rivas Mart', NULL, NULL, NULL, '2020-02-18 23:18:08', NULL, NULL, NULL),
(10, 454, 'Mainor Eliseo', 'Artero López', NULL, NULL, NULL, '2020-02-18 23:18:08', NULL, NULL, NULL),
(11, 455, 'Gerson Adonay', 'Cardona Linares', NULL, NULL, NULL, '2020-02-18 23:18:08', NULL, NULL, NULL),
(12, 456, 'JULIO ERNESTO', 'CORTEZ ARGUETA', NULL, NULL, NULL, '2020-02-18 23:18:08', NULL, NULL, NULL),
(13, 457, 'Kevin Alexander', 'Toloza Hernandez', NULL, NULL, NULL, '2020-02-18 23:18:08', NULL, NULL, NULL),
(14, 458, 'RONALD VLADIMIR', 'AQUINO P', NULL, NULL, NULL, '2020-02-18 23:18:08', NULL, NULL, NULL),
(15, 459, 'DANIELA MICHELLE', 'ANDRADE BERNAL', NULL, NULL, NULL, '2020-02-18 23:18:08', NULL, NULL, NULL),
(16, 460, 'SAUL ERNESTO ', 'LUCERO TEJADA ', NULL, NULL, NULL, '2020-02-18 23:18:08', NULL, NULL, NULL),
(17, 461, 'Jorge Alberto', 'Estrada L', NULL, NULL, NULL, '2020-02-18 23:18:08', NULL, NULL, NULL),
(18, 462, 'JOSSELYN FABIOLA', 'DUARTE TORRES', NULL, NULL, NULL, '2020-02-18 23:18:08', NULL, NULL, NULL),
(19, 463, 'Luis Fernando', 'Sorto Merino', NULL, NULL, NULL, '2020-02-18 23:18:08', NULL, NULL, NULL),
(20, 464, 'ELIAS ARTURO', 'DIAZ SORTO', NULL, NULL, NULL, '2020-02-18 23:18:08', NULL, NULL, NULL),
(21, 465, 'LUIS ARMANDO', 'TORRES FUNES', NULL, NULL, NULL, '2020-02-18 23:18:08', NULL, NULL, NULL),
(22, 466, 'CARLOS MOIS', 'SEGOVIA GUATEMALA', NULL, NULL, NULL, '2020-02-18 23:18:08', NULL, NULL, NULL),
(23, 467, 'MAYRA JEANETT', 'POLIO GUEVARA', NULL, NULL, NULL, '2020-02-18 23:18:08', NULL, NULL, NULL),
(24, 468, 'JORGE ERNESTO', 'MARROQUIN ZUNIGA', NULL, NULL, NULL, '2020-02-18 23:18:08', NULL, NULL, NULL),
(25, 469, 'WILMER ALFREDO', 'FLORES MELCHOR', NULL, NULL, NULL, '2020-02-18 23:18:08', NULL, NULL, NULL),
(26, 470, 'Caleb David', 'Campos Quintanilla', NULL, NULL, NULL, '2020-02-18 23:18:08', NULL, NULL, NULL),
(27, 471, 'JOAO FIDEL', 'RAM', NULL, NULL, NULL, '2020-02-18 23:18:08', NULL, NULL, NULL),
(28, 472, 'ERICK ALBERTO', 'AVIL', NULL, NULL, NULL, '2020-02-18 23:18:08', NULL, NULL, NULL),
(29, 473, 'VANESSA JEANNETTE', 'CASTRO FIGUEROA', NULL, NULL, NULL, '2020-02-18 23:18:08', NULL, NULL, NULL),
(30, 474, 'IVANNIA VALENTINA', 'PUBILL FLORES', NULL, NULL, NULL, '2020-02-18 23:18:08', NULL, NULL, NULL),
(31, 475, 'ROBERTO ERNESTO', 'CASTRO D', NULL, NULL, NULL, '2020-02-18 23:18:08', NULL, NULL, NULL),
(32, 476, 'FELIPE ORLANDO', 'AYALA AMAYA', NULL, NULL, NULL, '2020-02-18 23:18:08', NULL, NULL, NULL),
(33, 477, 'WILLIAM ORLANDO', 'P', NULL, NULL, NULL, '2020-02-18 23:18:08', NULL, NULL, NULL),
(34, 478, 'KARLA PATRICIA ', 'MARTINEZ PORTILLO ', NULL, NULL, NULL, '2020-02-18 23:18:08', NULL, NULL, NULL),
(35, 479, 'ERICK ANTONIO', 'VENTURA HURTADO', NULL, NULL, NULL, '2020-02-18 23:18:08', NULL, NULL, NULL),
(36, 480, 'MOIS', 'HERRERA CRIOLLO', NULL, NULL, NULL, '2020-02-18 23:18:08', NULL, NULL, NULL),
(37, 481, 'CARLOS ALBERTO', 'LUNA JU', NULL, NULL, NULL, '2020-02-18 23:18:08', NULL, NULL, NULL),
(38, 482, 'Diego Jos', 'El', NULL, NULL, NULL, '2020-02-18 23:18:08', NULL, NULL, NULL),
(39, 483, 'MAURICIO ERNESTO', 'GRANADOS ORELLANA', NULL, NULL, NULL, '2020-02-18 23:18:08', NULL, NULL, NULL),
(40, 484, 'BRYAN ANTONIO', 'NOVOA L', NULL, NULL, NULL, '2020-02-18 23:18:08', NULL, NULL, NULL),
(41, 485, 'Anthony Ariel', 'Orantes Aguilar', NULL, NULL, NULL, '2020-02-18 23:18:08', NULL, NULL, NULL),
(42, 486, 'Kevin Gonzalo', 'Rodr', NULL, NULL, NULL, '2020-02-18 23:18:08', NULL, NULL, NULL),
(43, 487, 'Omar Enrique', 'Cruz Orellana', NULL, NULL, NULL, '2020-02-18 23:18:08', NULL, NULL, NULL),
(44, 488, 'LORENZO VICENTE', 'GRIMALDI VELASCO', NULL, NULL, NULL, '2020-02-18 23:18:08', NULL, NULL, NULL),
(45, 489, 'DAVID MAURICIO', 'ROMERO RIVAS', NULL, NULL, NULL, '2020-02-18 23:18:08', NULL, NULL, NULL),
(46, 490, 'OSCAR DANIEL', 'JIMENEZ LARA', NULL, NULL, NULL, '2020-02-18 23:18:08', NULL, NULL, NULL),
(47, 491, 'ALEJANDRO STEFANO', 'GRANADOS ORELLANA', NULL, NULL, NULL, '2020-02-18 23:18:08', NULL, NULL, NULL),
(48, 492, 'RAMON FERNANDO ', 'PANAME', NULL, NULL, NULL, '2020-02-18 23:18:08', NULL, NULL, NULL),
(49, 493, 'Christian Alexis', 'P', NULL, NULL, NULL, '2020-02-18 23:18:08', NULL, NULL, NULL),
(50, 494, 'MARCELA ELIZABETH', 'L', NULL, NULL, NULL, '2020-02-18 23:18:08', NULL, NULL, NULL),
(51, 495, 'Roberto Mauricio', 'Mu', NULL, NULL, NULL, '2020-02-18 23:18:08', NULL, NULL, NULL),
(52, 496, 'LIGIA ELENA', 'PALMA AVALOS', NULL, NULL, NULL, '2020-02-18 23:18:08', NULL, NULL, NULL),
(53, 497, 'GUILLERMO EZEQUIEL', 'PAREDES PASTRAN', NULL, NULL, NULL, '2020-02-18 23:18:08', NULL, NULL, NULL),
(54, 498, 'KENNEDY SAMUEL', 'P', NULL, NULL, NULL, '2020-02-18 23:18:08', NULL, NULL, NULL),
(55, 499, 'ARLENY RAQUEL', 'GARC', NULL, NULL, NULL, '2020-02-18 23:18:08', NULL, NULL, NULL),
(56, 500, 'DAVID EDUARDO', 'MAGA', NULL, NULL, NULL, '2020-02-18 23:18:08', NULL, NULL, NULL),
(57, 501, 'Javier Ernesto', 'Marroqu', NULL, NULL, NULL, '2020-02-18 23:18:08', NULL, NULL, NULL),
(58, 502, 'ERICK WILFREDO', 'ACOSTA PLEITEZ', NULL, NULL, NULL, '2020-02-18 23:18:08', NULL, NULL, NULL),
(59, 503, 'EDWIN JOS', 'MOLINA ALEM', NULL, NULL, NULL, '2020-02-18 23:18:08', NULL, NULL, NULL),
(60, 504, 'JUANA MARICELA', 'IRAHETA COTO', NULL, NULL, NULL, '2020-02-18 23:18:08', NULL, NULL, NULL),
(61, 505, 'Douglas Edenilson', 'Leiva Hern', NULL, NULL, NULL, '2020-02-18 23:18:08', NULL, NULL, NULL),
(62, 506, 'NESTOR DANIEL', 'MARTINEZ SANCHEZ', NULL, NULL, NULL, '2020-02-18 23:18:08', NULL, NULL, NULL),
(63, 507, 'Manuel Enrique', 'Su', NULL, NULL, NULL, '2020-02-18 23:18:08', NULL, NULL, NULL),
(64, 508, 'ERIKA YAMILETH', 'VALENCIA CABRERA', NULL, NULL, NULL, '2020-02-18 23:18:08', NULL, NULL, NULL),
(65, 509, 'Yessica Guadalupe', 'Rivera Campos', NULL, NULL, NULL, '2020-02-18 23:18:08', NULL, NULL, NULL),
(66, 510, 'CRISTIAN ENMANUEL', 'SOSA CARABANTES', NULL, NULL, NULL, '2020-02-18 23:18:08', NULL, NULL, NULL),
(67, 511, 'MELVIN RENE', 'RIVERA MACHADO', NULL, NULL, NULL, '2020-02-18 23:18:08', NULL, NULL, NULL),
(68, 512, 'JENNIFER BEATRIZ', 'L', NULL, NULL, NULL, '2020-02-18 23:18:08', NULL, NULL, NULL),
(69, 513, 'RODRIGO MAURICIO', 'TORRES ARTIAGA', NULL, NULL, NULL, '2020-02-18 23:18:08', NULL, NULL, NULL),
(70, 514, 'DANIEL ALFREDO', 'RAMIREZ FUENTES', NULL, NULL, NULL, '2020-02-18 23:18:08', NULL, NULL, NULL),
(71, 515, 'SHARYL JEANNINE', 'MENDOZA GUARDADO', NULL, NULL, NULL, '2020-02-18 23:18:08', NULL, NULL, NULL),
(72, 516, 'CARLOS ALFREDO', 'C', NULL, NULL, NULL, '2020-02-18 23:18:08', NULL, NULL, NULL),
(73, 517, 'JOHAM VANWILLIAM', 'CRUZ ESPINAL', NULL, NULL, NULL, '2020-02-18 23:18:08', NULL, NULL, NULL),
(74, 518, 'LORENA MARGARITA', 'ORDO', NULL, NULL, NULL, '2020-02-18 23:18:08', NULL, NULL, NULL),
(75, 519, 'ARMIDA AZUCENA', 'RAMIREZ ALAS', NULL, NULL, NULL, '2020-02-18 23:18:08', NULL, NULL, NULL),
(76, 520, 'CARLOS EDUARDO', 'BERNAL PEREZ', NULL, NULL, NULL, '2020-02-18 23:18:08', NULL, NULL, NULL),
(77, 521, 'KARLA ODALIS', 'LINARES CORDERO', NULL, NULL, NULL, '2020-02-18 23:18:08', NULL, NULL, NULL),
(78, 522, 'Kevin Alexander', 'Hern', NULL, NULL, NULL, '2020-02-18 23:18:08', NULL, NULL, NULL),
(79, 523, 'FRANCIS AMILCAR', 'MENJIVAR ', NULL, NULL, NULL, '2020-02-18 23:18:08', NULL, NULL, NULL),
(80, 524, 'WILFREDO', 'ORELLANA DUE', NULL, NULL, NULL, '2020-02-18 23:18:08', NULL, NULL, NULL),
(81, 525, 'Paola Ren', 'Aguilar Quevedo', NULL, NULL, NULL, '2020-02-18 23:18:08', NULL, NULL, NULL),
(82, 526, 'JOS', 'QUIJADA FIGUEROA', NULL, NULL, NULL, '2020-02-18 23:18:08', NULL, NULL, NULL),
(83, 527, 'Francisco Alexander', 'Santana Mendez', NULL, NULL, NULL, '2020-02-18 23:18:08', NULL, NULL, NULL),
(84, 528, 'FRANKLIN STANLEY ', 'PORTILLO PORTILLO ', NULL, NULL, NULL, '2020-02-18 23:18:08', NULL, NULL, NULL),
(85, 529, 'LORENA ASTRID', 'DUR', NULL, NULL, NULL, '2020-02-18 23:18:08', NULL, NULL, NULL),
(86, 530, 'MAURICIO ERNESTO', 'MORALES MORALES', NULL, NULL, NULL, '2020-02-18 23:18:08', NULL, NULL, NULL),
(87, 531, 'DANIEL ALEJANDRO', 'D', NULL, NULL, NULL, '2020-02-18 23:18:08', NULL, NULL, NULL),
(88, 532, 'MARIO ELIEZER', 'ANDRADE LOPEZ', NULL, NULL, NULL, '2020-02-18 23:18:08', NULL, NULL, NULL),
(89, 533, 'Nelson Alejandro', 'Saz Rivera', NULL, NULL, NULL, '2020-02-18 23:18:08', NULL, NULL, NULL),
(90, 534, 'Juan Carlos', 'Orellana Orellana', NULL, NULL, NULL, '2020-02-18 23:18:08', NULL, NULL, NULL),
(91, 535, 'CARLOS ANTONIO', 'UMA', NULL, NULL, NULL, '2020-02-18 23:18:08', NULL, NULL, NULL),
(92, 536, 'LORENA ESMERALDA', 'L', NULL, NULL, NULL, '2020-02-18 23:18:08', NULL, NULL, NULL),
(93, 537, 'PEDRO ANTONIO', 'MIRA HERNANDEZ', NULL, NULL, NULL, '2020-02-18 23:18:08', NULL, NULL, NULL),
(94, 538, 'GABRIELA DENISSE', 'VEL', NULL, NULL, NULL, '2020-02-18 23:18:08', NULL, NULL, NULL),
(95, 539, 'Kevin Alexis ', 'Beltr', NULL, NULL, NULL, '2020-02-18 23:18:08', NULL, NULL, NULL),
(96, 540, 'RODRIGO DANIEL', 'SEGOVIA ROMERO', NULL, NULL, NULL, '2020-02-18 23:18:08', NULL, NULL, NULL),
(97, 541, 'HAMMER ABISAI', 'GARCIA RAMIREZ', NULL, NULL, NULL, '2020-02-18 23:18:08', NULL, NULL, NULL),
(98, 542, 'Francisco David', 'G', NULL, NULL, NULL, '2020-02-18 23:18:08', NULL, NULL, NULL),
(99, 543, 'MILTON EL', 'RIVERA MOLINA', NULL, NULL, NULL, '2020-02-18 23:18:08', NULL, NULL, NULL),
(100, 544, 'JUAN FRANCISCO ', 'FUENTES ELIAS ', NULL, NULL, NULL, '2020-02-18 23:18:08', NULL, NULL, NULL),
(101, 545, 'SANTIAGO ERNESTO', 'LOPEZ LARA', NULL, NULL, NULL, '2020-02-18 23:18:08', NULL, NULL, NULL),
(102, 546, 'M', 'FLORES BONILLA', NULL, NULL, NULL, '2020-02-18 23:18:08', NULL, NULL, NULL),
(103, 547, 'DEYSI TATIANA ', 'MARTINEZ RIVAS ', NULL, NULL, NULL, '2020-02-18 23:18:08', NULL, NULL, NULL),
(104, 548, 'CARLOS ANTONIO', 'MATA MEZA', NULL, NULL, NULL, '2020-02-18 23:18:08', NULL, NULL, NULL),
(105, 549, 'MOIS', 'FLORES ESCOBAR', NULL, NULL, NULL, '2020-02-18 23:18:08', NULL, NULL, NULL),
(106, 550, 'HECTOR WALTER', 'HERNANDEZ GUARDADO', NULL, NULL, NULL, '2020-02-18 23:18:08', NULL, NULL, NULL),
(107, 551, 'CHRISTIAN LISANDRO', 'MENDOZA BAUTISTA', NULL, NULL, NULL, '2020-02-18 23:18:08', NULL, NULL, NULL),
(108, 552, 'ERICK ALEXANDER', 'SANDOVAL MARTINEZ', NULL, NULL, NULL, '2020-02-18 23:18:08', NULL, NULL, NULL),
(109, 553, 'Josu', 'Cortez Aguilar', NULL, NULL, NULL, '2020-02-18 23:18:08', NULL, NULL, NULL),
(110, 554, 'German Arcenio', 'Cruz Ortega', NULL, NULL, NULL, '2020-02-18 23:18:08', NULL, NULL, NULL),
(111, 555, 'VICTOR GERARDO', 'MEZA GARCIA', NULL, NULL, NULL, '2020-02-18 23:18:08', NULL, NULL, NULL),
(112, 556, 'Roberto Eliezer', 'Ventura Dominguez', NULL, NULL, NULL, '2020-02-18 23:18:08', NULL, NULL, NULL),
(113, 557, 'Rene Eduardo', 'Reyes Yanes', NULL, NULL, NULL, '2020-02-18 23:18:08', NULL, NULL, NULL),
(114, 558, 'CELINA ABIGAIL', 'ALFARO VISCARRA', NULL, NULL, NULL, '2020-02-18 23:18:08', NULL, NULL, NULL),
(115, 559, 'Michelle Alejandra', 'Romero Hern', NULL, NULL, NULL, '2020-02-18 23:18:08', NULL, NULL, NULL),
(116, 560, 'DENNIS ALEXIS', 'QUIJANO CUSTODIO', NULL, NULL, NULL, '2020-02-18 23:18:08', NULL, NULL, NULL),
(117, 561, 'CARLOS EMILIO', 'VILLACORTA FERRER', NULL, NULL, NULL, '2020-02-18 23:18:08', NULL, NULL, NULL),
(118, 562, 'Jason Alcides', 'Orantes Escobar', NULL, NULL, NULL, '2020-02-18 23:18:08', NULL, NULL, NULL),
(119, 563, 'JOS', 'REYES MINA', NULL, NULL, NULL, '2020-02-18 23:18:08', NULL, NULL, NULL),
(120, 564, 'Wilfredo Jos', 'Flamenco Lemus', NULL, NULL, NULL, '2020-02-18 23:18:08', NULL, NULL, NULL),
(121, 565, 'MARVIN AR', 'QUIJADA FIGUEROA', NULL, NULL, NULL, '2020-02-18 23:18:08', NULL, NULL, NULL),
(122, 566, 'MARVIN ENRIQUE', 'V', NULL, NULL, NULL, '2020-02-18 23:18:08', NULL, NULL, NULL),
(123, 567, 'JOSUE CRISTIAN', 'PE', NULL, NULL, NULL, '2020-02-18 23:18:08', NULL, NULL, NULL),
(124, 568, 'RICARDO', 'ACOSTA MORALES', NULL, NULL, NULL, '2020-02-18 23:18:08', NULL, NULL, NULL),
(125, 569, 'SILVIA AMINTA', 'COTO AYALA', NULL, NULL, NULL, '2020-02-18 23:18:08', NULL, NULL, NULL),
(126, 570, 'EDUARDO ALEXIS', 'LANDAVERDE GONZALEZ', NULL, NULL, NULL, '2020-02-18 23:18:08', NULL, NULL, NULL),
(127, 571, 'CRISTIAN RENE', 'CASTILLO MENJIVAR', NULL, NULL, NULL, '2020-02-18 23:18:08', NULL, NULL, NULL),
(128, 572, 'GUSTAVO ERNESTO', 'HENR', NULL, NULL, NULL, '2020-02-18 23:18:08', NULL, NULL, NULL),
(129, 573, 'ROSALIO JOSUE', 'HERNANDEZ FRANCO', NULL, NULL, NULL, '2020-02-18 23:18:08', NULL, NULL, NULL),
(130, 574, 'JOCELINE ILIANA', 'V', NULL, NULL, NULL, '2020-02-18 23:18:08', NULL, NULL, NULL),
(131, 575, 'KIRIO WALDO', 'PORTILLO MENDOZA', NULL, NULL, NULL, '2020-02-18 23:18:08', NULL, NULL, NULL),
(132, 576, 'DAVID JOSU', 'ALVARADO HERN', NULL, NULL, NULL, '2020-02-18 23:18:08', NULL, NULL, NULL),
(133, 577, 'Samantha Alexandra', 'Romero Mart', NULL, NULL, NULL, '2020-02-18 23:18:08', NULL, NULL, NULL),
(134, 578, 'Carlos Omar', 'Hern', NULL, NULL, NULL, '2020-02-18 23:18:08', NULL, NULL, NULL),
(135, 579, 'Erick Alexander', 'Quintanilla Pe', NULL, NULL, NULL, '2020-02-18 23:18:08', NULL, NULL, NULL),
(136, 580, 'EDUARDO ANTONIO', 'ORTIZ GARCIA', NULL, NULL, NULL, '2020-02-18 23:18:08', NULL, NULL, NULL),
(137, 581, 'DAVID ARMANDO', 'MEJIA RIVERA', NULL, NULL, NULL, '2020-02-18 23:18:08', NULL, NULL, NULL),
(138, 582, 'ILICH DANIEL MANRIQUE', 'MORALES S', NULL, NULL, NULL, '2020-02-18 23:18:08', NULL, NULL, NULL),
(139, 583, 'ANA SILVIA', 'RODR', NULL, NULL, NULL, '2020-02-18 23:18:08', NULL, NULL, NULL),
(140, 584, 'BRYAN ARTHUR', 'MIRANDA CHAMAGUA', NULL, NULL, NULL, '2020-02-18 23:18:08', NULL, NULL, NULL),
(141, 585, 'EVER JOSUE', 'GUARDADO SALGUERO', NULL, NULL, NULL, '2020-02-18 23:18:08', NULL, NULL, NULL),
(142, 586, 'WALTER ENRIQUE ', 'LANDAVERDE GARCIA ', NULL, NULL, NULL, '2020-02-18 23:18:08', NULL, NULL, NULL),
(143, 587, 'Miguel Luis', 'Mart', NULL, NULL, NULL, '2020-02-18 23:18:08', NULL, NULL, NULL),
(144, 588, 'WENDY CAROLINA', 'GOMEZ LEMUS', NULL, NULL, NULL, '2020-02-18 23:18:08', NULL, NULL, NULL),
(145, 589, 'EDGAR DAVID', 'VASQUEZ MONTENEGRO', NULL, NULL, NULL, '2020-02-18 23:18:08', NULL, NULL, NULL),
(146, 590, 'NELSON ENRIQUE', 'MIRANDA MIRANDA', NULL, NULL, NULL, '2020-02-18 23:18:08', NULL, NULL, NULL),
(147, 591, 'Carlos Alberto', 'Mart', NULL, NULL, NULL, '2020-02-18 23:18:08', NULL, NULL, NULL),
(148, 592, 'MANUEL ENRIQUE', 'ABARCA MIRANDA', NULL, NULL, NULL, '2020-02-18 23:18:08', NULL, NULL, NULL),
(149, 593, 'ALICIA BEATRIZ', 'PE', NULL, NULL, NULL, '2020-02-18 23:18:08', NULL, NULL, NULL),
(150, 594, 'JORGE ERNESTO', 'GUTI', NULL, NULL, NULL, '2020-02-18 23:18:08', NULL, NULL, NULL),
(151, 595, 'RA', 'MEN', NULL, NULL, NULL, '2020-02-18 23:18:08', NULL, NULL, NULL),
(152, 596, 'JOS', 'ZELAYA RODR', NULL, NULL, NULL, '2020-02-18 23:18:08', NULL, NULL, NULL),
(153, 597, 'VANESSA SKARLET', 'CASTILLO RIVAS', NULL, NULL, NULL, '2020-02-18 23:18:08', NULL, NULL, NULL),
(154, 598, 'Jos', 'Presa Mariona', NULL, NULL, NULL, '2020-02-18 23:18:08', NULL, NULL, NULL),
(155, 599, 'Luis Felipe', 'Serrano Amaya', NULL, NULL, NULL, '2020-02-18 23:18:08', NULL, NULL, NULL),
(156, 600, 'Fredy Rolando', 'Mart', NULL, NULL, NULL, '2020-02-18 23:18:08', NULL, NULL, NULL),
(157, 601, 'RICARDO ANTONIO', 'CAMPOS CORVERA', NULL, NULL, NULL, '2020-02-18 23:18:08', NULL, NULL, NULL),
(158, 602, 'JUAN CARLOS', 'CENTENO BORJA', NULL, NULL, NULL, '2020-02-18 23:18:08', NULL, NULL, NULL),
(159, 603, 'LUIS RODOLFO', 'MOLINA MOLINA', NULL, NULL, NULL, '2020-02-18 23:18:08', NULL, NULL, NULL),
(160, 604, 'VILMA ARELY', 'B', NULL, NULL, NULL, '2020-02-18 23:18:08', NULL, NULL, NULL),
(161, 605, 'Abraham El', 'Portillo Castillo', NULL, NULL, NULL, '2020-02-18 23:18:08', NULL, NULL, NULL),
(162, 606, 'MIGUEL ANGEL', 'MARCHELLI HERNANDEZ', NULL, NULL, NULL, '2020-02-18 23:18:08', NULL, NULL, NULL),
(163, 607, 'NEREIRA YAMILETH', 'CAMPOS AVALOS', NULL, NULL, NULL, '2020-02-18 23:18:08', NULL, NULL, NULL),
(164, 608, 'ALEJANDRA BEATRIZ', 'OLMEDO RECINOS', NULL, NULL, NULL, '2020-02-18 23:18:08', NULL, NULL, NULL),
(165, 609, 'OSCAR ALEJANDRO', 'HERN', NULL, NULL, NULL, '2020-02-18 23:18:08', NULL, NULL, NULL),
(166, 610, 'William Alexander', 'P', NULL, NULL, NULL, '2020-02-18 23:18:08', NULL, NULL, NULL),
(167, 611, 'Luis Fernando', 'Torres Martínez', NULL, NULL, NULL, '2020-02-18 23:18:08', NULL, NULL, NULL),
(168, 612, 'Lev', 'Reyes Huezo', NULL, NULL, NULL, '2020-02-18 23:18:08', NULL, NULL, NULL),
(169, 613, 'KEVIN ALEJANDRO', 'LANDAVERDE VALTE', NULL, NULL, NULL, '2020-02-18 23:18:08', NULL, NULL, NULL),
(170, 614, 'ALEX ALFONSO', 'MUNTO UCEDA', NULL, NULL, NULL, '2020-02-18 23:18:08', NULL, NULL, NULL),
(171, 615, 'EDWIN GERARDO ', 'RODAS SANTAMARIA ', NULL, NULL, NULL, '2020-02-18 23:18:08', NULL, NULL, NULL),
(172, 616, 'WILFREDO ALEXANDER', 'CER', NULL, NULL, NULL, '2020-02-18 23:18:08', NULL, NULL, NULL),
(173, 617, 'Walter Ernesto', 'Marroqu', NULL, NULL, NULL, '2020-02-18 23:18:08', NULL, NULL, NULL),
(174, 618, 'Miguel de Jes', 'Mendoza Orellana', NULL, NULL, NULL, '2020-02-18 23:18:08', NULL, NULL, NULL),
(175, 619, 'MAYRA ELIZABETH ', 'ZAVALA NAJARRO ', NULL, NULL, NULL, '2020-02-18 23:18:08', NULL, NULL, NULL),
(176, 620, 'F', 'De La Rosa Perdomo', NULL, NULL, NULL, '2020-02-18 23:18:08', NULL, NULL, NULL),
(177, 621, 'Adonay Absalon', 'Barahona Ramos', NULL, NULL, NULL, '2020-02-18 23:18:08', NULL, NULL, NULL),
(178, 622, 'Christhian Danilo', 'Benavides Tejada', NULL, NULL, NULL, '2020-02-18 23:18:08', NULL, NULL, NULL),
(179, 623, 'GABRIEL ALFONSO ', 'ZELAYA ', NULL, NULL, NULL, '2020-02-18 23:18:08', NULL, NULL, NULL),
(180, 624, 'JOS', 'SOSA HERN', NULL, NULL, NULL, '2020-02-18 23:18:08', NULL, NULL, NULL),
(181, 625, 'Susana Rebeca', 'Rivera Palacios', NULL, NULL, NULL, '2020-02-18 23:18:08', NULL, NULL, NULL),
(182, 626, 'ANA ARGENTINA', 'RAMOS DE JOMA', NULL, NULL, NULL, '2020-02-18 23:18:08', NULL, NULL, NULL),
(183, 627, 'RICARDO ARMANDO ', 'FLAMENCO MONTENEGRO ', NULL, NULL, NULL, '2020-02-18 23:18:08', NULL, NULL, NULL),
(184, 628, 'VLADIMIR ALBERTO', 'ESPINOZA MART', NULL, NULL, NULL, '2020-02-18 23:18:08', NULL, NULL, NULL),
(185, 629, 'OSCAR MARIO', 'QUINTANILLA CAMPOS', NULL, NULL, NULL, '2020-02-18 23:18:08', NULL, NULL, NULL),
(186, 630, 'NANCY AIDA', 'GARCIA ZEPEDA', NULL, NULL, NULL, '2020-02-18 23:18:08', NULL, NULL, NULL),
(187, 631, 'MARVIN ANTONIO', 'V', NULL, NULL, NULL, '2020-02-18 23:18:08', NULL, NULL, NULL),
(188, 632, 'Ver', 'Borja P', NULL, NULL, NULL, '2020-02-18 23:18:08', NULL, NULL, NULL),
(189, 633, 'Francisco Jos', 'Navas Hern', NULL, NULL, NULL, '2020-02-18 23:18:08', NULL, NULL, NULL),
(190, 634, 'LESLIE ANDREA', 'RAMOS MEJIA', NULL, NULL, NULL, '2020-02-18 23:18:08', NULL, NULL, NULL),
(191, 635, 'Irving Eduardo', 'De la Cruz Rivas', NULL, NULL, NULL, '2020-02-18 23:18:08', NULL, NULL, NULL),
(192, 636, 'YONATAN ALEXANDER', 'SARAVIA SANTOS', NULL, NULL, NULL, '2020-02-18 23:18:08', NULL, NULL, NULL),
(193, 637, 'JOCELYN CAROLINA', 'LARA URRUTIA', NULL, NULL, NULL, '2020-02-18 23:18:08', NULL, NULL, NULL),
(194, 638, 'Josue Samuel', 'Ramos Serrano', NULL, NULL, NULL, '2020-02-18 23:18:08', NULL, NULL, NULL),
(195, 639, 'JOSÉ VICENTE', 'LINARES MENDOZA', NULL, NULL, NULL, '2020-02-18 23:18:08', NULL, NULL, NULL),
(196, 640, 'ALEJANDRA ABIGAIL', 'CANIZALEZ SANTOS', NULL, NULL, NULL, '2020-02-18 23:18:08', NULL, NULL, NULL),
(197, 641, 'Joel Antonio', 'Rosales Alvarado', NULL, NULL, NULL, '2020-02-18 23:18:08', NULL, NULL, NULL),
(198, 642, 'NICOL', 'PE', NULL, NULL, NULL, '2020-02-18 23:18:08', NULL, NULL, NULL),
(199, 643, 'MARLON EDUARDO', 'RODR', NULL, NULL, NULL, '2020-02-18 23:18:08', NULL, NULL, NULL),
(200, 644, 'Melanie Carolina', 'Navarro Alfaro', NULL, NULL, NULL, '2020-02-18 23:18:08', NULL, NULL, NULL),
(201, 645, 'LUIS EDGARDO', 'PINO MEL', NULL, NULL, NULL, '2020-02-18 23:18:08', NULL, NULL, NULL),
(202, 646, 'HECTOR MAURICIO', 'FUENTES CHICAS', NULL, NULL, NULL, '2020-02-18 23:18:08', NULL, NULL, NULL),
(203, 647, 'Bryan Josu', 'Aguilar Rom', NULL, NULL, NULL, '2020-02-18 23:18:08', NULL, NULL, NULL),
(204, 648, 'ISRAEL DAVID', 'BAUTISTA MERINO', NULL, NULL, NULL, '2020-02-18 23:18:08', NULL, NULL, NULL),
(205, 649, 'OSCAR RENE', 'MERINO AQUINO', NULL, NULL, NULL, '2020-02-18 23:18:08', NULL, NULL, NULL),
(206, 650, 'BENJAM', 'MONGE MOR', NULL, NULL, NULL, '2020-02-18 23:18:08', NULL, NULL, NULL),
(207, 651, 'KATHERINE STHEFANY', 'CERNA M', NULL, NULL, NULL, '2020-02-18 23:18:08', NULL, NULL, NULL),
(208, 652, 'SUSANA ESTEFFANY', 'MENDOZA DELGADO', NULL, NULL, NULL, '2020-02-18 23:18:08', NULL, NULL, NULL),
(209, 653, 'BEATRIZ DEL CARMEN', 'PANAME', NULL, NULL, NULL, '2020-02-18 23:18:08', NULL, NULL, NULL),
(210, 654, 'VALERIA MICHELLE', 'NOVOA BERNABE', NULL, NULL, NULL, '2020-02-18 23:18:08', NULL, NULL, NULL),
(211, 655, 'PEDRO LUIS', 'POZO MONTERROSA', NULL, NULL, NULL, '2020-02-18 23:18:08', NULL, NULL, NULL),
(212, 656, 'MARLON ALBERTO', 'TORRES CABRERA', NULL, NULL, NULL, '2020-02-18 23:18:08', NULL, NULL, NULL),
(213, 657, 'JOS', 'RIVERA SANTAMARIA', NULL, NULL, NULL, '2020-02-18 23:18:08', NULL, NULL, NULL),
(214, 658, 'Daniel El', 'Pineda Villatoro', NULL, NULL, NULL, '2020-02-18 23:18:08', NULL, NULL, NULL),
(215, 659, 'MARLON ERNESTO', 'FIGUEROA FUENTES', NULL, NULL, NULL, '2020-02-18 23:18:08', NULL, NULL, NULL),
(216, 660, 'WALTER ANTONIO', 'CRUZ MEJIA', NULL, NULL, NULL, '2020-02-18 23:18:08', NULL, NULL, NULL),
(217, 661, 'EDWIN ENRIQUE', 'DIMAS VALLE', NULL, NULL, NULL, '2020-02-18 23:18:08', NULL, NULL, NULL),
(218, 662, 'EDWIN ESAU', 'HENRIQUEZ HENRIQUEZ', NULL, NULL, NULL, '2020-02-18 23:18:08', NULL, NULL, NULL),
(219, 663, 'REN', 'PARADA MEJ', NULL, NULL, NULL, '2020-02-18 23:18:08', NULL, NULL, NULL),
(220, 664, 'Miguel Enrique', 'Guti', NULL, NULL, NULL, '2020-02-18 23:18:08', NULL, NULL, NULL),
(221, 665, 'Alfredo Alexander', 'Villeda Romero', NULL, NULL, NULL, '2020-02-18 23:18:08', NULL, NULL, NULL),
(222, 666, 'NATHALY MARCELA', 'AMAYA AGREDA', NULL, NULL, NULL, '2020-02-18 23:18:08', NULL, NULL, NULL),
(223, 667, 'VICTOR MANUEL ', 'SAENZ OSORIO ', NULL, NULL, NULL, '2020-02-18 23:18:08', NULL, NULL, NULL),
(224, 668, 'Carlos Alberto', 'Rivera Luna', NULL, NULL, NULL, '2020-02-18 23:18:08', NULL, NULL, NULL),
(225, 669, 'Joshua Josu', 'Aguilar Palencia', NULL, NULL, NULL, '2020-02-18 23:18:08', NULL, NULL, NULL),
(226, 670, 'David Ernesto', 'Uma', NULL, NULL, NULL, '2020-02-18 23:18:08', NULL, NULL, NULL),
(227, 671, 'MARIA ESTHER', 'BERNAL GARCIA', NULL, NULL, NULL, '2020-02-18 23:18:08', NULL, NULL, NULL),
(228, 672, 'SAMUEL GEOVANNY', 'PAIZ ORELLANA', NULL, NULL, NULL, '2020-02-18 23:18:08', NULL, NULL, NULL),
(229, 673, 'Luis Javier', 'D', NULL, NULL, NULL, '2020-02-18 23:18:08', NULL, NULL, NULL),
(230, 674, 'NESTOR DANILO ', 'GARCIA RAMOS ', NULL, NULL, NULL, '2020-02-18 23:18:08', NULL, NULL, NULL),
(231, 675, 'D', 'GUARDADO REINOZA', NULL, NULL, NULL, '2020-02-18 23:18:08', NULL, NULL, NULL),
(232, 676, 'NELSON JOS', 'ALBERTO RAM', NULL, NULL, NULL, '2020-02-18 23:18:08', NULL, NULL, NULL),
(233, 677, 'KEVIN ERNESTO', 'GUZM', NULL, NULL, NULL, '2020-02-18 23:18:08', NULL, NULL, NULL),
(234, 678, 'MAHALALEEL', 'VILLALTA MARTINEZ', NULL, NULL, NULL, '2020-02-18 23:18:08', NULL, NULL, NULL),
(235, 679, 'JOS', 'FLORES DOM', NULL, NULL, NULL, '2020-02-18 23:18:08', NULL, NULL, NULL),
(236, 680, 'OMAR ALEXANDER', 'GARC', NULL, NULL, NULL, '2020-02-18 23:18:08', NULL, NULL, NULL),
(237, 681, 'JOSE ALEXANDER', 'RODRIGUEZ GONZALEZ', NULL, NULL, NULL, '2020-02-18 23:18:08', NULL, NULL, NULL),
(238, 682, 'SAMUEL BALMORE', 'ZEPEDA DO', NULL, NULL, NULL, '2020-02-18 23:18:08', NULL, NULL, NULL),
(239, 683, 'MARTHA VARINIA', 'BARAHONA BARILLAS', NULL, NULL, NULL, '2020-02-18 23:18:08', NULL, NULL, NULL),
(240, 684, 'H', 'Mart', NULL, NULL, NULL, '2020-02-18 23:18:08', NULL, NULL, NULL),
(241, 685, 'Mauro Ad', 'Jovel Cruz', NULL, NULL, NULL, '2020-02-18 23:18:08', NULL, NULL, NULL),
(242, 686, 'Diego Josu', 'Carpio Portillo', NULL, NULL, NULL, '2020-02-18 23:18:08', NULL, NULL, NULL),
(243, 687, 'MARIA LUZ', 'MENJIVAR MORENO', NULL, NULL, NULL, '2020-02-18 23:18:08', NULL, NULL, NULL),
(244, 688, 'GERSON GAMALIEL', 'VANEGA ORTEGA', NULL, NULL, NULL, '2020-02-18 23:18:08', NULL, NULL, NULL),
(245, 689, 'Gustavo Alberto', 'Romero Moreno', NULL, NULL, NULL, '2020-02-18 23:18:08', NULL, NULL, NULL),
(246, 690, 'PEDRO ARNULFO', 'MONTALVO FUNES', NULL, NULL, NULL, '2020-02-18 23:18:08', NULL, NULL, NULL),
(247, 691, '', 'Peraza Gonz', NULL, NULL, NULL, '2020-02-18 23:18:08', NULL, NULL, NULL),
(248, 692, 'Damaris Yasmin', 'Vides Le', NULL, NULL, NULL, '2020-02-18 23:18:08', NULL, NULL, NULL),
(249, 693, 'LUIS ALEJANDRO', 'ALAS GONZ', NULL, NULL, NULL, '2020-02-18 23:18:08', NULL, NULL, NULL),
(250, 694, 'FRANCISCO JAVIER', 'ALEM', NULL, NULL, NULL, '2020-02-18 23:18:08', NULL, NULL, NULL),
(251, 695, 'Wendy Tatiana', 'L', NULL, NULL, NULL, '2020-02-18 23:18:08', NULL, NULL, NULL),
(252, 696, 'MIGUEL ANGEL', 'LOPEZ ALFARO', NULL, NULL, NULL, '2020-02-18 23:18:08', NULL, NULL, NULL),
(253, 697, 'Angel Mauricio', 'Ordo', NULL, NULL, NULL, '2020-02-18 23:18:08', NULL, NULL, NULL),
(254, 698, 'LEONEL ENRIQUE', 'RAMOS RAMOS', NULL, NULL, NULL, '2020-02-18 23:18:08', NULL, NULL, NULL),
(255, 699, 'Gerardo Ernesto', 'Merino Vega', NULL, NULL, NULL, '2020-02-18 23:18:08', NULL, NULL, NULL),
(256, 700, 'Ricardo Alessandro', 'Sudasassi Merino', NULL, NULL, NULL, '2020-02-18 23:18:08', NULL, NULL, NULL),
(257, 701, 'SERGIO MARCELO ', 'DIAZ DIAZ ', NULL, NULL, NULL, '2020-02-18 23:18:08', NULL, NULL, NULL),
(258, 702, 'HAROLD JEANCARLOS', 'GUEVARA TORRES', NULL, NULL, NULL, '2020-02-18 23:18:08', NULL, NULL, NULL),
(259, 703, 'ANDR', 'ORELLANA MART', NULL, NULL, NULL, '2020-02-18 23:18:08', NULL, NULL, NULL),
(260, 704, 'C', 'GONZ', NULL, NULL, NULL, '2020-02-18 23:18:08', NULL, NULL, NULL),
(261, 705, 'ESTEFANY ELIZABETH', 'MOLINA VALLE', NULL, NULL, NULL, '2020-02-18 23:18:08', NULL, NULL, NULL),
(262, 706, 'RUDY ANIBAL', 'HERNANDEZ GOMEZ', NULL, NULL, NULL, '2020-02-18 23:18:08', NULL, NULL, NULL),
(263, 707, 'Rodrigo Daniel', 'Mejia Salazar', NULL, NULL, NULL, '2020-02-18 23:18:08', NULL, NULL, NULL),
(264, 708, 'Jorge Geovani', 'Hern', NULL, NULL, NULL, '2020-02-18 23:18:08', NULL, NULL, NULL),
(265, 709, 'CARLOS JOSUE GREGORIO', 'MONTANO FIGUEROA', NULL, NULL, NULL, '2020-02-18 23:18:08', NULL, NULL, NULL),
(266, 710, 'No', 'Ponce Mart', NULL, NULL, NULL, '2020-02-18 23:18:08', NULL, NULL, NULL),
(267, 711, 'MAR', 'FLORES RAMOS', NULL, NULL, NULL, '2020-02-18 23:18:08', NULL, NULL, NULL),
(268, 712, 'RODOLFO FRANCISCO', 'MEL', NULL, NULL, NULL, '2020-02-18 23:18:08', NULL, NULL, NULL),
(269, 713, 'FRANCISCO', 'V', NULL, NULL, NULL, '2020-02-18 23:18:08', NULL, NULL, NULL),
(270, 714, 'ARIADNA METZTLI', 'MIRANDA INTERIANO', NULL, NULL, NULL, '2020-02-18 23:18:08', NULL, NULL, NULL),
(271, 715, 'PATRICIA MARILY', 'RINC', NULL, NULL, NULL, '2020-02-18 23:18:08', NULL, NULL, NULL),
(272, 716, 'Oswaldo Isaias', 'Cardoza Diaz', NULL, NULL, NULL, '2020-02-18 23:18:08', NULL, NULL, NULL),
(273, 717, 'Juan Salvador', 'Ram', NULL, NULL, NULL, '2020-02-18 23:18:08', NULL, NULL, NULL),
(274, 718, 'IRIS JEANNETTE', 'MARTINEZ GARCIA', NULL, NULL, NULL, '2020-02-18 23:18:08', NULL, NULL, NULL),
(275, 719, 'Oscar Enrique', 'Menj', NULL, NULL, NULL, '2020-02-18 23:18:08', NULL, NULL, NULL),
(276, 720, 'CARLOS MIGUEL', 'MENDOZA TICAS', NULL, NULL, NULL, '2020-02-18 23:18:08', NULL, NULL, NULL),
(277, 721, 'Kilmer Fabricio', 'Maravilla Lopez', NULL, NULL, NULL, '2020-02-18 23:18:08', NULL, NULL, NULL),
(278, 722, 'LEONEL VLADIMIR', 'VENTURA MIRA', NULL, NULL, NULL, '2020-02-18 23:18:08', NULL, NULL, NULL),
(279, 723, 'GERMAN STEVEN', 'GRANADOS CRUZ', NULL, NULL, NULL, '2020-02-18 23:18:08', NULL, NULL, NULL),
(280, 724, 'Sandra Yesenia', 'Acosta M', NULL, NULL, NULL, '2020-02-18 23:18:08', NULL, NULL, NULL),
(281, 725, 'FRANCISCO ERNESTO ', 'CUBIAS ', NULL, NULL, NULL, '2020-02-18 23:18:08', NULL, NULL, NULL),
(282, 726, 'AXEL OMAR', 'HERN', NULL, NULL, NULL, '2020-02-18 23:18:08', NULL, NULL, NULL),
(283, 727, 'Jos', 'Hern', NULL, NULL, NULL, '2020-02-18 23:18:08', NULL, NULL, NULL),
(284, 728, 'OSCAR ERNESTO', 'MAY', NULL, NULL, NULL, '2020-02-18 23:18:08', NULL, NULL, NULL),
(285, 729, 'Cristian Edilson', 'Argueta Medina', NULL, NULL, NULL, '2020-02-18 23:18:08', NULL, NULL, NULL),
(286, 730, 'Steven Johalmo', 'Cubas Garcia', NULL, NULL, NULL, '2020-02-18 23:18:08', NULL, NULL, NULL),
(287, 731, 'Nelson Alberto', 'Santacruz Jimenez', NULL, NULL, NULL, '2020-02-18 23:18:08', NULL, NULL, NULL),
(288, 732, 'SOF', 'MARROQU', NULL, NULL, NULL, '2020-02-18 23:18:08', NULL, NULL, NULL),
(289, 733, 'David Edgardo', 'G', NULL, NULL, NULL, '2020-02-18 23:18:08', NULL, NULL, NULL),
(290, 734, 'FERNANDO', 'MEDRANO CHAVARRIA', NULL, NULL, NULL, '2020-02-18 23:18:08', NULL, NULL, NULL),
(291, 735, 'Diego de Jes', 'Ochoa Garc', NULL, NULL, NULL, '2020-02-18 23:18:08', NULL, NULL, NULL),
(292, 736, 'JORGE ALEXANDER', 'AVALOS MARTINEZ', NULL, NULL, NULL, '2020-02-18 23:18:08', NULL, NULL, NULL),
(293, 737, 'JOSSELINE ASTRID', 'HERN', NULL, NULL, NULL, '2020-02-18 23:18:08', NULL, NULL, NULL),
(294, 738, 'RAFAEL ANTONIO', 'PINEDA HERN', NULL, NULL, NULL, '2020-02-18 23:18:08', NULL, NULL, NULL),
(295, 739, 'Carlos Fabricio', 'Campos P', NULL, NULL, NULL, '2020-02-18 23:18:08', NULL, NULL, NULL),
(296, 740, 'OSCAR ADONAY', 'RAMIREZ GUARDADO', NULL, NULL, NULL, '2020-02-18 23:18:08', NULL, NULL, NULL),
(297, 741, 'INGRID ELIZABETH', 'AGUILAR GONZALEZ', NULL, NULL, NULL, '2020-02-18 23:18:08', NULL, NULL, NULL),
(298, 742, 'LUIS NO', 'L', NULL, NULL, NULL, '2020-02-18 23:18:08', NULL, NULL, NULL),
(299, 743, 'EDWIN JOS', 'D', NULL, NULL, NULL, '2020-02-18 23:18:08', NULL, NULL, NULL),
(300, 744, 'BAYRON FRANCOMAR', 'RIVERA RIOS', NULL, NULL, NULL, '2020-02-18 23:18:08', NULL, NULL, NULL),
(301, 745, 'Rub', 'P', NULL, NULL, NULL, '2020-02-18 23:18:08', NULL, NULL, NULL),
(302, 746, 'AMBAR MARINA', 'GIL RODR', NULL, NULL, NULL, '2020-02-18 23:18:08', NULL, NULL, NULL),
(303, 747, 'KELLY GABRIELA', 'AGUILAR ROSA', NULL, NULL, NULL, '2020-02-18 23:18:08', NULL, NULL, NULL),
(304, 748, 'Edwin Joel', 'Amaya Palacios', NULL, NULL, NULL, '2020-02-18 23:18:08', NULL, NULL, NULL),
(305, 749, 'RAFAEL ENRIQUE', 'AVIL', NULL, NULL, NULL, '2020-02-18 23:18:08', NULL, NULL, NULL),
(306, 750, 'EDWIN ANTONIO', 'CUELLAR HERRERA', NULL, NULL, NULL, '2020-02-18 23:18:08', NULL, NULL, NULL),
(307, 751, 'Marvin Sigfredo', 'Rodriguez Cubias', NULL, NULL, NULL, '2020-02-18 23:18:08', NULL, NULL, NULL),
(308, 752, 'VICTOR HUMBERTO', 'ALVARADO ZACATARES', NULL, NULL, NULL, '2020-02-18 23:18:08', NULL, NULL, NULL),
(309, 753, 'CARLOS ALBERTO', 'NOYOLA SANCHEZ', NULL, NULL, NULL, '2020-02-18 23:18:08', NULL, NULL, NULL),
(310, 754, 'ERICK ARNOLDO', 'LEMUS QUIJADA', NULL, NULL, NULL, '2020-02-18 23:18:08', NULL, NULL, NULL),
(311, 755, 'GUADALUPE ISABEL', 'SANCHEZ RODRIGUEZ', NULL, NULL, NULL, '2020-02-18 23:18:08', NULL, NULL, NULL),
(312, 756, 'PABLO JAVIER ', 'TOBAR HERNANDEZ ', NULL, NULL, NULL, '2020-02-18 23:18:08', NULL, NULL, NULL),
(313, 757, 'Carlos Dalton', 'D', NULL, NULL, NULL, '2020-02-18 23:18:08', NULL, NULL, NULL),
(314, 758, 'Carlos Alfredo', 'Garc', NULL, NULL, NULL, '2020-02-18 23:18:08', NULL, NULL, NULL),
(315, 759, 'WILLIAM ALEXANDER ', 'NAVARRETE RAMOS ', NULL, NULL, NULL, '2020-02-18 23:18:08', NULL, NULL, NULL),
(316, 760, 'ERIC VLADIMIR', 'HENRIQUEZ RAMIREZ', NULL, NULL, NULL, '2020-02-18 23:18:08', NULL, NULL, NULL),
(317, 761, 'Henry No', 'Avila V', NULL, NULL, NULL, '2020-02-18 23:18:08', NULL, NULL, NULL),
(318, 762, 'Carlos David', 'Ascencio Abarca', NULL, NULL, NULL, '2020-02-18 23:18:08', NULL, NULL, NULL),
(319, 763, 'WALDO ANTONIO', 'LOBOS RODAS', NULL, NULL, NULL, '2020-02-18 23:18:08', NULL, NULL, NULL),
(320, 764, 'EDGAR RODOLFO ', 'VENTURA MERINO ', NULL, NULL, NULL, '2020-02-18 23:18:08', NULL, NULL, NULL),
(321, 765, 'HENRY IVAN', 'GODOY GUTIERREZ', NULL, NULL, NULL, '2020-02-18 23:18:08', NULL, NULL, NULL),
(322, 766, 'Ricardo Antonio', 'Agreda Hern', NULL, NULL, NULL, '2020-02-18 23:18:08', NULL, NULL, NULL),
(323, 767, 'Gerardo Wilfredo', 'Peralta Pinto', NULL, NULL, NULL, '2020-02-18 23:18:08', NULL, NULL, NULL),
(324, 768, 'Sa', 'Ch', NULL, NULL, NULL, '2020-02-18 23:18:08', NULL, NULL, NULL),
(325, 769, 'Jorge Alberto', 'G', NULL, NULL, NULL, '2020-02-18 23:18:08', NULL, NULL, NULL),
(326, 770, 'JOSE EDGARDO', 'ESCOBAR HERN', NULL, NULL, NULL, '2020-02-18 23:18:08', NULL, NULL, NULL),
(327, 771, 'Jos', 'Flores Barillas', NULL, NULL, NULL, '2020-02-18 23:18:08', NULL, NULL, NULL),
(328, 772, 'Jennifer Eunice', 'Monge Miranda', NULL, NULL, NULL, '2020-02-18 23:18:08', NULL, NULL, NULL),
(329, 773, 'KARLA RAQUEL ', 'GUZMAN ', NULL, NULL, NULL, '2020-02-18 23:18:08', NULL, NULL, NULL),
(330, 774, 'JOSUE ALEXANDER', 'GOMEZ HENRIQUEZ', NULL, NULL, NULL, '2020-02-18 23:18:08', NULL, NULL, NULL),
(331, 775, 'DIEGO ALEJANDRO', 'ALVARADO CACERES', NULL, NULL, NULL, '2020-02-18 23:18:08', NULL, NULL, NULL),
(332, 776, 'JUAN FRANCISCO', 'PALACIOS GRANDE', NULL, NULL, NULL, '2020-02-18 23:18:08', NULL, NULL, NULL),
(333, 777, 'HECTOR ANDONI', 'UZQUIANO ESCAMILLA', NULL, NULL, NULL, '2020-02-18 23:18:08', NULL, NULL, NULL),
(334, 778, 'GONZALO DE JES', 'PALACIOS GONZ', NULL, NULL, NULL, '2020-02-18 23:18:08', NULL, NULL, NULL),
(335, 779, 'DOUGLAS REN', 'FIGUEROA NAVARRETE', NULL, NULL, NULL, '2020-02-18 23:18:08', NULL, NULL, NULL),
(336, 780, 'LUIS MART', 'VALLE VENTURA', NULL, NULL, NULL, '2020-02-18 23:18:08', NULL, NULL, NULL),
(337, 781, 'CELY ANABELLA', 'AYALA SANTOS', NULL, NULL, NULL, '2020-02-18 23:18:08', NULL, NULL, NULL),
(338, 782, 'JOS', 'L', NULL, NULL, NULL, '2020-02-18 23:18:08', NULL, NULL, NULL),
(339, 783, 'MARIANO DE JESÚS', 'CUELLAR MORALES', NULL, NULL, NULL, '2020-02-18 23:18:08', NULL, NULL, NULL),
(340, 784, 'JOSE ERNESTO ', 'URIAS MOLINA ', NULL, NULL, NULL, '2020-02-18 23:18:08', NULL, NULL, NULL),
(341, 785, 'Jos', 'Flores Mariona', NULL, NULL, NULL, '2020-02-18 23:18:08', NULL, NULL, NULL),
(342, 786, 'Vanessa Carolina', 'Nu', NULL, NULL, NULL, '2020-02-18 23:18:08', NULL, NULL, NULL),
(343, 787, 'KARLA ALICIA ', 'BARRERA MENA ', NULL, NULL, NULL, '2020-02-18 23:18:08', NULL, NULL, NULL),
(344, 788, 'KENIA', 'HERN', NULL, NULL, NULL, '2020-02-18 23:18:08', NULL, NULL, NULL),
(345, 789, 'JAVIER OMAR', 'RAMOS UMA', NULL, NULL, NULL, '2020-02-18 23:18:08', NULL, NULL, NULL),
(346, 790, 'ANDREA YOLANDA ', 'MENA RAMIREZ ', NULL, NULL, NULL, '2020-02-18 23:18:08', NULL, NULL, NULL),
(347, 791, 'HELDER JOSU', 'HERN', NULL, NULL, NULL, '2020-02-18 23:18:08', NULL, NULL, NULL),
(348, 792, 'Ra', 'Marroqu', NULL, NULL, NULL, '2020-02-18 23:18:08', NULL, NULL, NULL),
(349, 793, 'LUIS ENRIQUE', 'MADRID REYES', NULL, NULL, NULL, '2020-02-18 23:18:08', NULL, NULL, NULL),
(350, 794, 'PAULA AQUILINA', 'RIVERA MEJIA', NULL, NULL, NULL, '2020-02-18 23:18:08', NULL, NULL, NULL),
(351, 795, 'MAURICIO ALEXIS', 'COTO DOMINGUEZ', NULL, NULL, NULL, '2020-02-18 23:18:08', NULL, NULL, NULL),
(352, 796, 'KARLA MARINA', 'VILLEGAS VAQUERO', NULL, NULL, NULL, '2020-02-18 23:18:08', NULL, NULL, NULL),
(353, 797, 'BENNETT EVELIO', 'MELARA L', NULL, NULL, NULL, '2020-02-18 23:18:08', NULL, NULL, NULL),
(354, 798, 'WENDY CAROLINA', 'CRIOLLO HERN', NULL, NULL, NULL, '2020-02-18 23:18:08', NULL, NULL, NULL),
(355, 799, 'MARVIN ALEXANDER', 'ALVARENGA HERN', NULL, NULL, NULL, '2020-02-18 23:18:08', NULL, NULL, NULL),
(356, 800, 'ALDO ARTURO ', 'RAMIREZ GUTIERREZ ', NULL, NULL, NULL, '2020-02-18 23:18:08', NULL, NULL, NULL),
(357, 801, 'JOS', 'LAGOS Z', NULL, NULL, NULL, '2020-02-18 23:18:08', NULL, NULL, NULL),
(358, 802, 'Erick Rolando', 'Palma Alvarado', NULL, NULL, NULL, '2020-02-18 23:18:08', NULL, NULL, NULL),
(359, 803, 'FERNANDO ERNESTO', 'COSME MORALES', NULL, NULL, NULL, '2020-02-18 23:18:08', NULL, NULL, NULL),
(360, 804, 'Bryan Aldair', 'Villalobos M', NULL, NULL, NULL, '2020-02-18 23:18:08', NULL, NULL, NULL),
(361, 805, 'JOSELINE GRACIELA', 'ALFARO DOMINGUEZ', NULL, NULL, NULL, '2020-02-18 23:18:08', NULL, NULL, NULL),
(362, 806, 'LUIS GERARDO', 'FIGUEROA DERAS', NULL, NULL, NULL, '2020-02-18 23:18:08', NULL, NULL, NULL),
(363, 807, 'ALBERTO ALEXANDER', 'PORTILLO ZAVALETA', NULL, NULL, NULL, '2020-02-18 23:18:08', NULL, NULL, NULL),
(364, 808, 'Jos', 'G', NULL, NULL, NULL, '2020-02-18 23:18:08', NULL, NULL, NULL),
(365, 809, 'JORGE OTONIEL', 'RODR', NULL, NULL, NULL, '2020-02-18 23:18:08', NULL, NULL, NULL),
(366, 810, 'FRANCISCO ANTONIO', 'CH', NULL, NULL, NULL, '2020-02-18 23:18:08', NULL, NULL, NULL),
(367, 811, 'Roger Arnoldo', 'Nieto Hernández', NULL, NULL, NULL, '2020-02-18 23:18:08', NULL, NULL, NULL),
(368, 812, 'Darwin Antonio', 'Carrillo Romero', NULL, NULL, NULL, '2020-02-18 23:18:08', NULL, NULL, NULL),
(369, 813, 'OSCAR ANIBAL', 'CARRANZA VALIENTE', NULL, NULL, NULL, '2020-02-18 23:18:08', NULL, NULL, NULL),
(370, 814, 'Juan Jos', 'Montes Ram', NULL, NULL, NULL, '2020-02-18 23:18:08', NULL, NULL, NULL),
(371, 815, 'Nathaly Adriana', 'L', NULL, NULL, NULL, '2020-02-18 23:18:08', NULL, NULL, NULL),
(372, 816, 'KEVIN ALEXANDER', 'CHICAS NOLASCO', NULL, NULL, NULL, '2020-02-18 23:18:08', NULL, NULL, NULL),
(373, 817, 'Jennifer Irene', 'Delgado Hern', NULL, NULL, NULL, '2020-02-18 23:18:08', NULL, NULL, NULL),
(374, 818, 'RA', 'TRIGUEROS SANTAMAR', NULL, NULL, NULL, '2020-02-18 23:18:08', NULL, NULL, NULL),
(375, 819, 'NOEMY ABIGAIL', 'BELTR', NULL, NULL, NULL, '2020-02-18 23:18:08', NULL, NULL, NULL),
(376, 820, 'ERICK ORLANDO', 'NAVARRO RUIZ', NULL, NULL, NULL, '2020-02-18 23:18:08', NULL, NULL, NULL),
(377, 821, 'KEVIN ALEXANDER', 'RODR', NULL, NULL, NULL, '2020-02-18 23:18:08', NULL, NULL, NULL),
(378, 822, 'CATHERINE IVETH', 'DÍAZ PLATERO', NULL, NULL, NULL, '2020-02-18 23:18:08', NULL, NULL, NULL),
(379, 823, 'SAMUEL ENRRIQUE', 'JOVEL TORRES', NULL, NULL, NULL, '2020-02-18 23:18:08', NULL, NULL, NULL),
(380, 824, 'KATHERINE MILAGRO', 'ALFARO RICO', NULL, NULL, NULL, '2020-02-18 23:18:08', NULL, NULL, NULL),
(381, 825, 'JORGE ALBERTO', 'CARDOZA RODRÍGUEZ', NULL, NULL, NULL, '2020-02-18 23:18:08', NULL, NULL, NULL),
(382, 826, 'F', 'Henr', NULL, NULL, NULL, '2020-02-18 23:18:08', NULL, NULL, NULL),
(383, 827, 'DARIO ROMAN', 'ARAYA MOTTO', NULL, NULL, NULL, '2020-02-18 23:18:08', NULL, NULL, NULL),
(384, 828, 'Josu', 'Rosales Ruiz', NULL, NULL, NULL, '2020-02-18 23:18:08', NULL, NULL, NULL),
(385, 829, 'Ricardo Jonathan', 'S', NULL, NULL, NULL, '2020-02-18 23:18:08', NULL, NULL, NULL),
(386, 830, 'FRANCISCO ANTONIO', 'BARRIOS URIAS', NULL, NULL, NULL, '2020-02-18 23:18:08', NULL, NULL, NULL),
(387, 831, 'ALEXANDER WILFREDO', 'GUEVARA ESCALANTE', NULL, NULL, NULL, '2020-02-18 23:18:08', NULL, NULL, NULL),
(388, 832, 'JULIO C', 'HERN', NULL, NULL, NULL, '2020-02-18 23:18:08', NULL, NULL, NULL),
(389, 833, 'JUAN FRANCISCO ', 'ALDANA DOMINGUEZ ', NULL, NULL, NULL, '2020-02-18 23:18:08', NULL, NULL, NULL),
(390, 834, 'VLADIMIR ALBERTO', 'S', NULL, NULL, NULL, '2020-02-18 23:18:08', NULL, NULL, NULL),
(391, 835, 'JUAN CARLOS', 'CRUZ DE LA CRUZ', NULL, NULL, NULL, '2020-02-18 23:18:08', NULL, NULL, NULL),
(392, 836, 'AZAEL DE JES', 'PONCE EL', NULL, NULL, NULL, '2020-02-18 23:18:08', NULL, NULL, NULL),
(393, 837, 'Diego Sebastian', 'Turcios Chavez', NULL, NULL, NULL, '2020-02-18 23:18:08', NULL, NULL, NULL),
(394, 838, 'Francisco Wilfredo', 'Mart', NULL, NULL, NULL, '2020-02-18 23:18:08', NULL, NULL, NULL),
(395, 839, 'FREDY ANTONIO', 'C', NULL, NULL, NULL, '2020-02-18 23:18:08', NULL, NULL, NULL),
(396, 840, 'Rosa Esther', 'Alfaro V', NULL, NULL, NULL, '2020-02-18 23:18:08', NULL, NULL, NULL),
(397, 841, 'KENDAL ALFONSO', 'SOSA MONTES', NULL, NULL, NULL, '2020-02-18 23:18:08', NULL, NULL, NULL),
(398, 842, 'KEVIN JEOVANY', 'CASTELLANOS GARAY', NULL, NULL, NULL, '2020-02-18 23:18:08', NULL, NULL, NULL),
(399, 843, 'ANA MERCEDES', 'S', NULL, NULL, NULL, '2020-02-18 23:18:08', NULL, NULL, NULL),
(400, 844, 'DENIS SAMUEL', 'CASTRO BENITEZ', NULL, NULL, NULL, '2020-02-18 23:18:08', NULL, NULL, NULL),
(401, 845, 'MAURICIO ERNESTO', 'ORELLANA GONZÁLEZ', NULL, NULL, NULL, '2020-02-18 23:18:08', NULL, NULL, NULL),
(402, 846, 'ADELINA MARGOTH', 'COREAS ARRIAZA', NULL, NULL, NULL, '2020-02-18 23:18:09', NULL, NULL, NULL),
(403, 847, 'IVETH EDELMIRA', 'CARRANZA MART', NULL, NULL, NULL, '2020-02-18 23:18:09', NULL, NULL, NULL),
(404, 848, 'DENNIS ALEXANDER', 'FRAILE SERRANO', NULL, NULL, NULL, '2020-02-18 23:18:09', NULL, NULL, NULL),
(405, 849, 'SALVADOR ANTONIO', 'MANZANARES PINEDA', NULL, NULL, NULL, '2020-02-18 23:18:09', NULL, NULL, NULL),
(406, 850, 'Gustavo Edgardo', 'Ram', NULL, NULL, NULL, '2020-02-18 23:18:09', NULL, NULL, NULL),
(407, 851, 'Miguel Angel', 'Hern', NULL, NULL, NULL, '2020-02-18 23:18:09', NULL, NULL, NULL),
(408, 852, 'Kevin Mauricio', 'Ramos Carranza', NULL, NULL, NULL, '2020-02-18 23:18:09', NULL, NULL, NULL),
(409, 853, 'RA', 'MAYORGA MARROQUIN', NULL, NULL, NULL, '2020-02-18 23:18:09', NULL, NULL, NULL),
(410, 854, 'Francisco Daniel', 'Cortez V', NULL, NULL, NULL, '2020-02-18 23:18:09', NULL, NULL, NULL),
(411, 855, 'ANGEL AROLDO', 'MAGA', NULL, NULL, NULL, '2020-02-18 23:18:09', NULL, NULL, NULL),
(412, 856, 'JUAN JOS', 'GONZ', NULL, NULL, NULL, '2020-02-18 23:18:09', NULL, NULL, NULL),
(413, 857, 'MAINOR STANLEY', 'CORDOVA VASQUEZ', NULL, NULL, NULL, '2020-02-18 23:18:09', NULL, NULL, NULL),
(414, 858, 'JENNIFER MICHELLE', 'RODRIGUEZ GUILLEN', NULL, NULL, NULL, '2020-02-18 23:18:09', NULL, NULL, NULL),
(415, 859, 'ELISSA ESMERALDA', 'S', NULL, NULL, NULL, '2020-02-18 23:18:09', NULL, NULL, NULL),
(416, 860, 'HENRY ALEXIS', 'CORVERA ALVARADO', NULL, NULL, NULL, '2020-02-18 23:18:09', NULL, NULL, NULL),
(417, 861, 'DOUGLAS GIOVANNI', 'ALFARO ZELAYA', NULL, NULL, NULL, '2020-02-18 23:18:09', NULL, NULL, NULL),
(418, 862, 'GRACE GISSELLE', 'HERN', NULL, NULL, NULL, '2020-02-18 23:18:09', NULL, NULL, NULL),
(419, 863, 'TATIANA GISSEL', 'MIRANDA ARGUETA', NULL, NULL, NULL, '2020-02-18 23:18:09', NULL, NULL, NULL),
(420, 864, 'JONATHAN ISAAC', 'HERNÁNDEZ RAMÍREZ', NULL, NULL, NULL, '2020-02-18 23:18:09', NULL, NULL, NULL),
(421, 865, 'DARIO EMMANUEL ', 'CORDOVA VALLADARES ', NULL, NULL, NULL, '2020-02-18 23:18:09', NULL, NULL, NULL),
(422, 866, 'GLORIA MAR', 'GANUZA RAM', NULL, NULL, NULL, '2020-02-18 23:18:09', NULL, NULL, NULL),
(423, 867, 'WILSON JONATHAN', 'MOLINA CRUZ', NULL, NULL, NULL, '2020-02-18 23:18:09', NULL, NULL, NULL),
(424, 868, 'William Josu', 'Ar', NULL, NULL, NULL, '2020-02-18 23:18:09', NULL, NULL, NULL),
(425, 869, 'ELENA MARISOL', 'GARC', NULL, NULL, NULL, '2020-02-18 23:18:09', NULL, NULL, NULL),
(426, 870, 'VER', 'REYES ALFARO', NULL, NULL, NULL, '2020-02-18 23:18:09', NULL, NULL, NULL),
(427, 871, 'ALEJANDRA VER', 'CENTENO GARC', NULL, NULL, NULL, '2020-02-18 23:18:09', NULL, NULL, NULL),
(428, 872, 'OSCAR JOS', 'RIVAS LARA', NULL, NULL, NULL, '2020-02-18 23:18:09', NULL, NULL, NULL),
(429, 873, 'Angel Vladimir', 'Melara Duran', NULL, NULL, NULL, '2020-02-18 23:18:09', NULL, NULL, NULL),
(430, 874, 'Gabriel Fernando', 'Perez Sagastume', NULL, NULL, NULL, '2020-02-18 23:18:09', NULL, NULL, NULL),
(431, 875, 'CRISTIAN EDGARDO', 'AGUILAR MENDOZA', NULL, NULL, NULL, '2020-02-18 23:18:09', NULL, NULL, NULL),
(432, 876, 'CARLOS ALBERTO', 'FUENTES MARTINEZ', NULL, NULL, NULL, '2020-02-18 23:18:09', NULL, NULL, NULL),
(433, 877, 'WILLIAM ANTONIO', 'COTO OLMEDO', NULL, NULL, NULL, '2020-02-18 23:18:09', NULL, NULL, NULL),
(434, 878, 'SA', 'MEMBRE', NULL, NULL, NULL, '2020-02-18 23:18:09', NULL, NULL, NULL),
(435, 879, 'MANUEL ANTONIO', 'ROSALES MART', NULL, NULL, NULL, '2020-02-18 23:18:09', NULL, NULL, NULL),
(436, 880, 'AZUCENA EMPERATRIZ', 'FERNANDEZ ELIAS', NULL, NULL, NULL, '2020-02-18 23:18:09', NULL, NULL, NULL),
(437, 881, 'LUIS MIGUEL', 'MENJIVAR SANCHEZ', NULL, NULL, NULL, '2020-02-18 23:18:09', NULL, NULL, NULL),
(438, 882, 'Diego Antonio', 'Aguilar Pacheco', NULL, NULL, NULL, '2020-02-18 23:18:09', NULL, NULL, NULL),
(439, 883, 'JUAN CARLOS', 'BELTRAN HERNANDEZ', NULL, NULL, NULL, '2020-02-18 23:18:09', NULL, NULL, NULL),
(440, 884, 'Misael De Jes', 'Nieto Mendoza', NULL, NULL, NULL, '2020-02-18 23:18:09', NULL, NULL, NULL),
(441, 885, 'ERICK BRYAN', 'LOBOS CRUZ', NULL, NULL, NULL, '2020-02-18 23:18:09', NULL, NULL, NULL),
(442, 886, 'EMERS', 'SANTOS MIRANDA', NULL, NULL, NULL, '2020-02-18 23:18:09', NULL, NULL, NULL),
(443, 887, 'GEOVANNY MAURICIO', 'GUEVARA CRUZ', NULL, NULL, NULL, '2020-02-18 23:18:09', NULL, NULL, NULL),
(444, 888, 'JONNY IMMER', 'SANDOVAL HERN', NULL, NULL, NULL, '2020-02-18 23:18:09', NULL, NULL, NULL),
(445, 889, 'ALBERTO ALDEMARO', 'GONZALEZ DOMINGUEZ', NULL, NULL, NULL, '2020-02-18 23:18:09', NULL, NULL, NULL),
(446, 890, 'Idis Nadine', 'Aguill', NULL, NULL, NULL, '2020-02-18 23:18:09', NULL, NULL, NULL),
(447, 891, 'JOSE MIGUEL', 'UMA', NULL, NULL, NULL, '2020-02-18 23:18:09', NULL, NULL, NULL),
(448, 892, 'Dennis Ernesto', 'Orellana Ram', NULL, NULL, NULL, '2020-02-18 23:18:09', NULL, NULL, NULL),
(449, 893, 'ALAM ULISES', 'L', NULL, NULL, NULL, '2020-02-18 23:18:09', NULL, NULL, NULL),
(450, 894, 'JOS', 'CRUZ CORDERO', NULL, NULL, NULL, '2020-02-18 23:18:09', NULL, NULL, NULL),
(451, 895, 'CARLOS ALFONSO', 'RODR', NULL, NULL, NULL, '2020-02-18 23:18:09', NULL, NULL, NULL),
(452, 896, 'CARLOS AECIO', 'ARIAS LOPEZ', NULL, NULL, NULL, '2020-02-18 23:18:09', NULL, NULL, NULL),
(453, 410, 'FERNANDO EDUARDO', 'BOLA', NULL, NULL, NULL, '2020-02-18 23:18:09', NULL, NULL, NULL),
(454, 897, 'REMBERTO LEONARDO', 'ESCOBAR ARD', NULL, NULL, NULL, '2020-02-18 23:18:09', NULL, NULL, NULL),
(455, 898, 'MARIO ABDIEL', 'GONZALEZ AMBROCIO', NULL, NULL, NULL, '2020-02-18 23:18:09', NULL, NULL, NULL),
(456, 899, 'GALIA KARINA', 'NARV', NULL, NULL, NULL, '2020-02-18 23:18:09', NULL, NULL, NULL),
(457, 900, 'Ismael Antonio', 'Arg', NULL, NULL, NULL, '2020-02-18 23:18:09', NULL, NULL, NULL),
(458, 901, 'WILLIAM STANLEY', 'GARCIA TORRES', NULL, NULL, NULL, '2020-02-18 23:18:09', NULL, NULL, NULL),
(459, 902, 'GUILLERMO ALEXANDER', 'CORNEJO ARGUETA', NULL, NULL, NULL, '2020-02-18 23:18:09', NULL, NULL, NULL),
(460, 903, 'Jonathan Alexander', 'Dur', NULL, NULL, NULL, '2020-02-18 23:18:09', NULL, NULL, NULL),
(461, 904, 'CARLA GRACIELA', 'MARROQU', NULL, NULL, NULL, '2020-02-18 23:18:09', NULL, NULL, NULL),
(462, 905, 'JOAQUIN ALEJANDRO', 'CORDOVA LAM', NULL, NULL, NULL, '2020-02-18 23:18:09', NULL, NULL, NULL),
(463, 906, 'ALEXIS JOSU', 'V', NULL, NULL, NULL, '2020-02-18 23:18:09', NULL, NULL, NULL),
(464, 907, 'Jorge Alberto', 'P', NULL, NULL, NULL, '2020-02-18 23:18:09', NULL, NULL, NULL),
(465, 908, 'FLOR DE MAR', 'LOZANO R', NULL, NULL, NULL, '2020-02-18 23:18:09', NULL, NULL, NULL),
(466, 909, 'VICTOR HUGO', 'HERNANDEZ LEMUS', NULL, NULL, NULL, '2020-02-18 23:18:09', NULL, NULL, NULL),
(467, 910, 'Mar', 'Gil C', NULL, NULL, NULL, '2020-02-18 23:18:09', NULL, NULL, NULL),
(468, 411, 'FERNANDO HUMBERTO', 'MEN', NULL, NULL, NULL, '2020-02-18 23:18:09', NULL, NULL, NULL),
(469, 911, 'Alexander Antonio', 'Reyes Huezo', NULL, NULL, NULL, '2020-02-18 23:18:09', NULL, NULL, NULL),
(470, 912, 'Valeria Guadalupe', 'Campos Gómez', NULL, NULL, NULL, '2020-02-18 23:18:09', NULL, NULL, NULL),
(471, 913, 'Daniel Eduardo', 'Pinto Manc', NULL, NULL, NULL, '2020-02-18 23:18:09', NULL, NULL, NULL),
(472, 914, 'SIXTO ANTONIO', 'ROSALES CERON', NULL, NULL, NULL, '2020-02-18 23:18:09', NULL, NULL, NULL),
(473, 915, 'ROBERTO ANDRÉS', 'QUINTANILLA BONILLA', NULL, NULL, NULL, '2020-02-18 23:18:09', NULL, NULL, NULL),
(474, 916, 'WILMER ADALBERTO', 'GRIJALVA V', NULL, NULL, NULL, '2020-02-18 23:18:09', NULL, NULL, NULL),
(475, 917, 'IRVIN YOVANY', 'LEIVA PE', NULL, NULL, NULL, '2020-02-18 23:18:09', NULL, NULL, NULL),
(476, 918, 'Carlos Alejandro', 'Hern', NULL, NULL, NULL, '2020-02-18 23:18:09', NULL, NULL, NULL),
(477, 919, 'Francisca Esmeralda', 'Guevara Rodr', NULL, NULL, NULL, '2020-02-18 23:18:09', NULL, NULL, NULL),
(478, 920, 'ELSY BEATRIZ', 'CAMPOS ORELLANA', NULL, NULL, NULL, '2020-02-18 23:18:09', NULL, NULL, NULL),
(479, 921, 'FRANCISCO EDENILSON', 'SORIANO REYES', NULL, NULL, NULL, '2020-02-18 23:18:09', NULL, NULL, NULL),
(480, 922, 'Jonathan Felix', 'Solorzano Fuentes', NULL, NULL, NULL, '2020-02-18 23:18:09', NULL, NULL, NULL),
(481, 923, 'Ricardo Antonio', 'Merino Escobar', NULL, NULL, NULL, '2020-02-18 23:18:09', NULL, NULL, NULL),
(482, 924, 'LUIS EDGAR', 'VALLADARES LEMUS', NULL, NULL, NULL, '2020-02-18 23:18:09', NULL, NULL, NULL),
(483, 925, 'Ricardo Esteban', 'Ruano Flores', NULL, NULL, NULL, '2020-02-18 23:18:09', NULL, NULL, NULL),
(484, 926, 'JOSUE JOAQUIN', 'VANEGAS ZAMORA', NULL, NULL, NULL, '2020-02-18 23:18:09', NULL, NULL, NULL),
(485, 927, 'RONNY EDGARDO', 'MATA ESCOBAR', NULL, NULL, NULL, '2020-02-18 23:18:09', NULL, NULL, NULL),
(486, 928, 'Nathaly Adriana', 'Rodr', NULL, NULL, NULL, '2020-02-18 23:18:09', NULL, NULL, NULL),
(487, 929, 'Jaime Gabriel', 'Valle Chacon', NULL, NULL, NULL, '2020-02-18 23:18:09', NULL, NULL, NULL),
(488, 930, 'RUB', 'VALLADARES FLORES', NULL, NULL, NULL, '2020-02-18 23:18:09', NULL, NULL, NULL),
(489, 931, 'STEFHANIE JESZERELITA', 'RIZO RODRIGUEZ', NULL, NULL, NULL, '2020-02-18 23:18:09', NULL, NULL, NULL),
(490, 932, 'David Ezequiel', 'Quiroa Mencos', NULL, NULL, NULL, '2020-02-18 23:18:09', NULL, NULL, NULL),
(491, 933, 'VICTOR JAVIER', 'RIVAS RIVERA', NULL, NULL, NULL, '2020-02-18 23:18:09', NULL, NULL, NULL),
(492, 934, 'Alexander Napole', 'S', NULL, NULL, NULL, '2020-02-18 23:18:09', NULL, NULL, NULL),
(493, 935, 'Steven Alberto', 'Mena Ch', NULL, NULL, NULL, '2020-02-18 23:18:09', NULL, NULL, NULL),
(494, 936, 'Diego Oswaldo', 'Garcia Pascacio', NULL, NULL, NULL, '2020-02-18 23:18:09', NULL, NULL, NULL),
(495, 937, 'JOS', 'RIVERA HERN', NULL, NULL, NULL, '2020-02-18 23:18:09', NULL, NULL, NULL),
(496, 938, 'LUIS ERNESTO', 'MORALES CAMPOS', NULL, NULL, NULL, '2020-02-18 23:18:09', NULL, NULL, NULL);
INSERT INTO `persona` (`id`, `id_cuenta`, `nombre`, `apellido`, `dui`, `nit`, `nacimiento`, `creado`, `dui_apoderado`, `centro_educativo_paciente`, `archivo_consentimiento`) VALUES
(497, 939, 'JOS', 'LARA AGUILAR', NULL, NULL, NULL, '2020-02-18 23:18:09', NULL, NULL, NULL),
(498, 940, 'Irvin Ernesto', 'Velis Villalta', NULL, NULL, NULL, '2020-02-18 23:18:09', NULL, NULL, NULL),
(499, 941, 'FRANCIS BENJAMIN', 'ARGUETA SARAVIA', NULL, NULL, NULL, '2020-02-18 23:18:09', NULL, NULL, NULL),
(500, 942, 'JOSE WILFREDO', 'NOYOLA GONZALEZ', NULL, NULL, NULL, '2020-02-18 23:18:09', NULL, NULL, NULL),
(501, 943, 'EDWIN OTONIEL', 'GUZM', NULL, NULL, NULL, '2020-02-18 23:18:09', NULL, NULL, NULL),
(502, 944, 'GERSON NEFTALI', 'MARTINEZ GONZALEZ', NULL, NULL, NULL, '2020-02-18 23:18:09', NULL, NULL, NULL),
(503, 945, 'Jorge Alberto', 'Iglesias Garc', NULL, NULL, NULL, '2020-02-18 23:18:09', NULL, NULL, NULL),
(504, 946, 'KRISSIA KARINA', 'FRANCO CUCUFATE', NULL, NULL, NULL, '2020-02-18 23:18:09', NULL, NULL, NULL),
(505, 947, 'Ruth Sarahi', 'Torrento Lara', NULL, NULL, NULL, '2020-02-18 23:18:09', NULL, NULL, NULL),
(506, 948, 'JOSE GERARDO', 'MARMOL MURCIA', NULL, NULL, NULL, '2020-02-18 23:18:09', NULL, NULL, NULL),
(507, 949, 'MARVIN SANTIAGO', 'RAM', NULL, NULL, NULL, '2020-02-18 23:18:09', NULL, NULL, NULL),
(508, 950, 'JORGE OVIDIO', 'MEJIA ALVARADO', NULL, NULL, NULL, '2020-02-18 23:18:09', NULL, NULL, NULL),
(509, 951, 'Teobaldo Antonio', 'Azahar Rold', NULL, NULL, NULL, '2020-02-18 23:18:09', NULL, NULL, NULL),
(510, 952, 'RODRIGO GEOVANNI', 'MOR', NULL, NULL, NULL, '2020-02-18 23:18:09', NULL, NULL, NULL),
(511, 953, 'JONATHAN STEVEN', 'SANCHEZ MIRA', NULL, NULL, NULL, '2020-02-18 23:18:09', NULL, NULL, NULL),
(512, 954, 'FERNANDO VINICIO ', 'GUARDADO AYALA ', NULL, NULL, NULL, '2020-02-18 23:18:09', NULL, NULL, NULL),
(513, 955, 'CHRISTIAN EDGARDO', 'HERN', NULL, NULL, NULL, '2020-02-18 23:18:09', NULL, NULL, NULL),
(514, 956, 'JULISSA SARAI', 'AVILA LEMUS', NULL, NULL, NULL, '2020-02-18 23:18:09', NULL, NULL, NULL),
(515, 957, 'JES', 'VENTURA ARENIVAR', NULL, NULL, NULL, '2020-02-18 23:18:09', NULL, NULL, NULL),
(516, 958, 'EDUARDO ALFONSO', 'P', NULL, NULL, NULL, '2020-02-18 23:18:09', NULL, NULL, NULL),
(517, 959, 'MARIO ERNESTO', 'CRUZ ALVARADO', NULL, NULL, NULL, '2020-02-18 23:18:09', NULL, NULL, NULL),
(518, 960, 'MARCELO ALBERTO', 'MOLINA ROMERO', NULL, NULL, NULL, '2020-02-18 23:18:09', NULL, NULL, NULL),
(519, 961, 'Carlos Enrique', 'Merino Navarro', NULL, NULL, NULL, '2020-02-18 23:18:09', NULL, NULL, NULL),
(520, 962, 'JOSE ANTONIO', 'OSORIO GUANDIQUE', NULL, NULL, NULL, '2020-02-18 23:18:09', NULL, NULL, NULL),
(521, 963, 'DANIEL EDILBERTO', 'P', NULL, NULL, NULL, '2020-02-18 23:18:09', NULL, NULL, NULL),
(522, 964, 'RODOLFO ESAU', 'GARMENDIA MENA', NULL, NULL, NULL, '2020-02-18 23:18:09', NULL, NULL, NULL),
(523, 965, 'Mauricio Daniel', 'Hern', NULL, NULL, NULL, '2020-02-18 23:18:09', NULL, NULL, NULL),
(524, 966, 'JOS', 'LATIN ORTIZ', NULL, NULL, NULL, '2020-02-18 23:18:09', NULL, NULL, NULL),
(525, 967, 'HECTOR ANTONIO', 'GUERRERO REYES', NULL, NULL, NULL, '2020-02-18 23:18:09', NULL, NULL, NULL),
(526, 968, 'KEVIN ALEXANDER', 'BELTRÁN SERRANO', NULL, NULL, NULL, '2020-02-18 23:18:09', NULL, NULL, NULL),
(527, 969, 'JOS', 'AGUILAR LINARES', NULL, NULL, NULL, '2020-02-18 23:18:09', NULL, NULL, NULL),
(528, 970, 'Gerardo Antonio', 'P', NULL, NULL, NULL, '2020-02-18 23:18:09', NULL, NULL, NULL),
(529, 971, 'David Alexander', 'C', NULL, NULL, NULL, '2020-02-18 23:18:09', NULL, NULL, NULL),
(530, 972, 'ERICK EDUARDO', 'CAMPOS RIVAS', NULL, NULL, NULL, '2020-02-18 23:18:09', NULL, NULL, NULL),
(531, 973, 'BRYAN ULISES', 'HERN', NULL, NULL, NULL, '2020-02-18 23:18:09', NULL, NULL, NULL),
(532, 974, 'SANDRA VER', 'CORNEJO L', NULL, NULL, NULL, '2020-02-18 23:18:09', NULL, NULL, NULL),
(533, 975, 'WILLIAM ALEXANDER', 'BONILLA ALFARO', NULL, NULL, NULL, '2020-02-18 23:18:09', NULL, NULL, NULL),
(534, 976, 'IVIS YAMILET', 'VALLADARES ALFARO', NULL, NULL, NULL, '2020-02-18 23:18:09', NULL, NULL, NULL),
(535, 977, 'JORGE ROBERTO', 'IRAHETA VASQUEZ', NULL, NULL, NULL, '2020-02-18 23:18:09', NULL, NULL, NULL),
(536, 978, 'ELMER ALEXANDER', 'MEJ', NULL, NULL, NULL, '2020-02-18 23:18:09', NULL, NULL, NULL),
(537, 979, 'CARLOS ALBERTO', 'MORENO AR', NULL, NULL, NULL, '2020-02-18 23:18:09', NULL, NULL, NULL),
(538, 980, 'RICARDO MANUEL ', 'GARCIA VASQUEZ ', NULL, NULL, NULL, '2020-02-18 23:18:09', NULL, NULL, NULL),
(539, 981, 'BRYAN ANTHONY', 'HERNANDEZ MENDOZA', NULL, NULL, NULL, '2020-02-18 23:18:09', NULL, NULL, NULL),
(540, 982, 'BLANCA MARGARITA', 'LARA C', NULL, NULL, NULL, '2020-02-18 23:18:09', NULL, NULL, NULL),
(541, 983, 'Elizabeth Abigail', 'Gonz', NULL, NULL, NULL, '2020-02-18 23:18:09', NULL, NULL, NULL),
(542, 984, 'Jonathan Enrique', 'M', NULL, NULL, NULL, '2020-02-18 23:18:09', NULL, NULL, NULL),
(543, 985, 'BELLA VANESSA', 'RODR', NULL, NULL, NULL, '2020-02-18 23:18:09', NULL, NULL, NULL),
(544, 986, 'JONATHAN ALEXANDER', 'BAUTISTA', NULL, NULL, NULL, '2020-02-18 23:18:09', NULL, NULL, NULL),
(545, 987, 'GIOVANNI ALIRIO', 'MENJIVAR PINO', NULL, NULL, NULL, '2020-02-18 23:18:09', NULL, NULL, NULL),
(546, 988, 'CARLOS FRANCISCO', 'RIVAS FUENTES', NULL, NULL, NULL, '2020-02-18 23:18:09', NULL, NULL, NULL),
(547, 989, 'MARLON IV', 'BERM', NULL, NULL, NULL, '2020-02-18 23:18:09', NULL, NULL, NULL),
(548, 990, 'JAIME FERMIN', 'DONADO IRAHETA', NULL, NULL, NULL, '2020-02-18 23:18:09', NULL, NULL, NULL),
(549, 991, 'JULIO CESAR', 'BRIZUELA ALVARADO', NULL, NULL, NULL, '2020-02-18 23:18:09', NULL, NULL, NULL),
(550, 992, 'Elmer Alexander', 'Hern', NULL, NULL, NULL, '2020-02-18 23:18:09', NULL, NULL, NULL),
(551, 993, 'MARIANA RAQUEL', 'SANDOVAL MORAN', NULL, NULL, NULL, '2020-02-18 23:18:09', NULL, NULL, NULL),
(552, 994, 'Kevin Ernesto', 'Argueta Ayala', NULL, NULL, NULL, '2020-02-18 23:18:09', NULL, NULL, NULL),
(553, 995, 'ADILIO ANTONIO', 'ESCOBAR HERNANDEZ', NULL, NULL, NULL, '2020-02-18 23:18:09', NULL, NULL, NULL),
(554, 996, 'FERNANDO MOIS', 'AGUILAR HUEZO', NULL, NULL, NULL, '2020-02-18 23:18:09', NULL, NULL, NULL),
(555, 997, 'LUIS ERNESTO', 'HERNANDEZ PEREZ', NULL, NULL, NULL, '2020-02-18 23:18:09', NULL, NULL, NULL),
(556, 998, 'ARMANDO ENRIQUE', 'MENDOZA CARRANZA', NULL, NULL, NULL, '2020-02-18 23:18:09', NULL, NULL, NULL),
(557, 999, 'CRISTIAN REYMUNDO', 'ALDANA M', NULL, NULL, NULL, '2020-02-18 23:18:09', NULL, NULL, NULL),
(558, 1000, 'JOSE DANIEL', 'HENRIQUEZ HERNANDEZ', NULL, NULL, NULL, '2020-02-18 23:18:09', NULL, NULL, NULL),
(559, 1001, 'Oscar Armando', 'Melara Sandoval', NULL, NULL, NULL, '2020-02-18 23:18:09', NULL, NULL, NULL),
(560, 1002, 'FRANCISCO ANTONIO', 'HERN', NULL, NULL, NULL, '2020-02-18 23:18:09', NULL, NULL, NULL),
(561, 1003, 'Stanley Alberto', 'Tamayo Hern', NULL, NULL, NULL, '2020-02-18 23:18:09', NULL, NULL, NULL),
(562, 1004, 'RICARDO SALVADOR', 'RIVAS FRANCO', NULL, NULL, NULL, '2020-02-18 23:18:09', NULL, NULL, NULL),
(563, 1005, 'CRISTIAN VLADIMIR', 'MEL', NULL, NULL, NULL, '2020-02-18 23:18:09', NULL, NULL, NULL),
(564, 1006, 'ENMANUEL ENRIQUE', 'IRAHETA CERNA', NULL, NULL, NULL, '2020-02-18 23:18:09', NULL, NULL, NULL),
(565, 1007, 'Edgar Mauricio', 'Soriano V', NULL, NULL, NULL, '2020-02-18 23:18:09', NULL, NULL, NULL),
(566, 1008, 'Alexis Eduardo', 'Rivera Ch', NULL, NULL, NULL, '2020-02-18 23:18:09', NULL, NULL, NULL),
(567, 1009, 'F', 'GUEVARA RODR', NULL, NULL, NULL, '2020-02-18 23:18:09', NULL, NULL, NULL),
(568, 1010, 'ALVARO ALEXANDER', 'AYALA SERRANO', NULL, NULL, NULL, '2020-02-18 23:18:09', NULL, NULL, NULL),
(569, 1011, 'Oscar Armando', 'Castillo Lemus', NULL, NULL, NULL, '2020-02-18 23:18:09', NULL, NULL, NULL),
(570, 1012, 'DEBORA STEFANIE', 'SERPAS VIDAL ', NULL, NULL, NULL, '2020-02-18 23:18:09', NULL, NULL, NULL),
(571, 1013, 'Ramon Eduardo', 'Parada Baires', NULL, NULL, NULL, '2020-02-18 23:18:09', NULL, NULL, NULL),
(572, 1014, 'Kevin Arnoldo', 'Salazar Abrego', NULL, NULL, NULL, '2020-02-18 23:18:09', NULL, NULL, NULL),
(573, 1015, 'Irvin Jonathan', 'Hern', NULL, NULL, NULL, '2020-02-18 23:18:09', NULL, NULL, NULL),
(574, 1016, 'NEREYDA HASSEL', 'VENTURA MEJ', NULL, NULL, NULL, '2020-02-18 23:18:09', NULL, NULL, NULL),
(575, 1017, 'ALBERTO JOS', 'L', NULL, NULL, NULL, '2020-02-18 23:18:09', NULL, NULL, NULL),
(576, 1018, 'TOBIAS ALEXANDER', 'SANTAMARIA DIAZ', NULL, NULL, NULL, '2020-02-18 23:18:09', NULL, NULL, NULL),
(577, 1019, 'BRYAN ERNESTO', 'SARMIENTO FLORES', NULL, NULL, NULL, '2020-02-18 23:18:09', NULL, NULL, NULL),
(578, 1020, 'JUAN CARLOS', 'MARTÍNEZ ZAMBRANO', NULL, NULL, NULL, '2020-02-18 23:18:09', NULL, NULL, NULL),
(579, 1021, 'MELVIN ULISES', 'HERRERA JIR', NULL, NULL, NULL, '2020-02-18 23:18:09', NULL, NULL, NULL),
(580, 1022, 'CHRISTIAN ROBERTO', 'MONTERROSA SURIO', NULL, NULL, NULL, '2020-02-18 23:18:09', NULL, NULL, NULL),
(581, 1023, 'Jordy Vladimir', 'Martinez Zavala', NULL, NULL, NULL, '2020-02-18 23:18:09', NULL, NULL, NULL),
(582, 1024, 'Andrea María', 'Calzadilla Ramos', NULL, NULL, NULL, '2020-02-18 23:18:09', NULL, NULL, NULL),
(583, 1025, 'FERNANDO JOS', 'SALGUERO VALLADARES', NULL, NULL, NULL, '2020-02-18 23:18:09', NULL, NULL, NULL),
(584, 1026, 'IRWIN JOSE', 'RUIZ CRUZ', NULL, NULL, NULL, '2020-02-18 23:18:09', NULL, NULL, NULL),
(585, 1027, 'EMERSON DAVID', 'MENDOZA OSORIO', NULL, NULL, NULL, '2020-02-18 23:18:09', NULL, NULL, NULL),
(586, 1028, 'Efrin Alexander', 'Aguilar V', NULL, NULL, NULL, '2020-02-18 23:18:09', NULL, NULL, NULL),
(587, 1029, 'KILMAR ALEXIS', 'CALDER', NULL, NULL, NULL, '2020-02-18 23:18:09', NULL, NULL, NULL),
(588, 1030, 'Walter Ren', 'Mart', NULL, NULL, NULL, '2020-02-18 23:18:09', NULL, NULL, NULL),
(589, 1031, 'ALEXANDER ENRIQUE', 'ESCOBAR ORTIZ', NULL, NULL, NULL, '2020-02-18 23:18:09', NULL, NULL, NULL),
(590, 1032, 'WALTER OSWALDO', 'LEMUS VASQUEZ', NULL, NULL, NULL, '2020-02-18 23:18:09', NULL, NULL, NULL),
(591, 1033, 'NESTOR GIOVANNY ', 'PEREZ CASTANEDA ', NULL, NULL, NULL, '2020-02-18 23:18:09', NULL, NULL, NULL),
(592, 1034, 'WILLIAM ALEXANDER', 'JAIMES BONILLA', NULL, NULL, NULL, '2020-02-18 23:18:09', NULL, NULL, NULL),
(593, 1035, 'WALTER ALEXANDER', 'GONZALEZ MARTINEZ', NULL, NULL, NULL, '2020-02-18 23:18:09', NULL, NULL, NULL),
(594, 1036, 'F', 'CARPIO CARDONA', NULL, NULL, NULL, '2020-02-18 23:18:09', NULL, NULL, NULL),
(595, 1037, 'JERSON DAVID', 'CABRERA ALEMAN', NULL, NULL, NULL, '2020-02-18 23:18:09', NULL, NULL, NULL),
(596, 1038, 'CHRISTIAN ARIEL', 'ZELAYA TEJADA', NULL, NULL, NULL, '2020-02-18 23:18:09', NULL, NULL, NULL),
(597, 1039, 'ELIEZER OTONIEL', 'NAVARRO SANTIAGO', NULL, NULL, NULL, '2020-02-18 23:18:09', NULL, NULL, NULL),
(598, 1040, 'MARVIN VLADIMIR', 'P', NULL, NULL, NULL, '2020-02-18 23:18:09', NULL, NULL, NULL),
(599, 1041, 'ELSY MARGOTH', 'CASTRO ECHEVERR', NULL, NULL, NULL, '2020-02-18 23:18:09', NULL, NULL, NULL),
(600, 1042, 'JOSE ALBERTO', 'VILLANUEVA PEREZ', NULL, NULL, NULL, '2020-02-18 23:18:09', NULL, NULL, NULL),
(601, 1043, 'KEVIN ALEXANDER', 'MONTES MANC', NULL, NULL, NULL, '2020-02-18 23:18:09', NULL, NULL, NULL),
(602, 1044, 'Virginia Elizabeth', 'Ramírez Fuentes', NULL, NULL, NULL, '2020-02-18 23:18:09', NULL, NULL, NULL),
(603, 1045, 'Roberto Orlando', 'Marroqu', NULL, NULL, NULL, '2020-02-18 23:18:09', NULL, NULL, NULL),
(604, 1046, 'EDWIN ALEXANDER', 'VENTURA P', NULL, NULL, NULL, '2020-02-18 23:18:09', NULL, NULL, NULL),
(605, 1047, 'JAIME LEONARDO', 'SUNCIN CRUZ', NULL, NULL, NULL, '2020-02-18 23:18:09', NULL, NULL, NULL),
(606, 1048, 'MARVIN ROLANDO', 'SEGURA MENJIVAR', NULL, NULL, NULL, '2020-02-18 23:18:09', NULL, NULL, NULL),
(607, 1049, 'Luis Armando', 'Yanes Mart', NULL, NULL, NULL, '2020-02-18 23:18:09', NULL, NULL, NULL),
(608, 1050, 'KATIA MAR', 'MARROQU', NULL, NULL, NULL, '2020-02-18 23:18:09', NULL, NULL, NULL),
(609, 1051, 'JESSICA MARCELA', 'ZAVALETA PADILLA', NULL, NULL, NULL, '2020-02-18 23:18:09', NULL, NULL, NULL),
(610, 1052, 'JOSUE MOISES', 'ALVARENGA AQUINO', NULL, NULL, NULL, '2020-02-18 23:18:09', NULL, NULL, NULL),
(611, 1053, 'JOS', 'ESCOBAR ALBERTO', NULL, NULL, NULL, '2020-02-18 23:18:09', NULL, NULL, NULL),
(612, 1054, 'Marco Antonio', 'Flores Ventura', NULL, NULL, NULL, '2020-02-18 23:18:09', NULL, NULL, NULL),
(613, 1055, 'OSCAR LEONARDO', 'SERPAS MARTINEZ', NULL, NULL, NULL, '2020-02-18 23:18:09', NULL, NULL, NULL),
(614, 1056, 'OSIRIS ALEXANDER', 'LOVOS MOLINA', NULL, NULL, NULL, '2020-02-18 23:18:09', NULL, NULL, NULL),
(615, 1057, 'FREDERICK JOSU', 'MEJ', NULL, NULL, NULL, '2020-02-18 23:18:09', NULL, NULL, NULL),
(616, 1058, 'CARLOS FIDEL', 'ACATALES GIL', NULL, NULL, NULL, '2020-02-18 23:18:09', NULL, NULL, NULL),
(617, 1059, 'SILVIA LISSETTE', 'GUZMAN VASQUEZ', NULL, NULL, NULL, '2020-02-18 23:18:09', NULL, NULL, NULL),
(618, 1060, 'SAMUEL EL', 'GARAY MENJ', NULL, NULL, NULL, '2020-02-18 23:18:09', NULL, NULL, NULL),
(619, 1061, 'HECTOR MANUEL ', 'SOSA MORENO ', NULL, NULL, NULL, '2020-02-18 23:18:09', NULL, NULL, NULL),
(620, 1062, 'ELIZABETH LORENA', 'GUTIERREZ ALAS', NULL, NULL, NULL, '2020-02-18 23:18:09', NULL, NULL, NULL),
(621, 1063, 'RONALD ANTONIO', 'PORTILLO PONCE', NULL, NULL, NULL, '2020-02-18 23:18:09', NULL, NULL, NULL),
(622, 1064, 'YESENIA ELIZABETH', 'RODR', NULL, NULL, NULL, '2020-02-18 23:18:09', NULL, NULL, NULL),
(623, 1065, 'ANA MICHELLE', 'GUZM', NULL, NULL, NULL, '2020-02-18 23:18:09', NULL, NULL, NULL),
(624, 1066, 'SARA VERONICA ', 'HERNANDEZ RODRIGUEZ ', NULL, NULL, NULL, '2020-02-18 23:18:09', NULL, NULL, NULL),
(625, 1067, 'Oscar Emmanuel', 'Cordero Hern', NULL, NULL, NULL, '2020-02-18 23:18:09', NULL, NULL, NULL),
(626, 1068, 'KAREN STEPHANIE', 'ROMERO GALDAMEZ', NULL, NULL, NULL, '2020-02-18 23:18:09', NULL, NULL, NULL),
(627, 1069, 'EMERSON ADALBERTO', 'MART', NULL, NULL, NULL, '2020-02-18 23:18:09', NULL, NULL, NULL),
(628, 1070, 'WILLIAM ALEXANDER', 'ZAVALA ARENIVAR', NULL, NULL, NULL, '2020-02-18 23:18:09', NULL, NULL, NULL),
(629, 1071, 'H', 'Figueroa Berm', NULL, NULL, NULL, '2020-02-18 23:18:09', NULL, NULL, NULL),
(630, 413, 'NELSON ORLANDO', 'RIVERA DÍAZ', NULL, NULL, NULL, '2020-02-18 23:18:09', NULL, NULL, NULL),
(631, 1072, 'DIEGO RUDEL', 'MONTERROZA VANEGAS', NULL, NULL, NULL, '2020-02-18 23:18:09', NULL, NULL, NULL),
(632, 1073, 'OSCAR ARTURO', 'MORALES MACHUCA', NULL, NULL, NULL, '2020-02-18 23:18:09', NULL, NULL, NULL),
(633, 1074, 'WILFREDO EDGARDO', 'RAMOS ESCOBAR', NULL, NULL, NULL, '2020-02-18 23:18:09', NULL, NULL, NULL),
(634, 1075, 'Roberto Jose', 'Rodas Serrano', NULL, NULL, NULL, '2020-02-18 23:18:09', NULL, NULL, NULL),
(635, 1076, 'ISMAEL ALEJANDRO', 'RAM', NULL, NULL, NULL, '2020-02-18 23:18:09', NULL, NULL, NULL),
(636, 1077, 'JESSICA ESMERALDA', 'VIDES ROMERO', NULL, NULL, NULL, '2020-02-18 23:18:09', NULL, NULL, NULL),
(637, 1078, 'Roberto Carlos', 'Hernández Vázquez', NULL, NULL, NULL, '2020-02-18 23:18:09', NULL, NULL, NULL),
(638, 1079, 'Kevin Neftali', 'Urriola Barahona', NULL, NULL, NULL, '2020-02-18 23:18:09', NULL, NULL, NULL),
(639, 1080, 'LUIS JOSE', 'CARDENAS AMAYA', NULL, NULL, NULL, '2020-02-18 23:18:09', NULL, NULL, NULL),
(640, 1081, 'Oscar Alberto', 'Flores Lara', NULL, NULL, NULL, '2020-02-18 23:18:09', NULL, NULL, NULL),
(641, 1082, 'CRISTIAN VIDAL', 'GARC', NULL, NULL, NULL, '2020-02-18 23:18:09', NULL, NULL, NULL),
(642, 1083, 'CHRISTIAN ALBERTO', 'GARCIA ORD', NULL, NULL, NULL, '2020-02-18 23:18:09', NULL, NULL, NULL),
(643, 1084, 'VANESSA ELENA', 'CAMPOS GARCIAGUIRRE', NULL, NULL, NULL, '2020-02-18 23:18:09', NULL, NULL, NULL),
(644, 1085, 'Juan Pablo', 'D', NULL, NULL, NULL, '2020-02-18 23:18:09', NULL, NULL, NULL),
(645, 1086, 'Jos', 'Cruz Barrera', NULL, NULL, NULL, '2020-02-18 23:18:09', NULL, NULL, NULL),
(646, 1087, 'Carlos Alonso', 'Vasquez Rodriguez', NULL, NULL, NULL, '2020-02-18 23:18:09', NULL, NULL, NULL),
(647, 1088, 'MARIO JOS', 'VIDES PADILLA', NULL, NULL, NULL, '2020-02-18 23:18:09', NULL, NULL, NULL),
(648, 1089, 'MAURICIO ANTONIO', 'HERN', NULL, NULL, NULL, '2020-02-18 23:18:09', NULL, NULL, NULL),
(649, 1090, 'GUERY SALVADOR', 'ALAS GUARDADO', NULL, NULL, NULL, '2020-02-18 23:18:09', NULL, NULL, NULL),
(650, 1091, 'JONAT', 'L', NULL, NULL, NULL, '2020-02-18 23:18:09', NULL, NULL, NULL),
(651, 1092, 'Stefany Lisseth', 'Ruiz Rodriguez', NULL, NULL, NULL, '2020-02-18 23:18:09', NULL, NULL, NULL),
(652, 1093, 'Josue Ezequias', 'Carpio Vasquez', NULL, NULL, NULL, '2020-02-18 23:18:09', NULL, NULL, NULL),
(653, 1094, 'SERGIO GUSTAVO ', 'GALVEZ NAJARRO ', NULL, NULL, NULL, '2020-02-18 23:18:09', NULL, NULL, NULL),
(654, 1095, 'BRYAN HUMBERTO', 'MAR', NULL, NULL, NULL, '2020-02-18 23:18:09', NULL, NULL, NULL),
(655, 1096, 'Angela Michelle', 'Huezo Shente', NULL, NULL, NULL, '2020-02-18 23:18:09', NULL, NULL, NULL),
(656, 1097, 'EDGARDO JOS', 'RAM', NULL, NULL, NULL, '2020-02-18 23:18:09', NULL, NULL, NULL),
(657, 1098, 'BLANCA VERONICA', 'PALACIOS PEREZ', NULL, NULL, NULL, '2020-02-18 23:18:09', NULL, NULL, NULL),
(658, 1099, 'MILTON ERNESTO', 'ORELLANA MART', NULL, NULL, NULL, '2020-02-18 23:18:09', NULL, NULL, NULL),
(659, 1100, 'Miguel Alejandro', 'L', NULL, NULL, NULL, '2020-02-18 23:18:09', NULL, NULL, NULL),
(660, 1101, 'LORENA VER', 'GARC', NULL, NULL, NULL, '2020-02-18 23:18:09', NULL, NULL, NULL),
(661, 1102, 'Kennya Elizabeth', 'Mel', NULL, NULL, NULL, '2020-02-18 23:18:09', NULL, NULL, NULL),
(662, 1103, 'Manuel Antonio', 'Alvarado Villalobos', NULL, NULL, NULL, '2020-02-18 23:18:09', NULL, NULL, NULL),
(663, 1104, 'Brayan Josu', 'Rivas Ticas', NULL, NULL, NULL, '2020-02-18 23:18:09', NULL, NULL, NULL),
(664, 1105, 'ALEX WILFREDO', 'CR', NULL, NULL, NULL, '2020-02-18 23:18:09', NULL, NULL, NULL),
(665, 1106, 'KATYA YANIRA', 'HERRERA M', NULL, NULL, NULL, '2020-02-18 23:18:09', NULL, NULL, NULL),
(666, 1107, 'JOS', 'RIVAS AR', NULL, NULL, NULL, '2020-02-18 23:18:09', NULL, NULL, NULL),
(667, 1108, 'WILLIAM ALFREDO', 'GARCIA MORAN', NULL, NULL, NULL, '2020-02-18 23:18:09', NULL, NULL, NULL),
(668, 1109, 'JAIRO ANTONIO', 'HERN', NULL, NULL, NULL, '2020-02-18 23:18:09', NULL, NULL, NULL),
(669, 1110, 'V', 'ARREAGA BORJA', NULL, NULL, NULL, '2020-02-18 23:18:09', NULL, NULL, NULL),
(670, 1111, 'KEVIN CHRISTOPHER', 'GARC', NULL, NULL, NULL, '2020-02-18 23:18:09', NULL, NULL, NULL),
(671, 1112, 'Ellison Lex', 'Jim', NULL, NULL, NULL, '2020-02-18 23:18:09', NULL, NULL, NULL),
(672, 1113, 'Eduard Steven', 'Rivas Navas', NULL, NULL, NULL, '2020-02-18 23:18:09', NULL, NULL, NULL),
(673, 1114, 'Jos', 'Castro S', NULL, NULL, NULL, '2020-02-18 23:18:09', NULL, NULL, NULL),
(674, 1115, 'JUAN DIEGO', 'ZAVALETA MEJ', NULL, NULL, NULL, '2020-02-18 23:18:09', NULL, NULL, NULL),
(675, 1116, 'NESTOR LEONARDO', 'MORATAYA IRAHETA', NULL, NULL, NULL, '2020-02-18 23:18:09', NULL, NULL, NULL),
(676, 1117, 'JULIO CESAR', 'MARTINEZ ROSALES', NULL, NULL, NULL, '2020-02-18 23:18:09', NULL, NULL, NULL),
(677, 1118, 'Joseline Alicia', 'Rodr', NULL, NULL, NULL, '2020-02-18 23:18:09', NULL, NULL, NULL),
(678, 1119, 'Enrique José', 'Henríquez Bermúdez', NULL, NULL, NULL, '2020-02-18 23:18:09', NULL, NULL, NULL),
(679, 1120, 'JONATAN JOSUÉ', 'BORJA ALVARENGA', NULL, NULL, NULL, '2020-02-18 23:18:09', NULL, NULL, NULL),
(680, 1121, 'VLADIMIR ANTONIO', 'SORIANO RIVAS', NULL, NULL, NULL, '2020-02-18 23:18:09', NULL, NULL, NULL),
(681, 1122, 'ROBERTO JAVIER', 'ANGEL ARAG', NULL, NULL, NULL, '2020-02-18 23:18:09', NULL, NULL, NULL),
(682, 1123, 'CARLOS MISAEL', 'NOYOLA RIVERA', NULL, NULL, NULL, '2020-02-18 23:18:09', NULL, NULL, NULL),
(683, 1124, 'JIMMY ISAAC', 'HERN', NULL, NULL, NULL, '2020-02-18 23:18:09', NULL, NULL, NULL),
(684, 1125, 'FRANCISCO EDUARDO', 'ANAYA ORTEZ', NULL, NULL, NULL, '2020-02-18 23:18:09', NULL, NULL, NULL),
(685, 1126, 'WALTER ENRIQUE', 'VELIS JAIMES', NULL, NULL, NULL, '2020-02-18 23:18:09', NULL, NULL, NULL),
(686, 1127, 'SALVADOR VLADIMIR', 'MARTINEZ CHICAS', NULL, NULL, NULL, '2020-02-18 23:18:09', NULL, NULL, NULL),
(687, 1128, 'OSCAR MANUEL', 'RODR', NULL, NULL, NULL, '2020-02-18 23:18:09', NULL, NULL, NULL),
(688, 1129, 'MELISSA GABRIELA', 'MEL', NULL, NULL, NULL, '2020-02-18 23:18:09', NULL, NULL, NULL),
(689, 1130, 'OSCAR MANUEL', 'BATRES CASTRO', NULL, NULL, NULL, '2020-02-18 23:18:09', NULL, NULL, NULL),
(690, 1131, 'KEVIN ELISEO', 'AREVALO BELTRAN', NULL, NULL, NULL, '2020-02-18 23:18:09', NULL, NULL, NULL),
(691, 1132, 'MIGUEL ENRIQUE ', 'AGUSTIN ALVAYERO ', NULL, NULL, NULL, '2020-02-18 23:18:09', NULL, NULL, NULL),
(692, 1133, 'ERICK JOS', 'DOM', NULL, NULL, NULL, '2020-02-18 23:18:09', NULL, NULL, NULL),
(693, 1134, 'ANDR', 'RODR', NULL, NULL, NULL, '2020-02-18 23:18:09', NULL, NULL, NULL),
(694, 1135, 'CARLOS ERNESTO', 'C', NULL, NULL, NULL, '2020-02-18 23:18:09', NULL, NULL, NULL),
(695, 412, 'ELMER ALEXANDER', 'MELGAR MEJIA', NULL, NULL, NULL, '2020-02-18 23:18:09', NULL, NULL, NULL),
(696, 1136, 'SANTOS ISMAEL', 'RECINOS RECINOS', NULL, NULL, NULL, '2020-02-18 23:18:09', NULL, NULL, NULL),
(697, 1137, 'JENNIFER VANESSA', 'PREZA HERN', NULL, NULL, NULL, '2020-02-18 23:18:09', NULL, NULL, NULL),
(698, 1138, 'CHRISTIAN GABRIEL', 'MU', NULL, NULL, NULL, '2020-02-18 23:18:09', NULL, NULL, NULL),
(699, 1139, 'Flor de Mar', 'Gil Serrano', NULL, NULL, NULL, '2020-02-18 23:18:09', NULL, NULL, NULL),
(700, 1140, 'Sergio Antonio', 'Ayala Urquilla', NULL, NULL, NULL, '2020-02-18 23:18:09', NULL, NULL, NULL),
(701, 1141, 'JULIO ADALBERTO', 'AVELAR AGUIRRE', NULL, NULL, NULL, '2020-02-18 23:18:09', NULL, NULL, NULL),
(702, 1142, 'CHRISTIAN JONATHAN', 'GUILL', NULL, NULL, NULL, '2020-02-18 23:18:09', NULL, NULL, NULL),
(703, 1143, 'Ricardo Danilo', 'Medrano Hern', NULL, NULL, NULL, '2020-02-18 23:18:09', NULL, NULL, NULL),
(704, 1144, 'MARCELO JOSU', 'ALC', NULL, NULL, NULL, '2020-02-18 23:18:09', NULL, NULL, NULL),
(705, 1145, 'DOUGLAS MAURICIO', 'CA', NULL, NULL, NULL, '2020-02-18 23:18:09', NULL, NULL, NULL),
(706, 1146, 'Josu', 'Baires Lara', NULL, NULL, NULL, '2020-02-18 23:18:09', NULL, NULL, NULL),
(707, 1147, 'KAREN VANESA', 'CARDONA P', NULL, NULL, NULL, '2020-02-18 23:18:09', NULL, NULL, NULL),
(708, 1148, 'MARIO SERGIO ', 'SANCHEZ SANCHEZ ', NULL, NULL, NULL, '2020-02-18 23:18:09', NULL, NULL, NULL),
(709, 1149, 'IRIS YAMILETH ', 'GARCIA ', NULL, NULL, NULL, '2020-02-18 23:18:09', NULL, NULL, NULL),
(710, 1150, 'Jos', 'Rivera L', NULL, NULL, NULL, '2020-02-18 23:18:09', NULL, NULL, NULL),
(711, 1151, 'OSCAR JOSUE', 'DIAZ FABIAN', NULL, NULL, NULL, '2020-02-18 23:18:09', NULL, NULL, NULL),
(712, 1152, 'C', 'L', NULL, NULL, NULL, '2020-02-18 23:18:09', NULL, NULL, NULL),
(713, 1153, 'Bernardo Antonio', 'Cortez Mej', NULL, NULL, NULL, '2020-02-18 23:18:09', NULL, NULL, NULL),
(714, 1154, 'KARLA MAR', 'ABREGO REYES', NULL, NULL, NULL, '2020-02-18 23:18:09', NULL, NULL, NULL),
(715, 1155, 'LUIS ENRIQUE', 'CERON SIBRIAN', NULL, NULL, NULL, '2020-02-18 23:18:09', NULL, NULL, NULL),
(716, 1156, 'MIGUEL ANGEL', 'CORTEZ RIVAS', NULL, NULL, NULL, '2020-02-18 23:18:09', NULL, NULL, NULL),
(717, 1157, 'Oscar Roberto', 'Vides Mendez', NULL, NULL, NULL, '2020-02-18 23:18:09', NULL, NULL, NULL),
(718, 1158, 'Erika Yasm', 'Navas ', NULL, NULL, NULL, '2020-02-18 23:18:09', NULL, NULL, NULL),
(719, 1159, 'ZOILA YANETH', 'VILLATORO GARCIA', NULL, NULL, NULL, '2020-02-18 23:18:09', NULL, NULL, NULL),
(720, 1160, 'LUIS ENRIQUE EMMANUEL', 'REYES SALAZAR', NULL, NULL, NULL, '2020-02-18 23:18:09', NULL, NULL, NULL),
(721, 1161, 'Marco Antonio', 'Jovel Nochez', NULL, NULL, NULL, '2020-02-18 23:18:09', NULL, NULL, NULL),
(722, 1162, 'Gerardo Jos', 'Figueroa N', NULL, NULL, NULL, '2020-02-18 23:18:09', NULL, NULL, NULL),
(723, 1163, 'ALEXANDER JOSUE', 'LOPEZ ALVARADO', NULL, NULL, NULL, '2020-02-18 23:18:09', NULL, NULL, NULL),
(724, 1164, 'MELVIN IV', 'REYES ORTIZ', NULL, NULL, NULL, '2020-02-18 23:18:09', NULL, NULL, NULL),
(725, 1165, 'Carlos Eduardo', 'Cornejo Castillo', NULL, NULL, NULL, '2020-02-18 23:18:09', NULL, NULL, NULL),
(726, 1166, 'SAMUEL ALEXANDER', 'NU', NULL, NULL, NULL, '2020-02-18 23:18:09', NULL, NULL, NULL),
(727, 1167, 'DOUGLAS WALBERTO', 'PALMA SERRANO', NULL, NULL, NULL, '2020-02-18 23:18:09', NULL, NULL, NULL),
(728, 1168, 'GERARDO JOSE', 'MENDOZA CASTRO', NULL, NULL, NULL, '2020-02-18 23:18:09', NULL, NULL, NULL),
(729, 1169, 'Josue David', 'L', NULL, NULL, NULL, '2020-02-18 23:18:09', NULL, NULL, NULL),
(730, 1170, 'YOHALMO ALEXANDER', 'D', NULL, NULL, NULL, '2020-02-18 23:18:09', NULL, NULL, NULL),
(731, 1171, 'Gerardo Antonio', 'Medina Huezo', NULL, NULL, NULL, '2020-02-18 23:18:09', NULL, NULL, NULL),
(732, 1172, 'JUAN CARLOS', 'G', NULL, NULL, NULL, '2020-02-18 23:18:09', NULL, NULL, NULL),
(733, 1173, 'MIGUEL ENRIQUE', 'PE', NULL, NULL, NULL, '2020-02-18 23:18:09', NULL, NULL, NULL),
(734, 1174, 'REYNALDO NATANAEL', 'ALVARENGA RODRIGUEZ', NULL, NULL, NULL, '2020-02-18 23:18:09', NULL, NULL, NULL),
(735, 1175, 'Ricardo Bladimir', 'Estupini', NULL, NULL, NULL, '2020-02-18 23:18:09', NULL, NULL, NULL),
(736, 1176, 'NESTOR ULISES', 'MOLINA GARC', NULL, NULL, NULL, '2020-02-18 23:18:09', NULL, NULL, NULL),
(737, 1177, 'CARLOS ENRIQUE', 'LOPEZ CASTILLO', NULL, NULL, NULL, '2020-02-18 23:18:09', NULL, NULL, NULL),
(738, 1178, 'JOS', 'GARC', NULL, NULL, NULL, '2020-02-18 23:18:09', NULL, NULL, NULL),
(739, 1179, 'DORIS ELIZABETH', 'AQUINO ALAS', NULL, NULL, NULL, '2020-02-18 23:18:09', NULL, NULL, NULL),
(740, 1180, 'LILIAN PATRICIA', 'MART', NULL, NULL, NULL, '2020-02-18 23:18:09', NULL, NULL, NULL),
(741, 1181, 'Wilbert Ulises', 'Menjivar S', NULL, NULL, NULL, '2020-02-18 23:18:09', NULL, NULL, NULL),
(742, 1182, 'RUBIA LORENA', 'DEL CID AYALA', NULL, NULL, NULL, '2020-02-18 23:18:09', NULL, NULL, NULL),
(743, 1183, 'IRVING VLADIMIR', 'OLIVA AVELAR', NULL, NULL, NULL, '2020-02-18 23:18:09', NULL, NULL, NULL),
(744, 1184, 'MIGUEL ALFREDO', 'HERN', NULL, NULL, NULL, '2020-02-18 23:18:09', NULL, NULL, NULL),
(745, 1185, 'WALTER ERNESTO', 'ESPINOZA ORTIZ', NULL, NULL, NULL, '2020-02-18 23:18:09', NULL, NULL, NULL),
(746, 1186, 'ISAAC STANLEY', 'GUILLEN LEON', NULL, NULL, NULL, '2020-02-18 23:18:09', NULL, NULL, NULL),
(747, 1187, 'EUFEMIA ELIZABETH ', 'GARCIA HENRIQUEZ ', NULL, NULL, NULL, '2020-02-18 23:18:09', NULL, NULL, NULL),
(748, 1188, 'ITALO ALEXANDER', 'UMA', NULL, NULL, NULL, '2020-02-18 23:18:09', NULL, NULL, NULL),
(749, 1189, 'MIGUEL STANLEY', 'MARTIR JORGE', NULL, NULL, NULL, '2020-02-18 23:18:09', NULL, NULL, NULL),
(750, 1190, 'FRANKLIN ALEXIS', 'P', NULL, NULL, NULL, '2020-02-18 23:18:09', NULL, NULL, NULL),
(751, 1191, 'Marcos Alexander', 'Parrillas Orellana', NULL, NULL, NULL, '2020-02-18 23:18:09', NULL, NULL, NULL),
(752, 1192, 'Jorge Rafael', 'Pe', NULL, NULL, NULL, '2020-02-18 23:18:09', NULL, NULL, NULL),
(753, 1193, 'EDWIN BALTAZAR', 'GUTI', NULL, NULL, NULL, '2020-02-18 23:18:09', NULL, NULL, NULL),
(754, 1194, 'RUDDY ALFREDO', 'P', NULL, NULL, NULL, '2020-02-18 23:18:09', NULL, NULL, NULL),
(755, 1195, 'GUILLERMO ANTONIO', 'SAMAYOA SALINAS', NULL, NULL, NULL, '2020-02-18 23:18:09', NULL, NULL, NULL),
(756, 1196, 'EDWIN ALEXANDER', 'LEIVA PEREZ', NULL, NULL, NULL, '2020-02-18 23:18:09', NULL, NULL, NULL),
(757, 1197, 'ERIKA MELISSA', 'MART', NULL, NULL, NULL, '2020-02-18 23:18:09', NULL, NULL, NULL),
(758, 1198, 'JOS', 'RIVAS GUEVARA', NULL, NULL, NULL, '2020-02-18 23:18:09', NULL, NULL, NULL),
(759, 1199, 'FRANCISCO ARNOLDO', 'ORELLANA REYES', NULL, NULL, NULL, '2020-02-18 23:18:09', NULL, NULL, NULL),
(760, 1200, 'Diego Enrique', 'Amaya Mazorra', NULL, NULL, NULL, '2020-02-18 23:18:09', NULL, NULL, NULL),
(761, 1201, 'Naun Enrique', 'Flores Menjivar', NULL, NULL, NULL, '2020-02-18 23:18:09', NULL, NULL, NULL),
(762, 1202, 'DENNYS MIGUEL ANGEL', 'ORELLANA ZEPEDA', NULL, NULL, NULL, '2020-02-18 23:18:09', NULL, NULL, NULL),
(763, 1203, 'Sergio Enrique', 'Mart', NULL, NULL, NULL, '2020-02-18 23:18:09', NULL, NULL, NULL),
(764, 1204, 'ROSA GUADALUPE ', 'RODRIGUEZ HUEZO ', NULL, NULL, NULL, '2020-02-18 23:18:09', NULL, NULL, NULL),
(765, 1205, 'FRANCISCO ANTONIO ', 'POLANCO CASTILLO ', NULL, NULL, NULL, '2020-02-18 23:18:09', NULL, NULL, NULL),
(766, 1206, 'CARLOS REN', 'MART', NULL, NULL, NULL, '2020-02-18 23:18:09', NULL, NULL, NULL),
(767, 1207, 'ALFONSO ALEXANDER', 'GUILLEN TORRES', NULL, NULL, NULL, '2020-02-18 23:18:09', NULL, NULL, NULL),
(768, 1208, 'OSCAR APARICIO', 'MARTINEZ VENTURA', NULL, NULL, NULL, '2020-02-18 23:18:09', NULL, NULL, NULL),
(769, 1209, 'DENISSE YASMARA', 'MEJIA AGUILLON', NULL, NULL, NULL, '2020-02-18 23:18:09', NULL, NULL, NULL),
(770, 1210, 'Oscar Alejandro', 'Gonz', NULL, NULL, NULL, '2020-02-18 23:18:09', NULL, NULL, NULL),
(771, 1211, 'STEPHANIE ALEJANDRA', 'HERN', NULL, NULL, NULL, '2020-02-18 23:18:09', NULL, NULL, NULL),
(772, 1212, 'AN', 'ALAS HERN', NULL, NULL, NULL, '2020-02-18 23:18:09', NULL, NULL, NULL),
(773, 1213, 'DANNIER LEONIDES', 'GALICIA CHINCHILLA', NULL, NULL, NULL, '2020-02-18 23:18:09', NULL, NULL, NULL),
(774, 1214, 'NELSON ALEXIS', 'HERNANDEZ CEA', NULL, NULL, NULL, '2020-02-18 23:18:09', NULL, NULL, NULL),
(775, 1215, 'JOS', 'CHAC', NULL, NULL, NULL, '2020-02-18 23:18:09', NULL, NULL, NULL),
(776, 1216, 'KEVIN EDGARDO', 'RIVERA MART', NULL, NULL, NULL, '2020-02-18 23:18:09', NULL, NULL, NULL),
(777, 1217, 'Carlos Eduardo', 'Renderos Portillo', NULL, NULL, NULL, '2020-02-18 23:18:09', NULL, NULL, NULL),
(778, 1218, 'KEIRY ANTHONI', 'JUSTINIANO HERNAND', NULL, NULL, NULL, '2020-02-18 23:18:09', NULL, NULL, NULL),
(779, 1219, 'JONATHAN ALEXANDER', 'G', NULL, NULL, NULL, '2020-02-18 23:18:09', NULL, NULL, NULL),
(780, 1220, 'GUILLERMO', 'MEJIA DIAZ', NULL, NULL, NULL, '2020-02-18 23:18:09', NULL, NULL, NULL),
(781, 1221, 'OSCAR RA', 'PLEITEZ TRUJILLO', NULL, NULL, NULL, '2020-02-18 23:18:09', NULL, NULL, NULL),
(782, 1222, 'JOS', 'QUINTANILLA TICAS', NULL, NULL, NULL, '2020-02-18 23:18:09', NULL, NULL, NULL),
(783, 1223, 'DELMY STEFANY', 'MENJIVAR SANDOVAL', NULL, NULL, NULL, '2020-02-18 23:18:09', NULL, NULL, NULL),
(784, 1224, 'JAIME ERNESTO', 'MEJ', NULL, NULL, NULL, '2020-02-18 23:18:09', NULL, NULL, NULL),
(785, 1225, 'DORIS GABRIELA', 'HERN', NULL, NULL, NULL, '2020-02-18 23:18:09', NULL, NULL, NULL),
(786, 1226, 'ALEXIS ALBERTO', 'LOPEZ QUIJADA', NULL, NULL, NULL, '2020-02-18 23:18:09', NULL, NULL, NULL),
(787, 1227, 'SAMUEL DE JES', 'GARC', NULL, NULL, NULL, '2020-02-18 23:18:09', NULL, NULL, NULL),
(788, 1228, 'CESAR MIGUEL ', 'CHAVEZ LINARES ', NULL, NULL, NULL, '2020-02-18 23:18:09', NULL, NULL, NULL),
(789, 1229, 'JUAN JOS', 'OLMEDO SAAVEDRA', NULL, NULL, NULL, '2020-02-18 23:18:09', NULL, NULL, NULL),
(790, 1230, 'MERCEDES RAQUEL', 'VEL', NULL, NULL, NULL, '2020-02-18 23:18:09', NULL, NULL, NULL),
(791, 1231, 'ROBIN ALCIDES', 'TOLOZA FAUSTINO', NULL, NULL, NULL, '2020-02-18 23:18:09', NULL, NULL, NULL),
(792, 1232, 'JENNIFFER ROXANA', 'GRANADOS MEJ', NULL, NULL, NULL, '2020-02-18 23:18:09', NULL, NULL, NULL),
(793, 1233, 'RIGOBERTO AGUSTIN', 'L', NULL, NULL, NULL, '2020-02-18 23:18:09', NULL, NULL, NULL),
(794, 1234, 'MARVIN VLADIMIR', 'CRUZ MARTINEZ', NULL, NULL, NULL, '2020-02-18 23:18:09', NULL, NULL, NULL),
(795, 1235, 'Manuel Enrique', 'Ochoa Romero', NULL, NULL, NULL, '2020-02-18 23:18:09', NULL, NULL, NULL),
(796, 1236, 'Ronald Antonio', 'Serme', NULL, NULL, NULL, '2020-02-18 23:18:09', NULL, NULL, NULL),
(797, 1237, 'EL', 'BARRERA VEL', NULL, NULL, NULL, '2020-02-18 23:18:09', NULL, NULL, NULL),
(798, 1238, 'NELSON JOSUE', 'MU', NULL, NULL, NULL, '2020-02-18 23:18:09', NULL, NULL, NULL),
(799, 1239, 'Rony Josue', 'Martinez Garcia', NULL, NULL, NULL, '2020-02-18 23:18:09', NULL, NULL, NULL),
(800, 1240, 'CARLOS ALBERTO', 'D', NULL, NULL, NULL, '2020-02-18 23:18:09', NULL, NULL, NULL),
(801, 1241, 'DANIEL ISAAC', 'LINO VILLACORTA', NULL, NULL, NULL, '2020-02-18 23:18:09', NULL, NULL, NULL),
(802, 1242, 'MIGUEL ANGEL', 'MARTINEZ MOREJON', NULL, NULL, NULL, '2020-02-18 23:18:10', NULL, NULL, NULL),
(803, 1243, 'JOSUE STANLEY', 'MALDONADO SORIANO', NULL, NULL, NULL, '2020-02-18 23:18:10', NULL, NULL, NULL),
(804, 1244, 'BERTHA MAR', 'BELTR', NULL, NULL, NULL, '2020-02-18 23:18:10', NULL, NULL, NULL),
(805, 1245, 'JOSSELYN PATRICIA', 'SOLANO ZELAYA', NULL, NULL, NULL, '2020-02-18 23:18:10', NULL, NULL, NULL),
(806, 1246, 'CLAUDIA PATRICIA', 'MART', NULL, NULL, NULL, '2020-02-18 23:18:10', NULL, NULL, NULL),
(807, 1247, 'REYNALDO ESA', 'NAVARRO NAVARRO', NULL, NULL, NULL, '2020-02-18 23:18:10', NULL, NULL, NULL),
(808, 1248, 'JOS', 'GALD', NULL, NULL, NULL, '2020-02-18 23:18:10', NULL, NULL, NULL),
(809, 1249, 'Armando Efrain', 'Orellana Perez', NULL, NULL, NULL, '2020-02-18 23:18:10', NULL, NULL, NULL),
(810, 1250, 'CARLOS ANTONIO', 'CATIVO ARGUETA', NULL, NULL, NULL, '2020-02-18 23:18:10', NULL, NULL, NULL),
(811, 1251, 'MARCOS TULIO', 'BORJA', NULL, NULL, NULL, '2020-02-18 23:18:10', NULL, NULL, NULL),
(812, 1252, 'Agustin Antonio', 'Ascencio Hern', NULL, NULL, NULL, '2020-02-18 23:18:10', NULL, NULL, NULL),
(813, 1253, 'MIGUEL ANGEL', 'GUTIERREZ SANDOVAL', NULL, NULL, NULL, '2020-02-18 23:18:10', NULL, NULL, NULL),
(814, 1254, 'Jos', 'Cubias Flores', NULL, NULL, NULL, '2020-02-18 23:18:10', NULL, NULL, NULL),
(815, 1255, 'EDUARDO RAFAEL', 'SERRANO BARRERA', NULL, NULL, NULL, '2020-02-18 23:18:10', NULL, NULL, NULL),
(816, 1256, 'JOSU', 'PORTILLO SALMER', NULL, NULL, NULL, '2020-02-18 23:18:10', NULL, NULL, NULL),
(817, 1257, 'Gerson Wilfredo', 'Palacios Giron', NULL, NULL, NULL, '2020-02-18 23:18:10', NULL, NULL, NULL),
(818, 1258, 'Salvador Alonso', 'Figueroa V', NULL, NULL, NULL, '2020-02-18 23:18:10', NULL, NULL, NULL),
(819, 1259, 'Carlos Ernesto', 'Romero Rivera', NULL, NULL, NULL, '2020-02-18 23:18:10', NULL, NULL, NULL),
(820, 1260, 'KELVIN ALEXANDER ', 'GARCIA GONZALEZ ', NULL, NULL, NULL, '2020-02-18 23:18:10', NULL, NULL, NULL),
(821, 1261, 'MILTON ALEXANDER', 'SOSA FIGUEROA', NULL, NULL, NULL, '2020-02-18 23:18:10', NULL, NULL, NULL),
(822, 1262, 'OSCAR RAM', 'TURISH GUARDADO', NULL, NULL, NULL, '2020-02-18 23:18:10', NULL, NULL, NULL),
(823, 1263, 'SERGIO OSMIN', 'ORELLANA LAINEZ', NULL, NULL, NULL, '2020-02-18 23:18:10', NULL, NULL, NULL),
(824, 1264, 'FIDEL ALEXANDER', 'ALFARO DOMINGUEZ', NULL, NULL, NULL, '2020-02-18 23:18:10', NULL, NULL, NULL),
(825, 1265, 'ELIAS ALEXANDER', 'VELASCO MAYEN', NULL, NULL, NULL, '2020-02-18 23:18:10', NULL, NULL, NULL),
(826, 1266, 'ANTHONY ERNESTO', 'HERN', NULL, NULL, NULL, '2020-02-18 23:18:10', NULL, NULL, NULL),
(827, 1267, 'Marcos Mauricio', 'Barrera Escobar', NULL, NULL, NULL, '2020-02-18 23:18:10', NULL, NULL, NULL),
(828, 1268, 'JOSE OSWALDO', 'DE LA CRUZ DE LA O', NULL, NULL, NULL, '2020-02-18 23:18:10', NULL, NULL, NULL),
(829, 1269, 'CARLOS VÍCTOR', 'ZAUN GÓMEZ', NULL, NULL, NULL, '2020-02-18 23:18:10', NULL, NULL, NULL),
(830, 1270, 'SALVADOR DE JESUS', 'CHACON SANCHEZ ', NULL, NULL, NULL, '2020-02-18 23:18:10', NULL, NULL, NULL),
(831, 1271, 'HUGO ERNESTO', 'ARGUETA RAMOS', NULL, NULL, NULL, '2020-02-18 23:18:10', NULL, NULL, NULL),
(832, 1272, 'FRANCISCO WILFREDO', 'POLANCO PORTILLO', NULL, NULL, NULL, '2020-02-18 23:18:10', NULL, NULL, NULL),
(833, 1273, 'ROXANA GERALDINA', 'URQUILLA LOPEZ', NULL, NULL, NULL, '2020-02-18 23:18:10', NULL, NULL, NULL),
(834, 1274, 'FRANCISCO EVERARDO', 'G', NULL, NULL, NULL, '2020-02-18 23:18:10', NULL, NULL, NULL),
(835, 1275, 'DIEGO ALFREDO', 'MOLINA MOLINA', NULL, NULL, NULL, '2020-02-18 23:18:10', NULL, NULL, NULL),
(836, 1276, 'WALTER ALEXANDER', 'QUINTANILLA RU', NULL, NULL, NULL, '2020-02-18 23:18:10', NULL, NULL, NULL),
(837, 1277, 'VICTOR MANUEL', 'MARTINEZ LOPEZ', NULL, NULL, NULL, '2020-02-18 23:18:10', NULL, NULL, NULL),
(838, 1278, 'FRANCISCO ANTONIO', 'TICAS CHAVEZ', NULL, NULL, NULL, '2020-02-18 23:18:10', NULL, NULL, NULL),
(839, 1279, 'JOSE ALEX', 'ZEPEDA FIGUEROA', NULL, NULL, NULL, '2020-02-18 23:18:10', NULL, NULL, NULL),
(840, 1280, 'JOS', 'JIM', NULL, NULL, NULL, '2020-02-18 23:18:10', NULL, NULL, NULL),
(841, 1281, 'MILTON JOSUE', 'MARTINEZ HERNANDEZ', NULL, NULL, NULL, '2020-02-18 23:18:10', NULL, NULL, NULL),
(842, 1282, 'KEVIN ARNOLD', 'JURADO DELGADO', NULL, NULL, NULL, '2020-02-18 23:18:10', NULL, NULL, NULL),
(843, 1283, 'CARLOS EMERSON', 'IRAHETA GARC', NULL, NULL, NULL, '2020-02-18 23:18:10', NULL, NULL, NULL),
(844, 1284, 'Gerson Ronaldo', 'Ju', NULL, NULL, NULL, '2020-02-18 23:18:10', NULL, NULL, NULL),
(845, 1285, 'Mois', 'Portillo Ramos', NULL, NULL, NULL, '2020-02-18 23:18:10', NULL, NULL, NULL),
(846, 1286, 'SALVADOR ENRIQUE', 'RAMOS RODR', NULL, NULL, NULL, '2020-02-18 23:18:10', NULL, NULL, NULL),
(847, 1287, 'Nelson Amilcar', 'Pleitez Urrutia', NULL, NULL, NULL, '2020-02-18 23:18:10', NULL, NULL, NULL),
(848, 1288, 'Castillo Hern', 'M', NULL, NULL, NULL, '2020-02-18 23:18:10', NULL, NULL, NULL),
(849, 1289, 'BRENDA ELIZABETH', 'GALDAMEZ SANDOVAL', NULL, NULL, NULL, '2020-02-18 23:18:10', NULL, NULL, NULL),
(850, 1290, 'WENDY ELIZABETH', 'CARCAMO CHAVEZ', NULL, NULL, NULL, '2020-02-18 23:18:10', NULL, NULL, NULL),
(851, 1291, 'Walter Baudilio', 'Luna Pe', NULL, NULL, NULL, '2020-02-18 23:18:10', NULL, NULL, NULL),
(852, 1292, 'EDWIN ENRIQUE', 'VICHE RIVAS', NULL, NULL, NULL, '2020-02-18 23:18:10', NULL, NULL, NULL),
(853, 1293, 'VLADIMIR STANLEY ', 'ALVAREZ ALVARADO ', NULL, NULL, NULL, '2020-02-18 23:18:10', NULL, NULL, NULL),
(854, 1294, 'Mario Miguel', 'Lima Gonzalez', NULL, NULL, NULL, '2020-02-18 23:18:10', NULL, NULL, NULL),
(855, 1295, 'MARVIN RAYMUNDO', 'PINTO ZETINO', NULL, NULL, NULL, '2020-02-18 23:18:10', NULL, NULL, NULL),
(856, 1296, 'JEFFRY LEONEL', 'ORANTES G', NULL, NULL, NULL, '2020-02-18 23:18:10', NULL, NULL, NULL),
(857, 1297, 'Diego Marcelo', 'Manzano Rivas', NULL, NULL, NULL, '2020-02-18 23:18:10', NULL, NULL, NULL),
(858, 1298, 'CINDY ELIZABETH', 'SOTO CASTILLO', NULL, NULL, NULL, '2020-02-18 23:18:10', NULL, NULL, NULL),
(859, 1299, 'Luis Alonso', 'Alvarenga Meza', NULL, NULL, NULL, '2020-02-18 23:18:10', NULL, NULL, NULL),
(860, 1300, 'DAVID JOHALMO', 'DIAZ CHACON ', NULL, NULL, NULL, '2020-02-18 23:18:10', NULL, NULL, NULL),
(861, 1301, 'RAFAEL ANTONIO', 'GUZMAN HERNANDEZ', NULL, NULL, NULL, '2020-02-18 23:18:10', NULL, NULL, NULL),
(862, 1302, 'C', 'Jurado P', NULL, NULL, NULL, '2020-02-18 23:18:10', NULL, NULL, NULL),
(863, 1303, 'Nancy Lisseth', 'Ramirez Servellon', NULL, NULL, NULL, '2020-02-18 23:18:10', NULL, NULL, NULL),
(864, 1304, 'GERARDO ENRIQUE', 'CAMPOS MARTINEZ', NULL, NULL, NULL, '2020-02-18 23:18:10', NULL, NULL, NULL),
(865, 1305, 'ARNULFO JOS', 'AGUILAR RAMOS', NULL, NULL, NULL, '2020-02-18 23:18:10', NULL, NULL, NULL),
(866, 1306, 'CRISTIAN ALEJANDRO', 'OSEGUEDA AGUILAR', NULL, NULL, NULL, '2020-02-18 23:18:10', NULL, NULL, NULL),
(867, 1307, 'ROXANA MERCEDES', 'ANGULO GARC', NULL, NULL, NULL, '2020-02-18 23:18:10', NULL, NULL, NULL),
(868, 1308, 'KARINA LISSETTE', 'DIAZ MENDEZ', NULL, NULL, NULL, '2020-02-18 23:18:10', NULL, NULL, NULL),
(869, 1309, 'JOEL ALEXANDER', 'FLORES ALVARADO', NULL, NULL, NULL, '2020-02-18 23:18:10', NULL, NULL, NULL),
(870, 1310, 'FRANCISCO OVIDIO', 'COLORADO RIVERA', NULL, NULL, NULL, '2020-02-18 23:18:10', NULL, NULL, NULL),
(871, 1311, 'DINA SOF', 'MART', NULL, NULL, NULL, '2020-02-18 23:18:10', NULL, NULL, NULL),
(872, 1312, 'MARVIN OSVALDO', 'BARAHONA RAM', NULL, NULL, NULL, '2020-02-18 23:18:10', NULL, NULL, NULL),
(873, 1313, 'JONATHAN ALEXANDER', 'LA', NULL, NULL, NULL, '2020-02-18 23:18:10', NULL, NULL, NULL),
(874, 1314, 'Diana Sara', 'Escobar Serrano', NULL, NULL, NULL, '2020-02-18 23:18:10', NULL, NULL, NULL),
(875, 1315, 'Milton Santiago', 'García Vásquez', NULL, NULL, NULL, '2020-02-18 23:18:10', NULL, NULL, NULL),
(876, 1316, 'IRVIN IVAN', 'SANDOVAL HERNANDEZ', NULL, NULL, NULL, '2020-02-18 23:18:10', NULL, NULL, NULL),
(877, 1317, 'ROXANA ELIZABETH', 'GUZM', NULL, NULL, NULL, '2020-02-18 23:18:10', NULL, NULL, NULL),
(878, 1318, 'JHONY WILLIAM', 'ROGEL LOPEZ', NULL, NULL, NULL, '2020-02-18 23:18:10', NULL, NULL, NULL),
(879, 1319, 'KEVIN ANDERSON', 'P', NULL, NULL, NULL, '2020-02-18 23:18:10', NULL, NULL, NULL),
(880, 1320, 'KEVIN EDUARDO', 'BOLA', NULL, NULL, NULL, '2020-02-18 23:18:10', NULL, NULL, NULL),
(881, 1321, 'RENE FRANCISCO', 'DIAZ ROMERO', NULL, NULL, NULL, '2020-02-18 23:18:10', NULL, NULL, NULL),
(882, 1322, 'Ariel Alexander', 'Sigar', NULL, NULL, NULL, '2020-02-18 23:18:10', NULL, NULL, NULL),
(883, 1323, 'KEVIN EVELIO', 'MELARA L', NULL, NULL, NULL, '2020-02-18 23:18:10', NULL, NULL, NULL),
(884, 1324, 'IRVIN EMIL', 'MORALES RUIZ', NULL, NULL, NULL, '2020-02-18 23:18:10', NULL, NULL, NULL),
(885, 1325, 'BRENDA CAROLINA', 'MARTINEZ FLORES', NULL, NULL, NULL, '2020-02-18 23:18:10', NULL, NULL, NULL),
(886, 1326, 'ESPERANZA AREL', 'BONILLA RAMOS', NULL, NULL, NULL, '2020-02-18 23:18:10', NULL, NULL, NULL),
(887, 1327, 'IVIS YOSSELIN', 'NAVARRO RAMIREZ', NULL, NULL, NULL, '2020-02-18 23:18:10', NULL, NULL, NULL),
(888, 1328, 'Katlheen Liliana', 'Escoto Montano', NULL, NULL, NULL, '2020-02-18 23:18:10', NULL, NULL, NULL),
(889, 1329, 'EMILIO ERNESTO', 'ALVARENGA MURCIA', NULL, NULL, NULL, '2020-02-18 23:18:10', NULL, NULL, NULL),
(890, 1330, 'EDWIN JOSUE', 'VELASCO RIVAS', NULL, NULL, NULL, '2020-02-18 23:18:10', NULL, NULL, NULL),
(891, 1331, 'Jennifer Tatiana', 'Cruz Castro', NULL, NULL, NULL, '2020-02-18 23:18:10', NULL, NULL, NULL),
(892, 1332, 'NOEL ANTONIO', 'HIDALGO CASTELLANOS', NULL, NULL, NULL, '2020-02-18 23:18:10', NULL, NULL, NULL),
(893, 1333, 'JOSUE ALFONSO', 'TORRES ARTIAGA', NULL, NULL, NULL, '2020-02-18 23:18:10', NULL, NULL, NULL),
(894, 1334, 'ROXANA ESMERALDA', 'APARICIO RAMIREZ', NULL, NULL, NULL, '2020-02-18 23:18:10', NULL, NULL, NULL),
(895, 1335, 'JOS', 'ZELAYA V', NULL, NULL, NULL, '2020-02-18 23:18:10', NULL, NULL, NULL),
(896, 1336, 'William Ernesto', 'Rosales Morales', NULL, NULL, NULL, '2020-02-18 23:18:10', NULL, NULL, NULL),
(897, 1337, 'MELVIN GUILLERMO', 'CRUZ CARRANZA', NULL, NULL, NULL, '2020-02-18 23:18:10', NULL, NULL, NULL),
(898, 1338, 'Carlos Rolando', 'Mor', NULL, NULL, NULL, '2020-02-18 23:18:10', NULL, NULL, NULL),
(899, 1339, 'ALFREDO JOSÉ', 'MARTÍNEZ VÁSQUEZ', NULL, NULL, NULL, '2020-02-18 23:18:10', NULL, NULL, NULL),
(900, 1340, 'LUIS ALEXANDER', 'AQUINO AVENDA', NULL, NULL, NULL, '2020-02-18 23:18:10', NULL, NULL, NULL),
(901, 1341, 'Jorge Alberto', 'Sibrian Castro', NULL, NULL, NULL, '2020-02-18 23:18:10', NULL, NULL, NULL),
(902, 1342, 'Jorge Mauricio', 'Vides Escobar', NULL, NULL, NULL, '2020-02-18 23:18:10', NULL, NULL, NULL),
(903, 1343, 'Gabriela Alejandra', 'Garc', NULL, NULL, NULL, '2020-02-18 23:18:10', NULL, NULL, NULL),
(904, 1344, 'LUIS MIGUEL', 'CORTEZ DOMINGUEZ', NULL, NULL, NULL, '2020-02-18 23:18:10', NULL, NULL, NULL),
(905, 1345, 'Henry René', 'Fuentes Gutiérrez', NULL, NULL, NULL, '2020-02-18 23:18:10', NULL, NULL, NULL),
(906, 1346, 'ROBERTO JOSIMAR ', 'CAMPOS FLORES ', NULL, NULL, NULL, '2020-02-18 23:18:10', NULL, NULL, NULL),
(907, 1347, 'Carlos Gustavo', 'Gomez Romero', NULL, NULL, NULL, '2020-02-18 23:18:10', NULL, NULL, NULL),
(908, 1348, 'QUEVIN ALEXIS', 'CALLEJAS ZAVALA', NULL, NULL, NULL, '2020-02-18 23:18:10', NULL, NULL, NULL),
(909, 1349, 'Daniel Alberto', 'Ba', NULL, NULL, NULL, '2020-02-18 23:18:10', NULL, NULL, NULL),
(910, 1350, 'BRALLAN ALEXANDER', 'SANCHEZ ROSALES', NULL, NULL, NULL, '2020-02-18 23:18:10', NULL, NULL, NULL),
(911, 1351, 'Harold Mauricio', 'D', NULL, NULL, NULL, '2020-02-18 23:18:10', NULL, NULL, NULL),
(912, 1352, 'KARLA CRISTINA', 'POSADA DÍAZ', NULL, NULL, NULL, '2020-02-18 23:18:10', NULL, NULL, NULL),
(913, 1353, 'KEVIN STANLEY', 'POSADA ALEGR', NULL, NULL, NULL, '2020-02-18 23:18:10', NULL, NULL, NULL),
(914, 1354, 'Jos', 'Ju', NULL, NULL, NULL, '2020-02-18 23:18:10', NULL, NULL, NULL),
(915, 1355, 'JORGE LUIS', 'IRAHETA ALVARENGA', NULL, NULL, NULL, '2020-02-18 23:18:10', NULL, NULL, NULL),
(916, 1356, 'SALVADOR ANTONIO', 'HERNANDEZ MEJIA', NULL, NULL, NULL, '2020-02-18 23:18:10', NULL, NULL, NULL),
(917, 1357, 'Jos', 'Hern', NULL, NULL, NULL, '2020-02-18 23:18:10', NULL, NULL, NULL),
(918, 1358, 'ABRAHAM ISA', 'CRUZ GRANDE', NULL, NULL, NULL, '2020-02-18 23:18:10', NULL, NULL, NULL),
(919, 1359, 'JORGE LUIS', 'FLORES CAJINA', NULL, NULL, NULL, '2020-02-18 23:18:10', NULL, NULL, NULL),
(920, 1360, 'VICTOR EDGARDO', 'NAVARRETE M', NULL, NULL, NULL, '2020-02-18 23:18:10', NULL, NULL, NULL),
(921, 1361, 'Josu', 'Aquino Barrera', NULL, NULL, NULL, '2020-02-18 23:18:10', NULL, NULL, NULL),
(922, 1362, 'DANIEL ENRIQUE', 'MORALES ALFARO', NULL, NULL, NULL, '2020-02-18 23:18:10', NULL, NULL, NULL),
(923, 1363, 'CRISTINA BRENDALY', 'NAVAS RAMOS', NULL, NULL, NULL, '2020-02-18 23:18:10', NULL, NULL, NULL),
(925, 1365, 'Juan', 'Perez', NULL, NULL, '2009-01-01', '2020-06-16 16:01:21', NULL, 'Escuela Villa Alegre', NULL),
(926, 1367, 'Maria Ines', 'Lopez Beltran', NULL, NULL, '2006-11-01', '2020-06-16 07:31:14', 54328982, 'Escuela Villa Alegre', NULL),
(927, 1370, 'Jose Andres', 'Ventura Huezo', NULL, NULL, '2006-02-02', '2020-06-16 16:13:40', 52837835, 'Escuela Villa Alegre', NULL),
(928, 1371, 'Daniel', 'Hernandez Perez', NULL, NULL, '2006-03-22', '2020-06-16 17:29:54', 87690875, 'Escuela 14 de Diciembre', NULL),
(929, 1372, 'Roberto Jose', 'Giron Lopez', NULL, NULL, '2006-01-01', '2020-06-16 20:45:34', 123456789, 'Escuela 14 de Diciembre', NULL);

-- --------------------------------------------------------

--
-- Table structure for table `persona_atributo`
--

CREATE TABLE `persona_atributo` (
  `id` int(11) NOT NULL,
  `id_persona` int(11) NOT NULL,
  `id_atributo` int(11) NOT NULL,
  `creado` timestamp NOT NULL DEFAULT current_timestamp() ON UPDATE current_timestamp()
) ENGINE=InnoDB DEFAULT CHARSET=utf8mb4 COLLATE=utf8mb4_unicode_ci;

--
-- Dumping data for table `persona_atributo`
--

INSERT INTO `persona_atributo` (`id`, `id_persona`, `id_atributo`, `creado`) VALUES
(3, 925, 119, '2020-02-18 23:32:51'),
(4, 925, 106, '2020-02-18 23:32:51'),
(5, 926, 120, '2020-06-16 07:31:14'),
(6, 926, 107, '2020-06-16 07:31:14'),
(7, 927, 119, '2020-06-16 16:12:25'),
(8, 927, 102, '2020-06-16 16:12:25'),
(9, 927, 111, '2020-06-16 16:12:25'),
(10, 927, 107, '2020-06-16 16:12:26'),
(11, 927, 109, '2020-06-16 16:12:26'),
(12, 928, 119, '2020-06-16 17:29:34'),
(13, 928, 103, '2020-06-16 17:29:34'),
(14, 928, 111, '2020-06-16 17:29:34'),
(15, 928, 106, '2020-06-16 17:29:34'),
(16, 928, 110, '2020-06-16 17:29:34'),
(17, 929, 119, '2020-06-16 20:45:34'),
(18, 929, 106, '2020-06-16 20:45:34');

-- --------------------------------------------------------

--
-- Table structure for table `rol`
--

CREATE TABLE `rol` (
  `id` int(11) NOT NULL,
  `codigo` varchar(50) COLLATE utf8mb4_unicode_ci NOT NULL,
  `nombre` varchar(255) COLLATE utf8mb4_unicode_ci NOT NULL,
  `descripcion` varchar(500) COLLATE utf8mb4_unicode_ci DEFAULT NULL,
  `creado` timestamp NOT NULL DEFAULT current_timestamp() ON UPDATE current_timestamp()
) ENGINE=InnoDB DEFAULT CHARSET=utf8mb4 COLLATE=utf8mb4_unicode_ci;

--
-- Dumping data for table `rol`
--

INSERT INTO `rol` (`id`, `codigo`, `nombre`, `descripcion`, `creado`) VALUES
(22, 'ROLE_USER', 'Usuario', '', '2020-02-18 23:18:02'),
(23, 'ROLE_ADMIN', 'Administrador', '', '2020-02-18 23:18:02'),
(24, 'ROLE_JEFE', 'Jefatura', '', '2020-02-18 23:18:02'),
(25, 'ROLE_ASISTENTE', 'Asistente administrativo', '', '2020-02-18 23:18:02'),
(26, 'ROLE_ESTUDIANTE', 'Estudiante', '', '2020-02-18 23:18:02'),
(27, 'ROLE_TUTOR', 'Tutor', '', '2020-02-18 23:18:02'),
(28, 'ROLE_COORDINADOR', 'Coordinador de curso', '', '2020-02-18 23:18:02');

-- --------------------------------------------------------

--
-- Table structure for table `rol_permiso`
--

CREATE TABLE `rol_permiso` (
  `id` int(11) NOT NULL,
  `id_rol` int(11) NOT NULL,
  `id_permiso` int(11) NOT NULL,
  `creado` timestamp NOT NULL DEFAULT current_timestamp() ON UPDATE current_timestamp()
) ENGINE=InnoDB DEFAULT CHARSET=utf8mb4 COLLATE=utf8mb4_unicode_ci;

--
-- Dumping data for table `rol_permiso`
--

INSERT INTO `rol_permiso` (`id`, `id_rol`, `id_permiso`, `creado`) VALUES
(244, 23, 61, '2020-02-18 23:18:02'),
(245, 23, 62, '2020-02-18 23:18:02'),
(246, 23, 63, '2020-02-18 23:18:02'),
(247, 23, 64, '2020-02-18 23:18:02'),
(248, 23, 65, '2020-02-18 23:18:02'),
(249, 23, 66, '2020-02-18 23:18:02'),
(250, 23, 67, '2020-02-18 23:18:02'),
(251, 23, 68, '2020-02-18 23:18:02'),
(252, 23, 69, '2020-02-18 23:18:02'),
(253, 23, 70, '2020-02-18 23:18:02'),
(254, 23, 71, '2020-02-18 23:18:02'),
(255, 23, 72, '2020-02-18 23:18:02'),
(256, 23, 73, '2020-02-18 23:18:02'),
(257, 23, 74, '2020-02-18 23:18:02'),
(258, 23, 75, '2020-02-18 23:18:02'),
(259, 23, 76, '2020-02-18 23:18:02'),
(260, 23, 77, '2020-02-18 23:18:02'),
(261, 23, 78, '2020-02-18 23:18:02'),
(262, 23, 79, '2020-02-18 23:18:02'),
(263, 23, 80, '2020-02-18 23:18:02'),
(264, 24, 62, '2020-02-18 23:18:02'),
(265, 24, 63, '2020-02-18 23:18:02'),
(266, 24, 64, '2020-02-18 23:18:02'),
(267, 24, 65, '2020-02-18 23:18:02'),
(268, 24, 66, '2020-02-18 23:18:02'),
(269, 24, 67, '2020-02-18 23:18:02'),
(270, 24, 68, '2020-02-18 23:18:02'),
(271, 24, 69, '2020-02-18 23:18:02'),
(272, 24, 70, '2020-02-18 23:18:02'),
(273, 24, 71, '2020-02-18 23:18:02'),
(274, 24, 72, '2020-02-18 23:18:02'),
(275, 24, 73, '2020-02-18 23:18:02'),
(276, 24, 74, '2020-02-18 23:18:02'),
(277, 24, 75, '2020-02-18 23:18:02'),
(278, 24, 76, '2020-02-18 23:18:02'),
(279, 24, 77, '2020-02-18 23:18:02'),
(280, 24, 78, '2020-02-18 23:18:02'),
(281, 24, 79, '2020-02-18 23:18:02'),
(282, 24, 80, '2020-02-18 23:18:02'),
(283, 25, 62, '2020-02-18 23:18:02'),
(284, 25, 64, '2020-02-18 23:18:02'),
(285, 25, 65, '2020-02-18 23:18:02'),
(286, 25, 66, '2020-02-18 23:18:02'),
(287, 25, 67, '2020-02-18 23:18:02'),
(288, 25, 68, '2020-02-18 23:18:02'),
(289, 25, 69, '2020-02-18 23:18:02'),
(290, 25, 70, '2020-02-18 23:18:02'),
(291, 25, 71, '2020-02-18 23:18:02'),
(292, 25, 72, '2020-02-18 23:18:02'),
(293, 25, 73, '2020-02-18 23:18:02'),
(294, 25, 74, '2020-02-18 23:18:02'),
(295, 25, 75, '2020-02-18 23:18:02'),
(296, 25, 76, '2020-02-18 23:18:02'),
(297, 26, 62, '2020-02-18 23:18:02'),
(298, 26, 65, '2020-02-18 23:18:02'),
(299, 26, 66, '2020-02-18 23:18:02'),
(300, 26, 69, '2020-02-18 23:18:02'),
(301, 26, 70, '2020-02-18 23:18:02'),
(302, 26, 71, '2020-02-18 23:18:02'),
(303, 26, 72, '2020-02-18 23:18:02'),
(304, 26, 73, '2020-02-18 23:18:02'),
(305, 26, 74, '2020-02-18 23:18:02'),
(306, 26, 75, '2020-02-18 23:18:02'),
(307, 27, 62, '2020-02-18 23:18:02'),
(308, 27, 65, '2020-02-18 23:18:02'),
(309, 27, 70, '2020-02-18 23:18:02'),
(310, 27, 71, '2020-02-18 23:18:02'),
(311, 27, 72, '2020-02-18 23:18:02'),
(312, 27, 73, '2020-02-18 23:18:02'),
(313, 27, 74, '2020-02-18 23:18:02'),
(314, 27, 75, '2020-02-18 23:18:02'),
(315, 28, 62, '2020-02-18 23:18:02'),
(316, 28, 63, '2020-02-18 23:18:02'),
(317, 28, 64, '2020-02-18 23:18:02'),
(318, 28, 65, '2020-02-18 23:18:02'),
(319, 28, 70, '2020-02-18 23:18:02'),
(320, 28, 71, '2020-02-18 23:18:02'),
(321, 28, 72, '2020-02-18 23:18:02'),
(322, 28, 73, '2020-02-18 23:18:02'),
(323, 28, 74, '2020-02-18 23:18:02'),
(324, 28, 75, '2020-02-18 23:18:02');

-- --------------------------------------------------------

--
-- Table structure for table `telefono`
--

CREATE TABLE `telefono` (
  `id` int(11) NOT NULL,
  `id_cuenta` int(11) NOT NULL,
  `id_telefono_tipo` int(11) NOT NULL,
  `numero` varchar(25) COLLATE utf8mb4_unicode_ci NOT NULL,
  `creado` timestamp NOT NULL DEFAULT current_timestamp() ON UPDATE current_timestamp(),
  `contacto` varchar(50) COLLATE utf8mb4_unicode_ci DEFAULT NULL
) ENGINE=InnoDB DEFAULT CHARSET=utf8mb4 COLLATE=utf8mb4_unicode_ci;

--
-- Dumping data for table `telefono`
--

INSERT INTO `telefono` (`id`, `id_cuenta`, `id_telefono_tipo`, `numero`, `creado`, `contacto`) VALUES
(1, 1365, 129, '22330099', '2020-02-18 23:32:51', 'Casa'),
(2, 1365, 130, '71609876', '2020-02-18 23:32:51', 'Movil'),
(3, 1365, 132, '76549800', '2020-02-18 23:32:51', 'Padre Pedro'),
(4, 1367, 132, '2233-1111', '2020-06-16 07:31:14', 'Ricardo Lopez'),
(5, 1370, 129, '22439087', '2020-06-16 16:12:26', 'Casa'),
(6, 1370, 130, '71739087', '2020-06-16 16:12:26', 'Movil'),
(7, 1370, 132, '76984321', '2020-06-16 16:12:26', 'Manuel Jose Ventura'),
(8, 1371, 132, '2254-6543', '2020-06-16 17:29:34', 'Enmanuel Flores'),
(9, 1372, 132, '22222222', '2020-06-16 20:45:34', 'Ricardo Lopez');

-- --------------------------------------------------------

--
-- Table structure for table `usuario`
--

CREATE TABLE `usuario` (
  `id` int(11) NOT NULL,
  `id_cuenta` int(11) NOT NULL,
  `username` varchar(50) COLLATE utf8mb4_unicode_ci NOT NULL,
  `email` varchar(50) COLLATE utf8mb4_unicode_ci NOT NULL,
  `password` varchar(255) COLLATE utf8mb4_unicode_ci NOT NULL,
  `enabled` tinyint(3) NOT NULL DEFAULT 1,
  `last_login` datetime DEFAULT NULL,
  `creado` timestamp NOT NULL DEFAULT current_timestamp() ON UPDATE current_timestamp()
) ENGINE=InnoDB DEFAULT CHARSET=utf8mb4 COLLATE=utf8mb4_unicode_ci;

--
-- Dumping data for table `usuario`
--

INSERT INTO `usuario` (`id`, `id_cuenta`, `username`, `email`, `password`, `enabled`, `last_login`, `creado`) VALUES
(322, 410, 'bc11023', 'bc11023@ues.edu.sv', '$2y$13$7/UJPnpDSieKKsO6CjrUVO3Bo1g67qqGxTcnunxwF6PosLimClSby', 1, NULL, '2020-02-18 23:18:07'),
(323, 411, 'ma10043', 'ma10043@ues.edu.sv', '$2y$13$XcuKfjXmd0LJ5Zu9dYNc0ea2UwqlQlueNmyMfNgN8VRm3VKNFopt2', 1, '2020-06-20 16:34:53', '2020-06-20 21:34:53'),
(324, 412, 'mm11221', 'mm11221@ues.edu.sv', '$2y$13$W/RAMbg4LuVajTGxnqI3wes94upQpIj.zLWvN1L/mYXkol9LI05yG', 1, '2020-06-16 15:38:32', '2020-06-16 20:38:32'),
(325, 413, 'rd12004', 'rd12004@ues.edu.sv', '$2y$13$MrKpFm7Jusf5OYu7aJoh0eJLz0U2oc78Q6uxFNGNELDSUejaC2ede', 1, NULL, '2020-02-18 23:18:07'),
(326, 414, 'lisset.lopez', 'lisset.lopez@ues.edu.sv', '$2y$13$xEwFaLtzponzgLVoRDKyGOAysqZyD.k8nn1z8QCeGYsk5EFkqiI6u', 1, NULL, '2020-02-18 23:18:07'),
(327, 415, 'rafael.burgos', 'rafael.burgos@ues.edu.sv', '$2y$13$q7OX9u3uiBFVRpxseT32FeaWBkK6I4BCdsatVQaaP9dG0zJ91YxP.', 1, '2020-06-16 13:20:28', '2020-06-16 18:20:28'),
(328, 416, 'rudy.chicas', 'rudy.chicas@ues.edu.sv', '$2y$13$74wXbElb6jADveMpjYrvZuliHZcioiSPxEihPDskNuzY8Tm5VSpKi', 1, NULL, '2020-02-18 23:18:07'),
(329, 446, 'mh16006', 'mh16006@ues.edu.sv', '$2y$13$ie.0doR6uGmQ0vTExjVk9eOYiUIPh3fQw6sHEjShVHIwfr5IjVmeG', 1, NULL, '2020-02-18 23:18:08'),
(330, 447, 'll09069', 'll09069@ues.edu.sv', '$2y$13$ie.0doR6uGmQ0vTExjVk9eOYiUIPh3fQw6sHEjShVHIwfr5IjVmeG', 1, NULL, '2020-02-18 23:18:08'),
(331, 448, 'ph14021', 'ph14021@ues.edu.sv', '$2y$13$ie.0doR6uGmQ0vTExjVk9eOYiUIPh3fQw6sHEjShVHIwfr5IjVmeG', 1, NULL, '2020-02-18 23:18:08'),
(332, 449, 'av10001', 'av10001@ues.edu.sv', '$2y$13$ie.0doR6uGmQ0vTExjVk9eOYiUIPh3fQw6sHEjShVHIwfr5IjVmeG', 1, NULL, '2020-02-18 23:18:08'),
(333, 450, 'er12005', 'er12005@ues.edu.sv', '$2y$13$ie.0doR6uGmQ0vTExjVk9eOYiUIPh3fQw6sHEjShVHIwfr5IjVmeG', 1, NULL, '2020-02-18 23:18:08'),
(334, 451, 'rm12042', 'rm12042@ues.edu.sv', '$2y$13$ie.0doR6uGmQ0vTExjVk9eOYiUIPh3fQw6sHEjShVHIwfr5IjVmeG', 1, NULL, '2020-02-18 23:18:08'),
(335, 452, 'mm13014', 'mm13014@ues.edu.sv', '$2y$13$ie.0doR6uGmQ0vTExjVk9eOYiUIPh3fQw6sHEjShVHIwfr5IjVmeG', 1, NULL, '2020-02-18 23:18:08'),
(336, 453, 'rm16051', 'rm16051@ues.edu.sv', '$2y$13$ie.0doR6uGmQ0vTExjVk9eOYiUIPh3fQw6sHEjShVHIwfr5IjVmeG', 1, NULL, '2020-02-18 23:18:08'),
(337, 454, 'al10051', 'al10051@ues.edu.sv', '$2y$13$ie.0doR6uGmQ0vTExjVk9eOYiUIPh3fQw6sHEjShVHIwfr5IjVmeG', 1, NULL, '2020-02-18 23:18:08'),
(338, 455, 'cl16015', 'cl16015@ues.edu.sv', '$2y$13$ie.0doR6uGmQ0vTExjVk9eOYiUIPh3fQw6sHEjShVHIwfr5IjVmeG', 1, NULL, '2020-02-18 23:18:08'),
(339, 456, 'ca02032', 'ca02032@ues.edu.sv', '$2y$13$ie.0doR6uGmQ0vTExjVk9eOYiUIPh3fQw6sHEjShVHIwfr5IjVmeG', 1, NULL, '2020-02-18 23:18:08'),
(340, 457, 'th15003', 'th15003@ues.edu.sv', '$2y$13$ie.0doR6uGmQ0vTExjVk9eOYiUIPh3fQw6sHEjShVHIwfr5IjVmeG', 1, NULL, '2020-02-18 23:18:08'),
(341, 458, 'ap11048', 'ap11048@ues.edu.sv', '$2y$13$ie.0doR6uGmQ0vTExjVk9eOYiUIPh3fQw6sHEjShVHIwfr5IjVmeG', 1, NULL, '2020-02-18 23:18:08'),
(342, 459, 'ab13027', 'ab13027@ues.edu.sv', '$2y$13$ie.0doR6uGmQ0vTExjVk9eOYiUIPh3fQw6sHEjShVHIwfr5IjVmeG', 1, NULL, '2020-02-18 23:18:08'),
(343, 460, 'lt07001', 'lt07001@ues.edu.sv', '$2y$13$ie.0doR6uGmQ0vTExjVk9eOYiUIPh3fQw6sHEjShVHIwfr5IjVmeG', 1, NULL, '2020-02-18 23:18:08'),
(344, 461, 'el15008', 'el15008@ues.edu.sv', '$2y$13$ie.0doR6uGmQ0vTExjVk9eOYiUIPh3fQw6sHEjShVHIwfr5IjVmeG', 1, NULL, '2020-02-18 23:18:08'),
(345, 462, 'dt11002', 'dt11002@ues.edu.sv', '$2y$13$ie.0doR6uGmQ0vTExjVk9eOYiUIPh3fQw6sHEjShVHIwfr5IjVmeG', 1, NULL, '2020-02-18 23:18:08'),
(346, 463, 'sm15006', 'sm15006@ues.edu.sv', '$2y$13$ie.0doR6uGmQ0vTExjVk9eOYiUIPh3fQw6sHEjShVHIwfr5IjVmeG', 1, NULL, '2020-02-18 23:18:08'),
(347, 464, 'ds13013', 'ds13013@ues.edu.sv', '$2y$13$ie.0doR6uGmQ0vTExjVk9eOYiUIPh3fQw6sHEjShVHIwfr5IjVmeG', 1, NULL, '2020-02-18 23:18:08'),
(348, 465, 'tf05009', 'tf05009@ues.edu.sv', '$2y$13$ie.0doR6uGmQ0vTExjVk9eOYiUIPh3fQw6sHEjShVHIwfr5IjVmeG', 1, NULL, '2020-02-18 23:18:08'),
(349, 466, 'sg11010', 'sg11010@ues.edu.sv', '$2y$13$ie.0doR6uGmQ0vTExjVk9eOYiUIPh3fQw6sHEjShVHIwfr5IjVmeG', 1, NULL, '2020-02-18 23:18:08'),
(350, 467, 'pg99023', 'pg99023@ues.edu.sv', '$2y$13$ie.0doR6uGmQ0vTExjVk9eOYiUIPh3fQw6sHEjShVHIwfr5IjVmeG', 1, NULL, '2020-02-18 23:18:08'),
(351, 468, 'mz13001', 'mz13001@ues.edu.sv', '$2y$13$ie.0doR6uGmQ0vTExjVk9eOYiUIPh3fQw6sHEjShVHIwfr5IjVmeG', 1, NULL, '2020-02-18 23:18:08'),
(352, 469, 'fm13010', 'fm13010@ues.edu.sv', '$2y$13$ie.0doR6uGmQ0vTExjVk9eOYiUIPh3fQw6sHEjShVHIwfr5IjVmeG', 1, NULL, '2020-02-18 23:18:08'),
(353, 470, 'cq15007', 'cq15007@ues.edu.sv', '$2y$13$ie.0doR6uGmQ0vTExjVk9eOYiUIPh3fQw6sHEjShVHIwfr5IjVmeG', 1, NULL, '2020-02-18 23:18:08'),
(354, 471, 'rc10014', 'rc10014@ues.edu.sv', '$2y$13$ie.0doR6uGmQ0vTExjVk9eOYiUIPh3fQw6sHEjShVHIwfr5IjVmeG', 1, NULL, '2020-02-18 23:18:08'),
(355, 472, 'am10066', 'am10066@ues.edu.sv', '$2y$13$ie.0doR6uGmQ0vTExjVk9eOYiUIPh3fQw6sHEjShVHIwfr5IjVmeG', 1, NULL, '2020-02-18 23:18:08'),
(356, 473, 'cf13001', 'cf13001@ues.edu.sv', '$2y$13$ie.0doR6uGmQ0vTExjVk9eOYiUIPh3fQw6sHEjShVHIwfr5IjVmeG', 1, NULL, '2020-02-18 23:18:08'),
(357, 474, 'pf14002', 'pf14002@ues.edu.sv', '$2y$13$ie.0doR6uGmQ0vTExjVk9eOYiUIPh3fQw6sHEjShVHIwfr5IjVmeG', 1, NULL, '2020-02-18 23:18:08'),
(358, 475, 'cd14003', 'cd14003@ues.edu.sv', '$2y$13$ie.0doR6uGmQ0vTExjVk9eOYiUIPh3fQw6sHEjShVHIwfr5IjVmeG', 1, NULL, '2020-02-18 23:18:08'),
(359, 476, 'aa10016', 'aa10016@ues.edu.sv', '$2y$13$ie.0doR6uGmQ0vTExjVk9eOYiUIPh3fQw6sHEjShVHIwfr5IjVmeG', 1, NULL, '2020-02-18 23:18:08'),
(360, 477, 'pl14002', 'pl14002@ues.edu.sv', '$2y$13$ie.0doR6uGmQ0vTExjVk9eOYiUIPh3fQw6sHEjShVHIwfr5IjVmeG', 1, NULL, '2020-02-18 23:18:08'),
(361, 478, 'mp06013', 'mp06013@ues.edu.sv', '$2y$13$ie.0doR6uGmQ0vTExjVk9eOYiUIPh3fQw6sHEjShVHIwfr5IjVmeG', 1, NULL, '2020-02-18 23:18:08'),
(362, 479, 'vh14006', 'vh14006@ues.edu.sv', '$2y$13$ie.0doR6uGmQ0vTExjVk9eOYiUIPh3fQw6sHEjShVHIwfr5IjVmeG', 1, NULL, '2020-02-18 23:18:08'),
(363, 480, 'hc12010', 'hc12010@ues.edu.sv', '$2y$13$ie.0doR6uGmQ0vTExjVk9eOYiUIPh3fQw6sHEjShVHIwfr5IjVmeG', 1, NULL, '2020-02-18 23:18:08'),
(364, 481, 'lj11001', 'lj11001@ues.edu.sv', '$2y$13$ie.0doR6uGmQ0vTExjVk9eOYiUIPh3fQw6sHEjShVHIwfr5IjVmeG', 1, NULL, '2020-02-18 23:18:08'),
(365, 482, 'ea08015', 'ea08015@ues.edu.sv', '$2y$13$ie.0doR6uGmQ0vTExjVk9eOYiUIPh3fQw6sHEjShVHIwfr5IjVmeG', 1, NULL, '2020-02-18 23:18:08'),
(366, 483, 'go14002', 'go14002@ues.edu.sv', '$2y$13$ie.0doR6uGmQ0vTExjVk9eOYiUIPh3fQw6sHEjShVHIwfr5IjVmeG', 1, NULL, '2020-02-18 23:18:08'),
(367, 484, 'nl12004', 'nl12004@ues.edu.sv', '$2y$13$ie.0doR6uGmQ0vTExjVk9eOYiUIPh3fQw6sHEjShVHIwfr5IjVmeG', 1, NULL, '2020-02-18 23:18:08'),
(368, 485, 'oa16010', 'oa16010@ues.edu.sv', '$2y$13$ie.0doR6uGmQ0vTExjVk9eOYiUIPh3fQw6sHEjShVHIwfr5IjVmeG', 1, NULL, '2020-02-18 23:18:08'),
(369, 486, 'ro15007', 'ro15007@ues.edu.sv', '$2y$13$ie.0doR6uGmQ0vTExjVk9eOYiUIPh3fQw6sHEjShVHIwfr5IjVmeG', 1, NULL, '2020-02-18 23:18:08'),
(370, 487, 'co15009', 'co15009@ues.edu.sv', '$2y$13$ie.0doR6uGmQ0vTExjVk9eOYiUIPh3fQw6sHEjShVHIwfr5IjVmeG', 1, NULL, '2020-02-18 23:18:08'),
(371, 488, 'gv09016', 'gv09016@ues.edu.sv', '$2y$13$ie.0doR6uGmQ0vTExjVk9eOYiUIPh3fQw6sHEjShVHIwfr5IjVmeG', 1, NULL, '2020-02-18 23:18:08'),
(372, 489, 'rr13009', 'rr13009@ues.edu.sv', '$2y$13$ie.0doR6uGmQ0vTExjVk9eOYiUIPh3fQw6sHEjShVHIwfr5IjVmeG', 1, NULL, '2020-02-18 23:18:08'),
(373, 490, 'jl09002', 'jl09002@ues.edu.sv', '$2y$13$ie.0doR6uGmQ0vTExjVk9eOYiUIPh3fQw6sHEjShVHIwfr5IjVmeG', 1, NULL, '2020-02-18 23:18:08'),
(374, 491, 'go13005', 'go13005@ues.edu.sv', '$2y$13$ie.0doR6uGmQ0vTExjVk9eOYiUIPh3fQw6sHEjShVHIwfr5IjVmeG', 1, NULL, '2020-02-18 23:18:08'),
(375, 492, 'pr07005', 'pr07005@ues.edu.sv', '$2y$13$ie.0doR6uGmQ0vTExjVk9eOYiUIPh3fQw6sHEjShVHIwfr5IjVmeG', 1, NULL, '2020-02-18 23:18:08'),
(376, 493, 'pf15002', 'pf15002@ues.edu.sv', '$2y$13$ie.0doR6uGmQ0vTExjVk9eOYiUIPh3fQw6sHEjShVHIwfr5IjVmeG', 1, NULL, '2020-02-18 23:18:08'),
(377, 494, 'la12019', 'la12019@ues.edu.sv', '$2y$13$ie.0doR6uGmQ0vTExjVk9eOYiUIPh3fQw6sHEjShVHIwfr5IjVmeG', 1, NULL, '2020-02-18 23:18:08'),
(378, 495, 'mf16017', 'mf16017@ues.edu.sv', '$2y$13$ie.0doR6uGmQ0vTExjVk9eOYiUIPh3fQw6sHEjShVHIwfr5IjVmeG', 1, NULL, '2020-02-18 23:18:08'),
(379, 496, 'pa10007', 'pa10007@ues.edu.sv', '$2y$13$ie.0doR6uGmQ0vTExjVk9eOYiUIPh3fQw6sHEjShVHIwfr5IjVmeG', 1, NULL, '2020-02-18 23:18:08'),
(380, 497, 'pp14005', 'pp14005@ues.edu.sv', '$2y$13$ie.0doR6uGmQ0vTExjVk9eOYiUIPh3fQw6sHEjShVHIwfr5IjVmeG', 1, NULL, '2020-02-18 23:18:08'),
(381, 498, 'pl13008', 'pl13008@ues.edu.sv', '$2y$13$ie.0doR6uGmQ0vTExjVk9eOYiUIPh3fQw6sHEjShVHIwfr5IjVmeG', 1, NULL, '2020-02-18 23:18:08'),
(382, 499, 'gc14057', 'gc14057@ues.edu.sv', '$2y$13$ie.0doR6uGmQ0vTExjVk9eOYiUIPh3fQw6sHEjShVHIwfr5IjVmeG', 1, NULL, '2020-02-18 23:18:08'),
(383, 500, 'mn14002', 'mn14002@ues.edu.sv', '$2y$13$ie.0doR6uGmQ0vTExjVk9eOYiUIPh3fQw6sHEjShVHIwfr5IjVmeG', 1, NULL, '2020-02-18 23:18:08'),
(384, 501, 'mr13087', 'mr13087@ues.edu.sv', '$2y$13$ie.0doR6uGmQ0vTExjVk9eOYiUIPh3fQw6sHEjShVHIwfr5IjVmeG', 1, NULL, '2020-02-18 23:18:08'),
(385, 502, 'ap13012', 'ap13012@ues.edu.sv', '$2y$13$ie.0doR6uGmQ0vTExjVk9eOYiUIPh3fQw6sHEjShVHIwfr5IjVmeG', 1, NULL, '2020-02-18 23:18:08'),
(386, 503, 'ma14042', 'ma14042@ues.edu.sv', '$2y$13$ie.0doR6uGmQ0vTExjVk9eOYiUIPh3fQw6sHEjShVHIwfr5IjVmeG', 1, NULL, '2020-02-18 23:18:08'),
(387, 504, 'ic02002', 'ic02002@ues.edu.sv', '$2y$13$ie.0doR6uGmQ0vTExjVk9eOYiUIPh3fQw6sHEjShVHIwfr5IjVmeG', 1, NULL, '2020-02-18 23:18:08'),
(388, 505, 'lh16001', 'lh16001@ues.edu.sv', '$2y$13$ie.0doR6uGmQ0vTExjVk9eOYiUIPh3fQw6sHEjShVHIwfr5IjVmeG', 1, NULL, '2020-02-18 23:18:08'),
(389, 506, 'ms04016', 'ms04016@ues.edu.sv', '$2y$13$ie.0doR6uGmQ0vTExjVk9eOYiUIPh3fQw6sHEjShVHIwfr5IjVmeG', 1, NULL, '2020-02-18 23:18:08'),
(390, 507, 'sp16001', 'sp16001@ues.edu.sv', '$2y$13$ie.0doR6uGmQ0vTExjVk9eOYiUIPh3fQw6sHEjShVHIwfr5IjVmeG', 1, NULL, '2020-02-18 23:18:08'),
(391, 508, 'vc10006', 'vc10006@ues.edu.sv', '$2y$13$ie.0doR6uGmQ0vTExjVk9eOYiUIPh3fQw6sHEjShVHIwfr5IjVmeG', 1, NULL, '2020-02-18 23:18:08'),
(392, 509, 'rc15076', 'rc15076@ues.edu.sv', '$2y$13$ie.0doR6uGmQ0vTExjVk9eOYiUIPh3fQw6sHEjShVHIwfr5IjVmeG', 1, NULL, '2020-02-18 23:18:08'),
(393, 510, 'sc12054', 'sc12054@ues.edu.sv', '$2y$13$ie.0doR6uGmQ0vTExjVk9eOYiUIPh3fQw6sHEjShVHIwfr5IjVmeG', 1, NULL, '2020-02-18 23:18:08'),
(394, 511, 'rm11010', 'rm11010@ues.edu.sv', '$2y$13$ie.0doR6uGmQ0vTExjVk9eOYiUIPh3fQw6sHEjShVHIwfr5IjVmeG', 1, NULL, '2020-02-18 23:18:08'),
(395, 512, 'lr13040', 'lr13040@ues.edu.sv', '$2y$13$ie.0doR6uGmQ0vTExjVk9eOYiUIPh3fQw6sHEjShVHIwfr5IjVmeG', 1, NULL, '2020-02-18 23:18:08'),
(396, 513, 'ta14013', 'ta14013@ues.edu.sv', '$2y$13$ie.0doR6uGmQ0vTExjVk9eOYiUIPh3fQw6sHEjShVHIwfr5IjVmeG', 1, NULL, '2020-02-18 23:18:08'),
(397, 514, 'rf08018', 'rf08018@ues.edu.sv', '$2y$13$ie.0doR6uGmQ0vTExjVk9eOYiUIPh3fQw6sHEjShVHIwfr5IjVmeG', 1, NULL, '2020-02-18 23:18:08'),
(398, 515, 'mg11013', 'mg11013@ues.edu.sv', '$2y$13$ie.0doR6uGmQ0vTExjVk9eOYiUIPh3fQw6sHEjShVHIwfr5IjVmeG', 1, NULL, '2020-02-18 23:18:08'),
(399, 516, 'cc13044', 'cc13044@ues.edu.sv', '$2y$13$ie.0doR6uGmQ0vTExjVk9eOYiUIPh3fQw6sHEjShVHIwfr5IjVmeG', 1, NULL, '2020-02-18 23:18:08'),
(400, 517, 'ce10003', 'ce10003@ues.edu.sv', '$2y$13$ie.0doR6uGmQ0vTExjVk9eOYiUIPh3fQw6sHEjShVHIwfr5IjVmeG', 1, NULL, '2020-02-18 23:18:08'),
(401, 518, 'oe10006', 'oe10006@ues.edu.sv', '$2y$13$ie.0doR6uGmQ0vTExjVk9eOYiUIPh3fQw6sHEjShVHIwfr5IjVmeG', 1, NULL, '2020-02-18 23:18:08'),
(402, 519, 'ra04001', 'ra04001@ues.edu.sv', '$2y$13$ie.0doR6uGmQ0vTExjVk9eOYiUIPh3fQw6sHEjShVHIwfr5IjVmeG', 1, NULL, '2020-02-18 23:18:08'),
(403, 520, 'bp13004', 'bp13004@ues.edu.sv', '$2y$13$ie.0doR6uGmQ0vTExjVk9eOYiUIPh3fQw6sHEjShVHIwfr5IjVmeG', 1, NULL, '2020-02-18 23:18:08'),
(404, 521, 'lc08029', 'lc08029@ues.edu.sv', '$2y$13$ie.0doR6uGmQ0vTExjVk9eOYiUIPh3fQw6sHEjShVHIwfr5IjVmeG', 1, NULL, '2020-02-18 23:18:08'),
(405, 522, 'hm15012', 'hm15012@ues.edu.sv', '$2y$13$ie.0doR6uGmQ0vTExjVk9eOYiUIPh3fQw6sHEjShVHIwfr5IjVmeG', 1, NULL, '2020-02-18 23:18:08'),
(406, 523, 'mm03035', 'mm03035@ues.edu.sv', '$2y$13$ie.0doR6uGmQ0vTExjVk9eOYiUIPh3fQw6sHEjShVHIwfr5IjVmeG', 1, NULL, '2020-02-18 23:18:08'),
(407, 524, 'od08004', 'od08004@ues.edu.sv', '$2y$13$ie.0doR6uGmQ0vTExjVk9eOYiUIPh3fQw6sHEjShVHIwfr5IjVmeG', 1, NULL, '2020-02-18 23:18:08'),
(408, 525, 'aq16002', 'aq16002@ues.edu.sv', '$2y$13$ie.0doR6uGmQ0vTExjVk9eOYiUIPh3fQw6sHEjShVHIwfr5IjVmeG', 1, NULL, '2020-02-18 23:18:08'),
(409, 526, 'qf14002', 'qf14002@ues.edu.sv', '$2y$13$ie.0doR6uGmQ0vTExjVk9eOYiUIPh3fQw6sHEjShVHIwfr5IjVmeG', 1, NULL, '2020-02-18 23:18:08'),
(410, 527, 'sm16021', 'sm16021@ues.edu.sv', '$2y$13$ie.0doR6uGmQ0vTExjVk9eOYiUIPh3fQw6sHEjShVHIwfr5IjVmeG', 1, NULL, '2020-02-18 23:18:08'),
(411, 528, 'pp07005', 'pp07005@ues.edu.sv', '$2y$13$ie.0doR6uGmQ0vTExjVk9eOYiUIPh3fQw6sHEjShVHIwfr5IjVmeG', 1, NULL, '2020-02-18 23:18:08'),
(412, 529, 'dr10025', 'dr10025@ues.edu.sv', '$2y$13$ie.0doR6uGmQ0vTExjVk9eOYiUIPh3fQw6sHEjShVHIwfr5IjVmeG', 1, NULL, '2020-02-18 23:18:08'),
(413, 530, 'mm11027', 'mm11027@ues.edu.sv', '$2y$13$ie.0doR6uGmQ0vTExjVk9eOYiUIPh3fQw6sHEjShVHIwfr5IjVmeG', 1, NULL, '2020-02-18 23:18:08'),
(414, 531, 'dc13003', 'dc13003@ues.edu.sv', '$2y$13$ie.0doR6uGmQ0vTExjVk9eOYiUIPh3fQw6sHEjShVHIwfr5IjVmeG', 1, NULL, '2020-02-18 23:18:08'),
(415, 532, 'al14016', 'al14016@ues.edu.sv', '$2y$13$ie.0doR6uGmQ0vTExjVk9eOYiUIPh3fQw6sHEjShVHIwfr5IjVmeG', 1, NULL, '2020-02-18 23:18:08'),
(416, 533, 'sr13073', 'sr13073@ues.edu.sv', '$2y$13$ie.0doR6uGmQ0vTExjVk9eOYiUIPh3fQw6sHEjShVHIwfr5IjVmeG', 1, NULL, '2020-02-18 23:18:08'),
(417, 534, 'oo15004', 'oo15004@ues.edu.sv', '$2y$13$ie.0doR6uGmQ0vTExjVk9eOYiUIPh3fQw6sHEjShVHIwfr5IjVmeG', 1, NULL, '2020-02-18 23:18:08'),
(418, 535, 'ur09008', 'ur09008@ues.edu.sv', '$2y$13$ie.0doR6uGmQ0vTExjVk9eOYiUIPh3fQw6sHEjShVHIwfr5IjVmeG', 1, NULL, '2020-02-18 23:18:08'),
(419, 536, 'lg14001', 'lg14001@ues.edu.sv', '$2y$13$ie.0doR6uGmQ0vTExjVk9eOYiUIPh3fQw6sHEjShVHIwfr5IjVmeG', 1, NULL, '2020-02-18 23:18:08'),
(420, 537, 'mh10006', 'mh10006@ues.edu.sv', '$2y$13$ie.0doR6uGmQ0vTExjVk9eOYiUIPh3fQw6sHEjShVHIwfr5IjVmeG', 1, NULL, '2020-02-18 23:18:08'),
(421, 538, 'va11008', 'va11008@ues.edu.sv', '$2y$13$ie.0doR6uGmQ0vTExjVk9eOYiUIPh3fQw6sHEjShVHIwfr5IjVmeG', 1, NULL, '2020-02-18 23:18:08'),
(422, 539, 'bl06001', 'bl06001@ues.edu.sv', '$2y$13$ie.0doR6uGmQ0vTExjVk9eOYiUIPh3fQw6sHEjShVHIwfr5IjVmeG', 1, NULL, '2020-02-18 23:18:08'),
(423, 540, 'sr11038', 'sr11038@ues.edu.sv', '$2y$13$ie.0doR6uGmQ0vTExjVk9eOYiUIPh3fQw6sHEjShVHIwfr5IjVmeG', 1, NULL, '2020-02-18 23:18:08'),
(424, 541, 'gr09071', 'gr09071@ues.edu.sv', '$2y$13$ie.0doR6uGmQ0vTExjVk9eOYiUIPh3fQw6sHEjShVHIwfr5IjVmeG', 1, NULL, '2020-02-18 23:18:08'),
(425, 542, 'gg16062', 'gg16062@ues.edu.sv', '$2y$13$ie.0doR6uGmQ0vTExjVk9eOYiUIPh3fQw6sHEjShVHIwfr5IjVmeG', 1, NULL, '2020-02-18 23:18:08'),
(426, 543, 'rm12016', 'rm12016@ues.edu.sv', '$2y$13$ie.0doR6uGmQ0vTExjVk9eOYiUIPh3fQw6sHEjShVHIwfr5IjVmeG', 1, NULL, '2020-02-18 23:18:08'),
(427, 544, 'fe06001', 'fe06001@ues.edu.sv', '$2y$13$ie.0doR6uGmQ0vTExjVk9eOYiUIPh3fQw6sHEjShVHIwfr5IjVmeG', 1, NULL, '2020-02-18 23:18:08'),
(428, 545, 'll02018', 'll02018@ues.edu.sv', '$2y$13$ie.0doR6uGmQ0vTExjVk9eOYiUIPh3fQw6sHEjShVHIwfr5IjVmeG', 1, NULL, '2020-02-18 23:18:08'),
(429, 546, 'fb12001', 'fb12001@ues.edu.sv', '$2y$13$ie.0doR6uGmQ0vTExjVk9eOYiUIPh3fQw6sHEjShVHIwfr5IjVmeG', 1, NULL, '2020-02-18 23:18:08'),
(430, 547, 'mr07075', 'mr07075@ues.edu.sv', '$2y$13$ie.0doR6uGmQ0vTExjVk9eOYiUIPh3fQw6sHEjShVHIwfr5IjVmeG', 1, NULL, '2020-02-18 23:18:08'),
(431, 548, 'mm14089', 'mm14089@ues.edu.sv', '$2y$13$ie.0doR6uGmQ0vTExjVk9eOYiUIPh3fQw6sHEjShVHIwfr5IjVmeG', 1, NULL, '2020-02-18 23:18:08'),
(432, 549, 'fe11002', 'fe11002@ues.edu.sv', '$2y$13$ie.0doR6uGmQ0vTExjVk9eOYiUIPh3fQw6sHEjShVHIwfr5IjVmeG', 1, NULL, '2020-02-18 23:18:08'),
(433, 550, 'hg04012', 'hg04012@ues.edu.sv', '$2y$13$ie.0doR6uGmQ0vTExjVk9eOYiUIPh3fQw6sHEjShVHIwfr5IjVmeG', 1, NULL, '2020-02-18 23:18:08'),
(434, 551, 'mb14008', 'mb14008@ues.edu.sv', '$2y$13$ie.0doR6uGmQ0vTExjVk9eOYiUIPh3fQw6sHEjShVHIwfr5IjVmeG', 1, NULL, '2020-02-18 23:18:08'),
(435, 552, 'sm14033', 'sm14033@ues.edu.sv', '$2y$13$ie.0doR6uGmQ0vTExjVk9eOYiUIPh3fQw6sHEjShVHIwfr5IjVmeG', 1, NULL, '2020-02-18 23:18:08'),
(436, 553, 'ca15057', 'ca15057@ues.edu.sv', '$2y$13$ie.0doR6uGmQ0vTExjVk9eOYiUIPh3fQw6sHEjShVHIwfr5IjVmeG', 1, NULL, '2020-02-18 23:18:08'),
(437, 554, 'co13024', 'co13024@ues.edu.sv', '$2y$13$ie.0doR6uGmQ0vTExjVk9eOYiUIPh3fQw6sHEjShVHIwfr5IjVmeG', 1, NULL, '2020-02-18 23:18:08'),
(438, 555, 'mg04047', 'mg04047@ues.edu.sv', '$2y$13$ie.0doR6uGmQ0vTExjVk9eOYiUIPh3fQw6sHEjShVHIwfr5IjVmeG', 1, NULL, '2020-02-18 23:18:08'),
(439, 556, 'vd16006', 'vd16006@ues.edu.sv', '$2y$13$ie.0doR6uGmQ0vTExjVk9eOYiUIPh3fQw6sHEjShVHIwfr5IjVmeG', 1, NULL, '2020-02-18 23:18:08'),
(440, 557, 'ry16001', 'ry16001@ues.edu.sv', '$2y$13$ie.0doR6uGmQ0vTExjVk9eOYiUIPh3fQw6sHEjShVHIwfr5IjVmeG', 1, NULL, '2020-02-18 23:18:08'),
(441, 558, 'av12013', 'av12013@ues.edu.sv', '$2y$13$ie.0doR6uGmQ0vTExjVk9eOYiUIPh3fQw6sHEjShVHIwfr5IjVmeG', 1, NULL, '2020-02-18 23:18:08'),
(442, 559, 'rh16005', 'rh16005@ues.edu.sv', '$2y$13$ie.0doR6uGmQ0vTExjVk9eOYiUIPh3fQw6sHEjShVHIwfr5IjVmeG', 1, NULL, '2020-02-18 23:18:08'),
(443, 560, 'qc10001', 'qc10001@ues.edu.sv', '$2y$13$ie.0doR6uGmQ0vTExjVk9eOYiUIPh3fQw6sHEjShVHIwfr5IjVmeG', 1, NULL, '2020-02-18 23:18:08'),
(444, 561, 'vf10009', 'vf10009@ues.edu.sv', '$2y$13$ie.0doR6uGmQ0vTExjVk9eOYiUIPh3fQw6sHEjShVHIwfr5IjVmeG', 1, NULL, '2020-02-18 23:18:08'),
(445, 562, 'oe15002', 'oe15002@ues.edu.sv', '$2y$13$ie.0doR6uGmQ0vTExjVk9eOYiUIPh3fQw6sHEjShVHIwfr5IjVmeG', 1, NULL, '2020-02-18 23:18:08'),
(446, 563, 'rm14033', 'rm14033@ues.edu.sv', '$2y$13$ie.0doR6uGmQ0vTExjVk9eOYiUIPh3fQw6sHEjShVHIwfr5IjVmeG', 1, NULL, '2020-02-18 23:18:08'),
(447, 564, 'fl12005', 'fl12005@ues.edu.sv', '$2y$13$ie.0doR6uGmQ0vTExjVk9eOYiUIPh3fQw6sHEjShVHIwfr5IjVmeG', 1, NULL, '2020-02-18 23:18:08'),
(448, 565, 'qf13001', 'qf13001@ues.edu.sv', '$2y$13$ie.0doR6uGmQ0vTExjVk9eOYiUIPh3fQw6sHEjShVHIwfr5IjVmeG', 1, NULL, '2020-02-18 23:18:08'),
(449, 566, 'vr14008', 'vr14008@ues.edu.sv', '$2y$13$ie.0doR6uGmQ0vTExjVk9eOYiUIPh3fQw6sHEjShVHIwfr5IjVmeG', 1, NULL, '2020-02-18 23:18:08'),
(450, 567, 'pc09069', 'pc09069@ues.edu.sv', '$2y$13$ie.0doR6uGmQ0vTExjVk9eOYiUIPh3fQw6sHEjShVHIwfr5IjVmeG', 1, NULL, '2020-02-18 23:18:08'),
(451, 568, 'am10014', 'am10014@ues.edu.sv', '$2y$13$ie.0doR6uGmQ0vTExjVk9eOYiUIPh3fQw6sHEjShVHIwfr5IjVmeG', 1, NULL, '2020-02-18 23:18:08'),
(452, 569, 'ca03060', 'ca03060@ues.edu.sv', '$2y$13$ie.0doR6uGmQ0vTExjVk9eOYiUIPh3fQw6sHEjShVHIwfr5IjVmeG', 1, NULL, '2020-02-18 23:18:08'),
(453, 570, 'lg09020', 'lg09020@ues.edu.sv', '$2y$13$ie.0doR6uGmQ0vTExjVk9eOYiUIPh3fQw6sHEjShVHIwfr5IjVmeG', 1, NULL, '2020-02-18 23:18:08'),
(454, 571, 'cm12036', 'cm12036@ues.edu.sv', '$2y$13$ie.0doR6uGmQ0vTExjVk9eOYiUIPh3fQw6sHEjShVHIwfr5IjVmeG', 1, NULL, '2020-02-18 23:18:08'),
(455, 572, 'hc11013', 'hc11013@ues.edu.sv', '$2y$13$ie.0doR6uGmQ0vTExjVk9eOYiUIPh3fQw6sHEjShVHIwfr5IjVmeG', 1, NULL, '2020-02-18 23:18:08'),
(456, 573, 'hf08001', 'hf08001@ues.edu.sv', '$2y$13$ie.0doR6uGmQ0vTExjVk9eOYiUIPh3fQw6sHEjShVHIwfr5IjVmeG', 1, NULL, '2020-02-18 23:18:08'),
(457, 574, 'va13014', 'va13014@ues.edu.sv', '$2y$13$ie.0doR6uGmQ0vTExjVk9eOYiUIPh3fQw6sHEjShVHIwfr5IjVmeG', 1, NULL, '2020-02-18 23:18:08'),
(458, 575, 'pm10037', 'pm10037@ues.edu.sv', '$2y$13$ie.0doR6uGmQ0vTExjVk9eOYiUIPh3fQw6sHEjShVHIwfr5IjVmeG', 1, NULL, '2020-02-18 23:18:08'),
(459, 576, 'ah12014', 'ah12014@ues.edu.sv', '$2y$13$ie.0doR6uGmQ0vTExjVk9eOYiUIPh3fQw6sHEjShVHIwfr5IjVmeG', 1, NULL, '2020-02-18 23:18:08'),
(460, 577, 'rm16068', 'rm16068@ues.edu.sv', '$2y$13$ie.0doR6uGmQ0vTExjVk9eOYiUIPh3fQw6sHEjShVHIwfr5IjVmeG', 1, NULL, '2020-02-18 23:18:08'),
(461, 578, 'hp16014', 'hp16014@ues.edu.sv', '$2y$13$ie.0doR6uGmQ0vTExjVk9eOYiUIPh3fQw6sHEjShVHIwfr5IjVmeG', 1, NULL, '2020-02-18 23:18:08'),
(462, 579, 'qp15009', 'qp15009@ues.edu.sv', '$2y$13$ie.0doR6uGmQ0vTExjVk9eOYiUIPh3fQw6sHEjShVHIwfr5IjVmeG', 1, NULL, '2020-02-18 23:18:08'),
(463, 580, 'og11024', 'og11024@ues.edu.sv', '$2y$13$ie.0doR6uGmQ0vTExjVk9eOYiUIPh3fQw6sHEjShVHIwfr5IjVmeG', 1, NULL, '2020-02-18 23:18:08'),
(464, 581, 'mr13023', 'mr13023@ues.edu.sv', '$2y$13$ie.0doR6uGmQ0vTExjVk9eOYiUIPh3fQw6sHEjShVHIwfr5IjVmeG', 1, NULL, '2020-02-18 23:18:08'),
(465, 582, 'ms11053', 'ms11053@ues.edu.sv', '$2y$13$ie.0doR6uGmQ0vTExjVk9eOYiUIPh3fQw6sHEjShVHIwfr5IjVmeG', 1, NULL, '2020-02-18 23:18:08'),
(466, 583, 'rv15036', 'rv15036@ues.edu.sv', '$2y$13$ie.0doR6uGmQ0vTExjVk9eOYiUIPh3fQw6sHEjShVHIwfr5IjVmeG', 1, NULL, '2020-02-18 23:18:08'),
(467, 584, 'mc13040', 'mc13040@ues.edu.sv', '$2y$13$ie.0doR6uGmQ0vTExjVk9eOYiUIPh3fQw6sHEjShVHIwfr5IjVmeG', 1, NULL, '2020-02-18 23:18:08'),
(468, 585, 'gs08039', 'gs08039@ues.edu.sv', '$2y$13$ie.0doR6uGmQ0vTExjVk9eOYiUIPh3fQw6sHEjShVHIwfr5IjVmeG', 1, NULL, '2020-02-18 23:18:08'),
(469, 586, 'lg06027', 'lg06027@ues.edu.sv', '$2y$13$ie.0doR6uGmQ0vTExjVk9eOYiUIPh3fQw6sHEjShVHIwfr5IjVmeG', 1, NULL, '2020-02-18 23:18:08'),
(470, 587, 'mp16001', 'mp16001@ues.edu.sv', '$2y$13$ie.0doR6uGmQ0vTExjVk9eOYiUIPh3fQw6sHEjShVHIwfr5IjVmeG', 1, NULL, '2020-02-18 23:18:08'),
(471, 588, 'gl11032', 'gl11032@ues.edu.sv', '$2y$13$ie.0doR6uGmQ0vTExjVk9eOYiUIPh3fQw6sHEjShVHIwfr5IjVmeG', 1, NULL, '2020-02-18 23:18:08'),
(472, 589, 'vm11057', 'vm11057@ues.edu.sv', '$2y$13$ie.0doR6uGmQ0vTExjVk9eOYiUIPh3fQw6sHEjShVHIwfr5IjVmeG', 1, NULL, '2020-02-18 23:18:08'),
(473, 590, 'mm14031', 'mm14031@ues.edu.sv', '$2y$13$ie.0doR6uGmQ0vTExjVk9eOYiUIPh3fQw6sHEjShVHIwfr5IjVmeG', 1, NULL, '2020-02-18 23:18:08'),
(474, 591, 'mc11057', 'mc11057@ues.edu.sv', '$2y$13$ie.0doR6uGmQ0vTExjVk9eOYiUIPh3fQw6sHEjShVHIwfr5IjVmeG', 1, NULL, '2020-02-18 23:18:08'),
(475, 592, 'am11015', 'am11015@ues.edu.sv', '$2y$13$ie.0doR6uGmQ0vTExjVk9eOYiUIPh3fQw6sHEjShVHIwfr5IjVmeG', 1, NULL, '2020-02-18 23:18:08'),
(476, 593, 'pm09047', 'pm09047@ues.edu.sv', '$2y$13$ie.0doR6uGmQ0vTExjVk9eOYiUIPh3fQw6sHEjShVHIwfr5IjVmeG', 1, NULL, '2020-02-18 23:18:08'),
(477, 594, 'gs12001', 'gs12001@ues.edu.sv', '$2y$13$ie.0doR6uGmQ0vTExjVk9eOYiUIPh3fQw6sHEjShVHIwfr5IjVmeG', 1, NULL, '2020-02-18 23:18:08'),
(478, 595, 'mg13016', 'mg13016@ues.edu.sv', '$2y$13$ie.0doR6uGmQ0vTExjVk9eOYiUIPh3fQw6sHEjShVHIwfr5IjVmeG', 1, NULL, '2020-02-18 23:18:08'),
(479, 596, 'zr10002', 'zr10002@ues.edu.sv', '$2y$13$ie.0doR6uGmQ0vTExjVk9eOYiUIPh3fQw6sHEjShVHIwfr5IjVmeG', 1, NULL, '2020-02-18 23:18:08'),
(480, 597, 'cr04034', 'cr04034@ues.edu.sv', '$2y$13$ie.0doR6uGmQ0vTExjVk9eOYiUIPh3fQw6sHEjShVHIwfr5IjVmeG', 1, NULL, '2020-02-18 23:18:08'),
(481, 598, 'pm15007', 'pm15007@ues.edu.sv', '$2y$13$ie.0doR6uGmQ0vTExjVk9eOYiUIPh3fQw6sHEjShVHIwfr5IjVmeG', 1, NULL, '2020-02-18 23:18:08'),
(482, 599, 'sa15003', 'sa15003@ues.edu.sv', '$2y$13$ie.0doR6uGmQ0vTExjVk9eOYiUIPh3fQw6sHEjShVHIwfr5IjVmeG', 1, NULL, '2020-02-18 23:18:08'),
(483, 600, 'mm16045', 'mm16045@ues.edu.sv', '$2y$13$ie.0doR6uGmQ0vTExjVk9eOYiUIPh3fQw6sHEjShVHIwfr5IjVmeG', 1, NULL, '2020-02-18 23:18:08'),
(484, 601, 'cc10017', 'cc10017@ues.edu.sv', '$2y$13$ie.0doR6uGmQ0vTExjVk9eOYiUIPh3fQw6sHEjShVHIwfr5IjVmeG', 1, NULL, '2020-02-18 23:18:08'),
(485, 602, 'cb95015', 'cb95015@ues.edu.sv', '$2y$13$ie.0doR6uGmQ0vTExjVk9eOYiUIPh3fQw6sHEjShVHIwfr5IjVmeG', 1, NULL, '2020-02-18 23:18:08'),
(486, 603, 'mm14022', 'mm14022@ues.edu.sv', '$2y$13$ie.0doR6uGmQ0vTExjVk9eOYiUIPh3fQw6sHEjShVHIwfr5IjVmeG', 1, NULL, '2020-02-18 23:18:08'),
(487, 604, 'bc14026', 'bc14026@ues.edu.sv', '$2y$13$ie.0doR6uGmQ0vTExjVk9eOYiUIPh3fQw6sHEjShVHIwfr5IjVmeG', 1, NULL, '2020-02-18 23:18:08'),
(488, 605, 'pc16020', 'pc16020@ues.edu.sv', '$2y$13$ie.0doR6uGmQ0vTExjVk9eOYiUIPh3fQw6sHEjShVHIwfr5IjVmeG', 1, NULL, '2020-02-18 23:18:08'),
(489, 606, 'mh09016', 'mh09016@ues.edu.sv', '$2y$13$ie.0doR6uGmQ0vTExjVk9eOYiUIPh3fQw6sHEjShVHIwfr5IjVmeG', 1, NULL, '2020-02-18 23:18:08'),
(490, 607, 'ca02004', 'ca02004@ues.edu.sv', '$2y$13$ie.0doR6uGmQ0vTExjVk9eOYiUIPh3fQw6sHEjShVHIwfr5IjVmeG', 1, NULL, '2020-02-18 23:18:08'),
(491, 608, 'oo10004', 'oo10004@ues.edu.sv', '$2y$13$ie.0doR6uGmQ0vTExjVk9eOYiUIPh3fQw6sHEjShVHIwfr5IjVmeG', 1, NULL, '2020-02-18 23:18:08'),
(492, 609, 'hm14039', 'hm14039@ues.edu.sv', '$2y$13$ie.0doR6uGmQ0vTExjVk9eOYiUIPh3fQw6sHEjShVHIwfr5IjVmeG', 1, NULL, '2020-02-18 23:18:08'),
(493, 610, 'pl15002', 'pl15002@ues.edu.sv', '$2y$13$ie.0doR6uGmQ0vTExjVk9eOYiUIPh3fQw6sHEjShVHIwfr5IjVmeG', 1, NULL, '2020-02-18 23:18:08'),
(494, 611, 'tm15009', 'tm15009@ues.edu.sv', '$2y$13$ie.0doR6uGmQ0vTExjVk9eOYiUIPh3fQw6sHEjShVHIwfr5IjVmeG', 1, NULL, '2020-02-18 23:18:08'),
(495, 612, 'rh15028', 'rh15028@ues.edu.sv', '$2y$13$ie.0doR6uGmQ0vTExjVk9eOYiUIPh3fQw6sHEjShVHIwfr5IjVmeG', 1, NULL, '2020-02-18 23:18:08'),
(496, 613, 'lv11002', 'lv11002@ues.edu.sv', '$2y$13$ie.0doR6uGmQ0vTExjVk9eOYiUIPh3fQw6sHEjShVHIwfr5IjVmeG', 1, NULL, '2020-02-18 23:18:08'),
(497, 614, 'mu13002', 'mu13002@ues.edu.sv', '$2y$13$ie.0doR6uGmQ0vTExjVk9eOYiUIPh3fQw6sHEjShVHIwfr5IjVmeG', 1, NULL, '2020-02-18 23:18:08'),
(498, 615, 'rs07003', 'rs07003@ues.edu.sv', '$2y$13$ie.0doR6uGmQ0vTExjVk9eOYiUIPh3fQw6sHEjShVHIwfr5IjVmeG', 1, NULL, '2020-02-18 23:18:08'),
(499, 616, 'cv11051', 'cv11051@ues.edu.sv', '$2y$13$ie.0doR6uGmQ0vTExjVk9eOYiUIPh3fQw6sHEjShVHIwfr5IjVmeG', 1, NULL, '2020-02-18 23:18:08'),
(500, 617, 'mh15012', 'mh15012@ues.edu.sv', '$2y$13$ie.0doR6uGmQ0vTExjVk9eOYiUIPh3fQw6sHEjShVHIwfr5IjVmeG', 1, NULL, '2020-02-18 23:18:08'),
(501, 618, 'mo16003', 'mo16003@ues.edu.sv', '$2y$13$ie.0doR6uGmQ0vTExjVk9eOYiUIPh3fQw6sHEjShVHIwfr5IjVmeG', 1, NULL, '2020-02-18 23:18:08'),
(502, 619, 'zn07001', 'zn07001@ues.edu.sv', '$2y$13$ie.0doR6uGmQ0vTExjVk9eOYiUIPh3fQw6sHEjShVHIwfr5IjVmeG', 1, NULL, '2020-02-18 23:18:08'),
(503, 620, 'dp16002', 'dp16002@ues.edu.sv', '$2y$13$ie.0doR6uGmQ0vTExjVk9eOYiUIPh3fQw6sHEjShVHIwfr5IjVmeG', 1, NULL, '2020-02-18 23:18:08'),
(504, 621, 'br15007', 'br15007@ues.edu.sv', '$2y$13$ie.0doR6uGmQ0vTExjVk9eOYiUIPh3fQw6sHEjShVHIwfr5IjVmeG', 1, NULL, '2020-02-18 23:18:08'),
(505, 622, 'bt16001', 'bt16001@ues.edu.sv', '$2y$13$ie.0doR6uGmQ0vTExjVk9eOYiUIPh3fQw6sHEjShVHIwfr5IjVmeG', 1, NULL, '2020-02-18 23:18:08'),
(506, 623, 'zz06008', 'zz06008@ues.edu.sv', '$2y$13$ie.0doR6uGmQ0vTExjVk9eOYiUIPh3fQw6sHEjShVHIwfr5IjVmeG', 1, NULL, '2020-02-18 23:18:08'),
(507, 624, 'sh14020', 'sh14020@ues.edu.sv', '$2y$13$ie.0doR6uGmQ0vTExjVk9eOYiUIPh3fQw6sHEjShVHIwfr5IjVmeG', 1, NULL, '2020-02-18 23:18:08'),
(508, 625, 'rp11069', 'rp11069@ues.edu.sv', '$2y$13$ie.0doR6uGmQ0vTExjVk9eOYiUIPh3fQw6sHEjShVHIwfr5IjVmeG', 1, NULL, '2020-02-18 23:18:08'),
(509, 626, 'rd12006', 'rd12006@ues.edu.sv', '$2y$13$ie.0doR6uGmQ0vTExjVk9eOYiUIPh3fQw6sHEjShVHIwfr5IjVmeG', 1, NULL, '2020-02-18 23:18:08'),
(510, 627, 'fm06030', 'fm06030@ues.edu.sv', '$2y$13$ie.0doR6uGmQ0vTExjVk9eOYiUIPh3fQw6sHEjShVHIwfr5IjVmeG', 1, NULL, '2020-02-18 23:18:08'),
(511, 628, 'em11026', 'em11026@ues.edu.sv', '$2y$13$ie.0doR6uGmQ0vTExjVk9eOYiUIPh3fQw6sHEjShVHIwfr5IjVmeG', 1, NULL, '2020-02-18 23:18:08'),
(512, 629, 'qc09008', 'qc09008@ues.edu.sv', '$2y$13$ie.0doR6uGmQ0vTExjVk9eOYiUIPh3fQw6sHEjShVHIwfr5IjVmeG', 1, NULL, '2020-02-18 23:18:08'),
(513, 630, 'gz06001', 'gz06001@ues.edu.sv', '$2y$13$ie.0doR6uGmQ0vTExjVk9eOYiUIPh3fQw6sHEjShVHIwfr5IjVmeG', 1, NULL, '2020-02-18 23:18:08'),
(514, 631, 'vh14004', 'vh14004@ues.edu.sv', '$2y$13$ie.0doR6uGmQ0vTExjVk9eOYiUIPh3fQw6sHEjShVHIwfr5IjVmeG', 1, NULL, '2020-02-18 23:18:08'),
(515, 632, 'bp15001', 'bp15001@ues.edu.sv', '$2y$13$ie.0doR6uGmQ0vTExjVk9eOYiUIPh3fQw6sHEjShVHIwfr5IjVmeG', 1, NULL, '2020-02-18 23:18:08'),
(516, 633, 'nh16001', 'nh16001@ues.edu.sv', '$2y$13$ie.0doR6uGmQ0vTExjVk9eOYiUIPh3fQw6sHEjShVHIwfr5IjVmeG', 1, NULL, '2020-02-18 23:18:08'),
(517, 634, 'rm11125', 'rm11125@ues.edu.sv', '$2y$13$ie.0doR6uGmQ0vTExjVk9eOYiUIPh3fQw6sHEjShVHIwfr5IjVmeG', 1, NULL, '2020-02-18 23:18:08'),
(518, 635, 'dr15013', 'dr15013@ues.edu.sv', '$2y$13$ie.0doR6uGmQ0vTExjVk9eOYiUIPh3fQw6sHEjShVHIwfr5IjVmeG', 1, NULL, '2020-02-18 23:18:08'),
(519, 636, 'ss11034', 'ss11034@ues.edu.sv', '$2y$13$ie.0doR6uGmQ0vTExjVk9eOYiUIPh3fQw6sHEjShVHIwfr5IjVmeG', 1, NULL, '2020-02-18 23:18:08'),
(520, 637, 'lu10001', 'lu10001@ues.edu.sv', '$2y$13$ie.0doR6uGmQ0vTExjVk9eOYiUIPh3fQw6sHEjShVHIwfr5IjVmeG', 1, NULL, '2020-02-18 23:18:08'),
(521, 638, 'rs16036', 'rs16036@ues.edu.sv', '$2y$13$ie.0doR6uGmQ0vTExjVk9eOYiUIPh3fQw6sHEjShVHIwfr5IjVmeG', 1, NULL, '2020-02-18 23:18:08'),
(522, 639, 'lm11004', 'lm11004@ues.edu.sv', '$2y$13$ie.0doR6uGmQ0vTExjVk9eOYiUIPh3fQw6sHEjShVHIwfr5IjVmeG', 1, NULL, '2020-02-18 23:18:08'),
(523, 640, 'cs11004', 'cs11004@ues.edu.sv', '$2y$13$ie.0doR6uGmQ0vTExjVk9eOYiUIPh3fQw6sHEjShVHIwfr5IjVmeG', 1, NULL, '2020-02-18 23:18:08'),
(524, 641, 'ra16004', 'ra16004@ues.edu.sv', '$2y$13$ie.0doR6uGmQ0vTExjVk9eOYiUIPh3fQw6sHEjShVHIwfr5IjVmeG', 1, NULL, '2020-02-18 23:18:08'),
(525, 642, 'pr12005', 'pr12005@ues.edu.sv', '$2y$13$ie.0doR6uGmQ0vTExjVk9eOYiUIPh3fQw6sHEjShVHIwfr5IjVmeG', 1, NULL, '2020-02-18 23:18:08'),
(526, 643, 'rb14034', 'rb14034@ues.edu.sv', '$2y$13$ie.0doR6uGmQ0vTExjVk9eOYiUIPh3fQw6sHEjShVHIwfr5IjVmeG', 1, NULL, '2020-02-18 23:18:08'),
(527, 644, 'na15004', 'na15004@ues.edu.sv', '$2y$13$ie.0doR6uGmQ0vTExjVk9eOYiUIPh3fQw6sHEjShVHIwfr5IjVmeG', 1, NULL, '2020-02-18 23:18:08'),
(528, 645, 'pm12003', 'pm12003@ues.edu.sv', '$2y$13$ie.0doR6uGmQ0vTExjVk9eOYiUIPh3fQw6sHEjShVHIwfr5IjVmeG', 1, NULL, '2020-02-18 23:18:08'),
(529, 646, 'fc11023', 'fc11023@ues.edu.sv', '$2y$13$ie.0doR6uGmQ0vTExjVk9eOYiUIPh3fQw6sHEjShVHIwfr5IjVmeG', 1, NULL, '2020-02-18 23:18:08'),
(530, 647, 'ar16033', 'ar16033@ues.edu.sv', '$2y$13$ie.0doR6uGmQ0vTExjVk9eOYiUIPh3fQw6sHEjShVHIwfr5IjVmeG', 1, NULL, '2020-02-18 23:18:08'),
(531, 648, 'bm11039', 'bm11039@ues.edu.sv', '$2y$13$ie.0doR6uGmQ0vTExjVk9eOYiUIPh3fQw6sHEjShVHIwfr5IjVmeG', 1, NULL, '2020-02-18 23:18:08'),
(532, 649, 'ma09040', 'ma09040@ues.edu.sv', '$2y$13$ie.0doR6uGmQ0vTExjVk9eOYiUIPh3fQw6sHEjShVHIwfr5IjVmeG', 1, NULL, '2020-02-18 23:18:08'),
(533, 650, 'mm14001', 'mm14001@ues.edu.sv', '$2y$13$ie.0doR6uGmQ0vTExjVk9eOYiUIPh3fQw6sHEjShVHIwfr5IjVmeG', 1, NULL, '2020-02-18 23:18:08'),
(534, 651, 'cm14066', 'cm14066@ues.edu.sv', '$2y$13$ie.0doR6uGmQ0vTExjVk9eOYiUIPh3fQw6sHEjShVHIwfr5IjVmeG', 1, NULL, '2020-02-18 23:18:08'),
(535, 652, 'md12007', 'md12007@ues.edu.sv', '$2y$13$ie.0doR6uGmQ0vTExjVk9eOYiUIPh3fQw6sHEjShVHIwfr5IjVmeG', 1, NULL, '2020-02-18 23:18:08'),
(536, 653, 'pm11071', 'pm11071@ues.edu.sv', '$2y$13$ie.0doR6uGmQ0vTExjVk9eOYiUIPh3fQw6sHEjShVHIwfr5IjVmeG', 1, NULL, '2020-02-18 23:18:08'),
(537, 654, 'nb11001', 'nb11001@ues.edu.sv', '$2y$13$ie.0doR6uGmQ0vTExjVk9eOYiUIPh3fQw6sHEjShVHIwfr5IjVmeG', 1, NULL, '2020-02-18 23:18:08'),
(538, 655, 'pm10013', 'pm10013@ues.edu.sv', '$2y$13$ie.0doR6uGmQ0vTExjVk9eOYiUIPh3fQw6sHEjShVHIwfr5IjVmeG', 1, NULL, '2020-02-18 23:18:08'),
(539, 656, 'tc10006', 'tc10006@ues.edu.sv', '$2y$13$ie.0doR6uGmQ0vTExjVk9eOYiUIPh3fQw6sHEjShVHIwfr5IjVmeG', 1, NULL, '2020-02-18 23:18:08'),
(540, 657, 'rs15034', 'rs15034@ues.edu.sv', '$2y$13$ie.0doR6uGmQ0vTExjVk9eOYiUIPh3fQw6sHEjShVHIwfr5IjVmeG', 1, NULL, '2020-02-18 23:18:08'),
(541, 658, 'pv16008', 'pv16008@ues.edu.sv', '$2y$13$ie.0doR6uGmQ0vTExjVk9eOYiUIPh3fQw6sHEjShVHIwfr5IjVmeG', 1, NULL, '2020-02-18 23:18:08'),
(542, 659, 'ff11020', 'ff11020@ues.edu.sv', '$2y$13$ie.0doR6uGmQ0vTExjVk9eOYiUIPh3fQw6sHEjShVHIwfr5IjVmeG', 1, NULL, '2020-02-18 23:18:08'),
(543, 660, 'cm10024', 'cm10024@ues.edu.sv', '$2y$13$ie.0doR6uGmQ0vTExjVk9eOYiUIPh3fQw6sHEjShVHIwfr5IjVmeG', 1, NULL, '2020-02-18 23:18:08'),
(544, 661, 'dv14002', 'dv14002@ues.edu.sv', '$2y$13$ie.0doR6uGmQ0vTExjVk9eOYiUIPh3fQw6sHEjShVHIwfr5IjVmeG', 1, NULL, '2020-02-18 23:18:08'),
(545, 662, 'hh05045', 'hh05045@ues.edu.sv', '$2y$13$ie.0doR6uGmQ0vTExjVk9eOYiUIPh3fQw6sHEjShVHIwfr5IjVmeG', 1, NULL, '2020-02-18 23:18:08'),
(546, 663, 'pm14008', 'pm14008@ues.edu.sv', '$2y$13$ie.0doR6uGmQ0vTExjVk9eOYiUIPh3fQw6sHEjShVHIwfr5IjVmeG', 1, NULL, '2020-02-18 23:18:08'),
(547, 664, 'gs16007', 'gs16007@ues.edu.sv', '$2y$13$ie.0doR6uGmQ0vTExjVk9eOYiUIPh3fQw6sHEjShVHIwfr5IjVmeG', 1, NULL, '2020-02-18 23:18:08'),
(548, 665, 'vr15004', 'vr15004@ues.edu.sv', '$2y$13$ie.0doR6uGmQ0vTExjVk9eOYiUIPh3fQw6sHEjShVHIwfr5IjVmeG', 1, NULL, '2020-02-18 23:18:08'),
(549, 666, 'aa14010', 'aa14010@ues.edu.sv', '$2y$13$ie.0doR6uGmQ0vTExjVk9eOYiUIPh3fQw6sHEjShVHIwfr5IjVmeG', 1, NULL, '2020-02-18 23:18:08'),
(550, 667, 'so06001', 'so06001@ues.edu.sv', '$2y$13$ie.0doR6uGmQ0vTExjVk9eOYiUIPh3fQw6sHEjShVHIwfr5IjVmeG', 1, NULL, '2020-02-18 23:18:08'),
(551, 668, 'rl16016', 'rl16016@ues.edu.sv', '$2y$13$ie.0doR6uGmQ0vTExjVk9eOYiUIPh3fQw6sHEjShVHIwfr5IjVmeG', 1, NULL, '2020-02-18 23:18:08'),
(552, 669, 'ap16007', 'ap16007@ues.edu.sv', '$2y$13$ie.0doR6uGmQ0vTExjVk9eOYiUIPh3fQw6sHEjShVHIwfr5IjVmeG', 1, NULL, '2020-02-18 23:18:08'),
(553, 670, 'ua16002', 'ua16002@ues.edu.sv', '$2y$13$ie.0doR6uGmQ0vTExjVk9eOYiUIPh3fQw6sHEjShVHIwfr5IjVmeG', 1, NULL, '2020-02-18 23:18:08'),
(554, 671, 'bg08032', 'bg08032@ues.edu.sv', '$2y$13$ie.0doR6uGmQ0vTExjVk9eOYiUIPh3fQw6sHEjShVHIwfr5IjVmeG', 1, NULL, '2020-02-18 23:18:08'),
(555, 672, 'po13001', 'po13001@ues.edu.sv', '$2y$13$ie.0doR6uGmQ0vTExjVk9eOYiUIPh3fQw6sHEjShVHIwfr5IjVmeG', 1, NULL, '2020-02-18 23:18:08'),
(556, 673, 'dm15019', 'dm15019@ues.edu.sv', '$2y$13$ie.0doR6uGmQ0vTExjVk9eOYiUIPh3fQw6sHEjShVHIwfr5IjVmeG', 1, NULL, '2020-02-18 23:18:08'),
(557, 674, 'gr07086', 'gr07086@ues.edu.sv', '$2y$13$ie.0doR6uGmQ0vTExjVk9eOYiUIPh3fQw6sHEjShVHIwfr5IjVmeG', 1, NULL, '2020-02-18 23:18:08'),
(558, 675, 'gr11061', 'gr11061@ues.edu.sv', '$2y$13$ie.0doR6uGmQ0vTExjVk9eOYiUIPh3fQw6sHEjShVHIwfr5IjVmeG', 1, NULL, '2020-02-18 23:18:08'),
(559, 676, 'ar11002', 'ar11002@ues.edu.sv', '$2y$13$ie.0doR6uGmQ0vTExjVk9eOYiUIPh3fQw6sHEjShVHIwfr5IjVmeG', 1, NULL, '2020-02-18 23:18:08'),
(560, 677, 'gh12040', 'gh12040@ues.edu.sv', '$2y$13$ie.0doR6uGmQ0vTExjVk9eOYiUIPh3fQw6sHEjShVHIwfr5IjVmeG', 1, NULL, '2020-02-18 23:18:08'),
(561, 678, 'vm02009', 'vm02009@ues.edu.sv', '$2y$13$ie.0doR6uGmQ0vTExjVk9eOYiUIPh3fQw6sHEjShVHIwfr5IjVmeG', 1, NULL, '2020-02-18 23:18:08'),
(562, 679, 'fd12003', 'fd12003@ues.edu.sv', '$2y$13$ie.0doR6uGmQ0vTExjVk9eOYiUIPh3fQw6sHEjShVHIwfr5IjVmeG', 1, NULL, '2020-02-18 23:18:08'),
(563, 680, 'gj13003', 'gj13003@ues.edu.sv', '$2y$13$ie.0doR6uGmQ0vTExjVk9eOYiUIPh3fQw6sHEjShVHIwfr5IjVmeG', 1, NULL, '2020-02-18 23:18:08'),
(564, 681, 'rg08021', 'rg08021@ues.edu.sv', '$2y$13$ie.0doR6uGmQ0vTExjVk9eOYiUIPh3fQw6sHEjShVHIwfr5IjVmeG', 1, NULL, '2020-02-18 23:18:08'),
(565, 682, 'zd12001', 'zd12001@ues.edu.sv', '$2y$13$ie.0doR6uGmQ0vTExjVk9eOYiUIPh3fQw6sHEjShVHIwfr5IjVmeG', 1, NULL, '2020-02-18 23:18:08'),
(566, 683, 'bb11004', 'bb11004@ues.edu.sv', '$2y$13$ie.0doR6uGmQ0vTExjVk9eOYiUIPh3fQw6sHEjShVHIwfr5IjVmeG', 1, NULL, '2020-02-18 23:18:08'),
(567, 684, 'mc15005', 'mc15005@ues.edu.sv', '$2y$13$ie.0doR6uGmQ0vTExjVk9eOYiUIPh3fQw6sHEjShVHIwfr5IjVmeG', 1, NULL, '2020-02-18 23:18:08'),
(568, 685, 'jc15003', 'jc15003@ues.edu.sv', '$2y$13$ie.0doR6uGmQ0vTExjVk9eOYiUIPh3fQw6sHEjShVHIwfr5IjVmeG', 1, NULL, '2020-02-18 23:18:08'),
(569, 686, 'cp16044', 'cp16044@ues.edu.sv', '$2y$13$ie.0doR6uGmQ0vTExjVk9eOYiUIPh3fQw6sHEjShVHIwfr5IjVmeG', 1, NULL, '2020-02-18 23:18:08'),
(570, 687, 'mm12212', 'mm12212@ues.edu.sv', '$2y$13$ie.0doR6uGmQ0vTExjVk9eOYiUIPh3fQw6sHEjShVHIwfr5IjVmeG', 1, NULL, '2020-02-18 23:18:08'),
(571, 688, 'vo05021', 'vo05021@ues.edu.sv', '$2y$13$ie.0doR6uGmQ0vTExjVk9eOYiUIPh3fQw6sHEjShVHIwfr5IjVmeG', 1, NULL, '2020-02-18 23:18:08'),
(572, 689, 'rm16049', 'rm16049@ues.edu.sv', '$2y$13$ie.0doR6uGmQ0vTExjVk9eOYiUIPh3fQw6sHEjShVHIwfr5IjVmeG', 1, NULL, '2020-02-18 23:18:08'),
(573, 690, 'mf10006', 'mf10006@ues.edu.sv', '$2y$13$ie.0doR6uGmQ0vTExjVk9eOYiUIPh3fQw6sHEjShVHIwfr5IjVmeG', 1, NULL, '2020-02-18 23:18:08'),
(574, 691, 'pg15006', 'pg15006@ues.edu.sv', '$2y$13$ie.0doR6uGmQ0vTExjVk9eOYiUIPh3fQw6sHEjShVHIwfr5IjVmeG', 1, NULL, '2020-02-18 23:18:08'),
(575, 692, 'vl15016', 'vl15016@ues.edu.sv', '$2y$13$ie.0doR6uGmQ0vTExjVk9eOYiUIPh3fQw6sHEjShVHIwfr5IjVmeG', 1, NULL, '2020-02-18 23:18:08'),
(576, 693, 'ag14053', 'ag14053@ues.edu.sv', '$2y$13$ie.0doR6uGmQ0vTExjVk9eOYiUIPh3fQw6sHEjShVHIwfr5IjVmeG', 1, NULL, '2020-02-18 23:18:08'),
(577, 694, 'ah13059', 'ah13059@ues.edu.sv', '$2y$13$ie.0doR6uGmQ0vTExjVk9eOYiUIPh3fQw6sHEjShVHIwfr5IjVmeG', 1, NULL, '2020-02-18 23:18:08'),
(578, 695, 'lv16003', 'lv16003@ues.edu.sv', '$2y$13$ie.0doR6uGmQ0vTExjVk9eOYiUIPh3fQw6sHEjShVHIwfr5IjVmeG', 1, NULL, '2020-02-18 23:18:08'),
(579, 696, 'la03009', 'la03009@ues.edu.sv', '$2y$13$ie.0doR6uGmQ0vTExjVk9eOYiUIPh3fQw6sHEjShVHIwfr5IjVmeG', 1, NULL, '2020-02-18 23:18:08'),
(580, 697, 'ov14010', 'ov14010@ues.edu.sv', '$2y$13$ie.0doR6uGmQ0vTExjVk9eOYiUIPh3fQw6sHEjShVHIwfr5IjVmeG', 1, NULL, '2020-02-18 23:18:08'),
(581, 698, 'rr13020', 'rr13020@ues.edu.sv', '$2y$13$ie.0doR6uGmQ0vTExjVk9eOYiUIPh3fQw6sHEjShVHIwfr5IjVmeG', 1, NULL, '2020-02-18 23:18:08'),
(582, 699, 'mv16008', 'mv16008@ues.edu.sv', '$2y$13$ie.0doR6uGmQ0vTExjVk9eOYiUIPh3fQw6sHEjShVHIwfr5IjVmeG', 1, NULL, '2020-02-18 23:18:08'),
(583, 700, 'sm16041', 'sm16041@ues.edu.sv', '$2y$13$ie.0doR6uGmQ0vTExjVk9eOYiUIPh3fQw6sHEjShVHIwfr5IjVmeG', 1, NULL, '2020-02-18 23:18:08'),
(584, 701, 'dd07001', 'dd07001@ues.edu.sv', '$2y$13$ie.0doR6uGmQ0vTExjVk9eOYiUIPh3fQw6sHEjShVHIwfr5IjVmeG', 1, NULL, '2020-02-18 23:18:08'),
(585, 702, 'gt13017', 'gt13017@ues.edu.sv', '$2y$13$ie.0doR6uGmQ0vTExjVk9eOYiUIPh3fQw6sHEjShVHIwfr5IjVmeG', 1, NULL, '2020-02-18 23:18:08'),
(586, 703, 'om14004', 'om14004@ues.edu.sv', '$2y$13$ie.0doR6uGmQ0vTExjVk9eOYiUIPh3fQw6sHEjShVHIwfr5IjVmeG', 1, NULL, '2020-02-18 23:18:08'),
(587, 704, 'gr14079', 'gr14079@ues.edu.sv', '$2y$13$ie.0doR6uGmQ0vTExjVk9eOYiUIPh3fQw6sHEjShVHIwfr5IjVmeG', 1, NULL, '2020-02-18 23:18:08'),
(588, 705, 'mv14045', 'mv14045@ues.edu.sv', '$2y$13$ie.0doR6uGmQ0vTExjVk9eOYiUIPh3fQw6sHEjShVHIwfr5IjVmeG', 1, NULL, '2020-02-18 23:18:08'),
(589, 706, 'hg08005', 'hg08005@ues.edu.sv', '$2y$13$ie.0doR6uGmQ0vTExjVk9eOYiUIPh3fQw6sHEjShVHIwfr5IjVmeG', 1, NULL, '2020-02-18 23:18:08'),
(590, 707, 'ms15050', 'ms15050@ues.edu.sv', '$2y$13$ie.0doR6uGmQ0vTExjVk9eOYiUIPh3fQw6sHEjShVHIwfr5IjVmeG', 1, NULL, '2020-02-18 23:18:08'),
(591, 708, 'ha15005', 'ha15005@ues.edu.sv', '$2y$13$ie.0doR6uGmQ0vTExjVk9eOYiUIPh3fQw6sHEjShVHIwfr5IjVmeG', 1, NULL, '2020-02-18 23:18:08'),
(592, 709, 'mf04030', 'mf04030@ues.edu.sv', '$2y$13$ie.0doR6uGmQ0vTExjVk9eOYiUIPh3fQw6sHEjShVHIwfr5IjVmeG', 1, NULL, '2020-02-18 23:18:08'),
(593, 710, 'pm15020', 'pm15020@ues.edu.sv', '$2y$13$ie.0doR6uGmQ0vTExjVk9eOYiUIPh3fQw6sHEjShVHIwfr5IjVmeG', 1, NULL, '2020-02-18 23:18:08'),
(594, 711, 'fr12001', 'fr12001@ues.edu.sv', '$2y$13$ie.0doR6uGmQ0vTExjVk9eOYiUIPh3fQw6sHEjShVHIwfr5IjVmeG', 1, NULL, '2020-02-18 23:18:08'),
(595, 712, 'mr14143', 'mr14143@ues.edu.sv', '$2y$13$ie.0doR6uGmQ0vTExjVk9eOYiUIPh3fQw6sHEjShVHIwfr5IjVmeG', 1, NULL, '2020-02-18 23:18:08'),
(596, 713, 'vp12004', 'vp12004@ues.edu.sv', '$2y$13$ie.0doR6uGmQ0vTExjVk9eOYiUIPh3fQw6sHEjShVHIwfr5IjVmeG', 1, NULL, '2020-02-18 23:18:08'),
(597, 714, 'mi09008', 'mi09008@ues.edu.sv', '$2y$13$ie.0doR6uGmQ0vTExjVk9eOYiUIPh3fQw6sHEjShVHIwfr5IjVmeG', 1, NULL, '2020-02-18 23:18:08'),
(598, 715, 'rc13033', 'rc13033@ues.edu.sv', '$2y$13$ie.0doR6uGmQ0vTExjVk9eOYiUIPh3fQw6sHEjShVHIwfr5IjVmeG', 1, NULL, '2020-02-18 23:18:08'),
(599, 716, 'cd15015', 'cd15015@ues.edu.sv', '$2y$13$ie.0doR6uGmQ0vTExjVk9eOYiUIPh3fQw6sHEjShVHIwfr5IjVmeG', 1, NULL, '2020-02-18 23:18:08'),
(600, 717, 'rs15004', 'rs15004@ues.edu.sv', '$2y$13$ie.0doR6uGmQ0vTExjVk9eOYiUIPh3fQw6sHEjShVHIwfr5IjVmeG', 1, NULL, '2020-02-18 23:18:08'),
(601, 718, 'mg09083', 'mg09083@ues.edu.sv', '$2y$13$ie.0doR6uGmQ0vTExjVk9eOYiUIPh3fQw6sHEjShVHIwfr5IjVmeG', 1, NULL, '2020-02-18 23:18:08'),
(602, 719, 'mt16007', 'mt16007@ues.edu.sv', '$2y$13$ie.0doR6uGmQ0vTExjVk9eOYiUIPh3fQw6sHEjShVHIwfr5IjVmeG', 1, NULL, '2020-02-18 23:18:08'),
(603, 720, 'mt13013', 'mt13013@ues.edu.sv', '$2y$13$ie.0doR6uGmQ0vTExjVk9eOYiUIPh3fQw6sHEjShVHIwfr5IjVmeG', 1, NULL, '2020-02-18 23:18:08'),
(604, 721, 'ml16006', 'ml16006@ues.edu.sv', '$2y$13$ie.0doR6uGmQ0vTExjVk9eOYiUIPh3fQw6sHEjShVHIwfr5IjVmeG', 1, NULL, '2020-02-18 23:18:08'),
(605, 722, 'vm13068', 'vm13068@ues.edu.sv', '$2y$13$ie.0doR6uGmQ0vTExjVk9eOYiUIPh3fQw6sHEjShVHIwfr5IjVmeG', 1, NULL, '2020-02-18 23:18:08'),
(606, 723, 'gc14003', 'gc14003@ues.edu.sv', '$2y$13$ie.0doR6uGmQ0vTExjVk9eOYiUIPh3fQw6sHEjShVHIwfr5IjVmeG', 1, NULL, '2020-02-18 23:18:08'),
(607, 724, 'am16025', 'am16025@ues.edu.sv', '$2y$13$ie.0doR6uGmQ0vTExjVk9eOYiUIPh3fQw6sHEjShVHIwfr5IjVmeG', 1, NULL, '2020-02-18 23:18:08'),
(608, 725, 'cc06107', 'cc06107@ues.edu.sv', '$2y$13$ie.0doR6uGmQ0vTExjVk9eOYiUIPh3fQw6sHEjShVHIwfr5IjVmeG', 1, NULL, '2020-02-18 23:18:08'),
(609, 726, 'hq14006', 'hq14006@ues.edu.sv', '$2y$13$ie.0doR6uGmQ0vTExjVk9eOYiUIPh3fQw6sHEjShVHIwfr5IjVmeG', 1, NULL, '2020-02-18 23:18:08'),
(610, 727, 'hv15011', 'hv15011@ues.edu.sv', '$2y$13$ie.0doR6uGmQ0vTExjVk9eOYiUIPh3fQw6sHEjShVHIwfr5IjVmeG', 1, NULL, '2020-02-18 23:18:08'),
(611, 728, 'md12038', 'md12038@ues.edu.sv', '$2y$13$ie.0doR6uGmQ0vTExjVk9eOYiUIPh3fQw6sHEjShVHIwfr5IjVmeG', 1, NULL, '2020-02-18 23:18:08'),
(612, 729, 'am15005', 'am15005@ues.edu.sv', '$2y$13$ie.0doR6uGmQ0vTExjVk9eOYiUIPh3fQw6sHEjShVHIwfr5IjVmeG', 1, NULL, '2020-02-18 23:18:08'),
(613, 730, 'cg15002', 'cg15002@ues.edu.sv', '$2y$13$ie.0doR6uGmQ0vTExjVk9eOYiUIPh3fQw6sHEjShVHIwfr5IjVmeG', 1, NULL, '2020-02-18 23:18:08'),
(614, 731, 'sj16001', 'sj16001@ues.edu.sv', '$2y$13$ie.0doR6uGmQ0vTExjVk9eOYiUIPh3fQw6sHEjShVHIwfr5IjVmeG', 1, NULL, '2020-02-18 23:18:08'),
(615, 732, 'mc10060', 'mc10060@ues.edu.sv', '$2y$13$ie.0doR6uGmQ0vTExjVk9eOYiUIPh3fQw6sHEjShVHIwfr5IjVmeG', 1, NULL, '2020-02-18 23:18:08'),
(616, 733, 'gc15004', 'gc15004@ues.edu.sv', '$2y$13$ie.0doR6uGmQ0vTExjVk9eOYiUIPh3fQw6sHEjShVHIwfr5IjVmeG', 1, NULL, '2020-02-18 23:18:08'),
(617, 734, 'mc03028', 'mc03028@ues.edu.sv', '$2y$13$ie.0doR6uGmQ0vTExjVk9eOYiUIPh3fQw6sHEjShVHIwfr5IjVmeG', 1, NULL, '2020-02-18 23:18:08'),
(618, 735, 'og16003', 'og16003@ues.edu.sv', '$2y$13$ie.0doR6uGmQ0vTExjVk9eOYiUIPh3fQw6sHEjShVHIwfr5IjVmeG', 1, NULL, '2020-02-18 23:18:08'),
(619, 736, 'am14116', 'am14116@ues.edu.sv', '$2y$13$ie.0doR6uGmQ0vTExjVk9eOYiUIPh3fQw6sHEjShVHIwfr5IjVmeG', 1, NULL, '2020-02-18 23:18:08'),
(620, 737, 'ha10007', 'ha10007@ues.edu.sv', '$2y$13$ie.0doR6uGmQ0vTExjVk9eOYiUIPh3fQw6sHEjShVHIwfr5IjVmeG', 1, NULL, '2020-02-18 23:18:08'),
(621, 738, 'ph11004', 'ph11004@ues.edu.sv', '$2y$13$ie.0doR6uGmQ0vTExjVk9eOYiUIPh3fQw6sHEjShVHIwfr5IjVmeG', 1, NULL, '2020-02-18 23:18:08'),
(622, 739, 'cp16012', 'cp16012@ues.edu.sv', '$2y$13$ie.0doR6uGmQ0vTExjVk9eOYiUIPh3fQw6sHEjShVHIwfr5IjVmeG', 1, NULL, '2020-02-18 23:18:08'),
(623, 740, 'rg10037', 'rg10037@ues.edu.sv', '$2y$13$ie.0doR6uGmQ0vTExjVk9eOYiUIPh3fQw6sHEjShVHIwfr5IjVmeG', 1, NULL, '2020-02-18 23:18:08'),
(624, 741, 'ag09086', 'ag09086@ues.edu.sv', '$2y$13$ie.0doR6uGmQ0vTExjVk9eOYiUIPh3fQw6sHEjShVHIwfr5IjVmeG', 1, NULL, '2020-02-18 23:18:08'),
(625, 742, 'lm10002', 'lm10002@ues.edu.sv', '$2y$13$ie.0doR6uGmQ0vTExjVk9eOYiUIPh3fQw6sHEjShVHIwfr5IjVmeG', 1, NULL, '2020-02-18 23:18:08'),
(626, 743, 'dc13018', 'dc13018@ues.edu.sv', '$2y$13$ie.0doR6uGmQ0vTExjVk9eOYiUIPh3fQw6sHEjShVHIwfr5IjVmeG', 1, NULL, '2020-02-18 23:18:08'),
(627, 744, 'rr08173', 'rr08173@ues.edu.sv', '$2y$13$ie.0doR6uGmQ0vTExjVk9eOYiUIPh3fQw6sHEjShVHIwfr5IjVmeG', 1, NULL, '2020-02-18 23:18:08'),
(628, 745, 'pp15001', 'pp15001@ues.edu.sv', '$2y$13$ie.0doR6uGmQ0vTExjVk9eOYiUIPh3fQw6sHEjShVHIwfr5IjVmeG', 1, NULL, '2020-02-18 23:18:08'),
(629, 746, 'gr13013', 'gr13013@ues.edu.sv', '$2y$13$ie.0doR6uGmQ0vTExjVk9eOYiUIPh3fQw6sHEjShVHIwfr5IjVmeG', 1, NULL, '2020-02-18 23:18:08'),
(630, 747, 'ar13011', 'ar13011@ues.edu.sv', '$2y$13$ie.0doR6uGmQ0vTExjVk9eOYiUIPh3fQw6sHEjShVHIwfr5IjVmeG', 1, NULL, '2020-02-18 23:18:08'),
(631, 748, 'ap16014', 'ap16014@ues.edu.sv', '$2y$13$ie.0doR6uGmQ0vTExjVk9eOYiUIPh3fQw6sHEjShVHIwfr5IjVmeG', 1, NULL, '2020-02-18 23:18:08'),
(632, 749, 'ac13002', 'ac13002@ues.edu.sv', '$2y$13$ie.0doR6uGmQ0vTExjVk9eOYiUIPh3fQw6sHEjShVHIwfr5IjVmeG', 1, NULL, '2020-02-18 23:18:08'),
(633, 750, 'ch08012', 'ch08012@ues.edu.sv', '$2y$13$ie.0doR6uGmQ0vTExjVk9eOYiUIPh3fQw6sHEjShVHIwfr5IjVmeG', 1, NULL, '2020-02-18 23:18:08'),
(634, 751, 'rc15010', 'rc15010@ues.edu.sv', '$2y$13$ie.0doR6uGmQ0vTExjVk9eOYiUIPh3fQw6sHEjShVHIwfr5IjVmeG', 1, NULL, '2020-02-18 23:18:08'),
(635, 752, 'az05013', 'az05013@ues.edu.sv', '$2y$13$ie.0doR6uGmQ0vTExjVk9eOYiUIPh3fQw6sHEjShVHIwfr5IjVmeG', 1, NULL, '2020-02-18 23:18:08'),
(636, 753, 'ns10001', 'ns10001@ues.edu.sv', '$2y$13$ie.0doR6uGmQ0vTExjVk9eOYiUIPh3fQw6sHEjShVHIwfr5IjVmeG', 1, NULL, '2020-02-18 23:18:08'),
(637, 754, 'lq13003', 'lq13003@ues.edu.sv', '$2y$13$ie.0doR6uGmQ0vTExjVk9eOYiUIPh3fQw6sHEjShVHIwfr5IjVmeG', 1, NULL, '2020-02-18 23:18:08'),
(638, 755, 'sr09012', 'sr09012@ues.edu.sv', '$2y$13$ie.0doR6uGmQ0vTExjVk9eOYiUIPh3fQw6sHEjShVHIwfr5IjVmeG', 1, NULL, '2020-02-18 23:18:08'),
(639, 756, 'th06008', 'th06008@ues.edu.sv', '$2y$13$ie.0doR6uGmQ0vTExjVk9eOYiUIPh3fQw6sHEjShVHIwfr5IjVmeG', 1, NULL, '2020-02-18 23:18:08'),
(640, 757, 'dm15012', 'dm15012@ues.edu.sv', '$2y$13$ie.0doR6uGmQ0vTExjVk9eOYiUIPh3fQw6sHEjShVHIwfr5IjVmeG', 1, NULL, '2020-02-18 23:18:08'),
(641, 758, 'gm15003', 'gm15003@ues.edu.sv', '$2y$13$ie.0doR6uGmQ0vTExjVk9eOYiUIPh3fQw6sHEjShVHIwfr5IjVmeG', 1, NULL, '2020-02-18 23:18:08'),
(642, 759, 'nr07005', 'nr07005@ues.edu.sv', '$2y$13$ie.0doR6uGmQ0vTExjVk9eOYiUIPh3fQw6sHEjShVHIwfr5IjVmeG', 1, NULL, '2020-02-18 23:18:08'),
(643, 760, 'hr14044', 'hr14044@ues.edu.sv', '$2y$13$ie.0doR6uGmQ0vTExjVk9eOYiUIPh3fQw6sHEjShVHIwfr5IjVmeG', 1, NULL, '2020-02-18 23:18:08'),
(644, 761, 'av16018', 'av16018@ues.edu.sv', '$2y$13$ie.0doR6uGmQ0vTExjVk9eOYiUIPh3fQw6sHEjShVHIwfr5IjVmeG', 1, NULL, '2020-02-18 23:18:08'),
(645, 762, 'aa15009', 'aa15009@ues.edu.sv', '$2y$13$ie.0doR6uGmQ0vTExjVk9eOYiUIPh3fQw6sHEjShVHIwfr5IjVmeG', 1, NULL, '2020-02-18 23:18:08'),
(646, 763, 'lr03012', 'lr03012@ues.edu.sv', '$2y$13$ie.0doR6uGmQ0vTExjVk9eOYiUIPh3fQw6sHEjShVHIwfr5IjVmeG', 1, NULL, '2020-02-18 23:18:08'),
(647, 764, 'vm06030', 'vm06030@ues.edu.sv', '$2y$13$ie.0doR6uGmQ0vTExjVk9eOYiUIPh3fQw6sHEjShVHIwfr5IjVmeG', 1, NULL, '2020-02-18 23:18:08'),
(648, 765, 'gg13113', 'gg13113@ues.edu.sv', '$2y$13$ie.0doR6uGmQ0vTExjVk9eOYiUIPh3fQw6sHEjShVHIwfr5IjVmeG', 1, NULL, '2020-02-18 23:18:08'),
(649, 766, 'ah16021', 'ah16021@ues.edu.sv', '$2y$13$ie.0doR6uGmQ0vTExjVk9eOYiUIPh3fQw6sHEjShVHIwfr5IjVmeG', 1, NULL, '2020-02-18 23:18:08'),
(650, 767, 'pp16011', 'pp16011@ues.edu.sv', '$2y$13$ie.0doR6uGmQ0vTExjVk9eOYiUIPh3fQw6sHEjShVHIwfr5IjVmeG', 1, NULL, '2020-02-18 23:18:08'),
(651, 768, 'cm16017', 'cm16017@ues.edu.sv', '$2y$13$ie.0doR6uGmQ0vTExjVk9eOYiUIPh3fQw6sHEjShVHIwfr5IjVmeG', 1, NULL, '2020-02-18 23:18:08'),
(652, 769, 'gl15002', 'gl15002@ues.edu.sv', '$2y$13$ie.0doR6uGmQ0vTExjVk9eOYiUIPh3fQw6sHEjShVHIwfr5IjVmeG', 1, NULL, '2020-02-18 23:18:08'),
(653, 770, 'eh10002', 'eh10002@ues.edu.sv', '$2y$13$ie.0doR6uGmQ0vTExjVk9eOYiUIPh3fQw6sHEjShVHIwfr5IjVmeG', 1, NULL, '2020-02-18 23:18:08'),
(654, 771, 'fb16004', 'fb16004@ues.edu.sv', '$2y$13$ie.0doR6uGmQ0vTExjVk9eOYiUIPh3fQw6sHEjShVHIwfr5IjVmeG', 1, NULL, '2020-02-18 23:18:08'),
(655, 772, 'mm16110', 'mm16110@ues.edu.sv', '$2y$13$ie.0doR6uGmQ0vTExjVk9eOYiUIPh3fQw6sHEjShVHIwfr5IjVmeG', 1, NULL, '2020-02-18 23:18:08'),
(656, 773, 'gg06010', 'gg06010@ues.edu.sv', '$2y$13$ie.0doR6uGmQ0vTExjVk9eOYiUIPh3fQw6sHEjShVHIwfr5IjVmeG', 1, NULL, '2020-02-18 23:18:08'),
(657, 774, 'gh12023', 'gh12023@ues.edu.sv', '$2y$13$ie.0doR6uGmQ0vTExjVk9eOYiUIPh3fQw6sHEjShVHIwfr5IjVmeG', 1, NULL, '2020-02-18 23:18:08'),
(658, 775, 'ac09029', 'ac09029@ues.edu.sv', '$2y$13$ie.0doR6uGmQ0vTExjVk9eOYiUIPh3fQw6sHEjShVHIwfr5IjVmeG', 1, NULL, '2020-02-18 23:18:08'),
(659, 776, 'pg13005', 'pg13005@ues.edu.sv', '$2y$13$ie.0doR6uGmQ0vTExjVk9eOYiUIPh3fQw6sHEjShVHIwfr5IjVmeG', 1, NULL, '2020-02-18 23:18:08'),
(660, 777, 'ue13001', 'ue13001@ues.edu.sv', '$2y$13$ie.0doR6uGmQ0vTExjVk9eOYiUIPh3fQw6sHEjShVHIwfr5IjVmeG', 1, NULL, '2020-02-18 23:18:08'),
(661, 778, 'pg14048', 'pg14048@ues.edu.sv', '$2y$13$ie.0doR6uGmQ0vTExjVk9eOYiUIPh3fQw6sHEjShVHIwfr5IjVmeG', 1, NULL, '2020-02-18 23:18:08'),
(662, 779, 'fn12001', 'fn12001@ues.edu.sv', '$2y$13$ie.0doR6uGmQ0vTExjVk9eOYiUIPh3fQw6sHEjShVHIwfr5IjVmeG', 1, NULL, '2020-02-18 23:18:08'),
(663, 780, 'vv11041', 'vv11041@ues.edu.sv', '$2y$13$ie.0doR6uGmQ0vTExjVk9eOYiUIPh3fQw6sHEjShVHIwfr5IjVmeG', 1, NULL, '2020-02-18 23:18:08'),
(664, 781, 'as05052', 'as05052@ues.edu.sv', '$2y$13$ie.0doR6uGmQ0vTExjVk9eOYiUIPh3fQw6sHEjShVHIwfr5IjVmeG', 1, NULL, '2020-02-18 23:18:08'),
(665, 782, 'lr12003', 'lr12003@ues.edu.sv', '$2y$13$ie.0doR6uGmQ0vTExjVk9eOYiUIPh3fQw6sHEjShVHIwfr5IjVmeG', 1, NULL, '2020-02-18 23:18:08'),
(666, 783, 'cm11027', 'cm11027@ues.edu.sv', '$2y$13$ie.0doR6uGmQ0vTExjVk9eOYiUIPh3fQw6sHEjShVHIwfr5IjVmeG', 1, NULL, '2020-02-18 23:18:08'),
(667, 784, 'um07001', 'um07001@ues.edu.sv', '$2y$13$ie.0doR6uGmQ0vTExjVk9eOYiUIPh3fQw6sHEjShVHIwfr5IjVmeG', 1, NULL, '2020-02-18 23:18:08'),
(668, 785, 'fm16025', 'fm16025@ues.edu.sv', '$2y$13$ie.0doR6uGmQ0vTExjVk9eOYiUIPh3fQw6sHEjShVHIwfr5IjVmeG', 1, NULL, '2020-02-18 23:18:08'),
(669, 786, 'nr15002', 'nr15002@ues.edu.sv', '$2y$13$ie.0doR6uGmQ0vTExjVk9eOYiUIPh3fQw6sHEjShVHIwfr5IjVmeG', 1, NULL, '2020-02-18 23:18:08'),
(670, 787, 'bm07022', 'bm07022@ues.edu.sv', '$2y$13$ie.0doR6uGmQ0vTExjVk9eOYiUIPh3fQw6sHEjShVHIwfr5IjVmeG', 1, NULL, '2020-02-18 23:18:08'),
(671, 788, 'hm14005', 'hm14005@ues.edu.sv', '$2y$13$ie.0doR6uGmQ0vTExjVk9eOYiUIPh3fQw6sHEjShVHIwfr5IjVmeG', 1, NULL, '2020-02-18 23:18:08'),
(672, 789, 'ru12002', 'ru12002@ues.edu.sv', '$2y$13$ie.0doR6uGmQ0vTExjVk9eOYiUIPh3fQw6sHEjShVHIwfr5IjVmeG', 1, NULL, '2020-02-18 23:18:08'),
(673, 790, 'mr06081', 'mr06081@ues.edu.sv', '$2y$13$ie.0doR6uGmQ0vTExjVk9eOYiUIPh3fQw6sHEjShVHIwfr5IjVmeG', 1, NULL, '2020-02-18 23:18:08'),
(674, 791, 'hd13002', 'hd13002@ues.edu.sv', '$2y$13$ie.0doR6uGmQ0vTExjVk9eOYiUIPh3fQw6sHEjShVHIwfr5IjVmeG', 1, NULL, '2020-02-18 23:18:08'),
(675, 792, 'mc15011', 'mc15011@ues.edu.sv', '$2y$13$ie.0doR6uGmQ0vTExjVk9eOYiUIPh3fQw6sHEjShVHIwfr5IjVmeG', 1, NULL, '2020-02-18 23:18:08'),
(676, 793, 'mr13119', 'mr13119@ues.edu.sv', '$2y$13$ie.0doR6uGmQ0vTExjVk9eOYiUIPh3fQw6sHEjShVHIwfr5IjVmeG', 1, NULL, '2020-02-18 23:18:08'),
(677, 794, 'rm04104', 'rm04104@ues.edu.sv', '$2y$13$ie.0doR6uGmQ0vTExjVk9eOYiUIPh3fQw6sHEjShVHIwfr5IjVmeG', 1, NULL, '2020-02-18 23:18:08'),
(678, 795, 'cd10030', 'cd10030@ues.edu.sv', '$2y$13$ie.0doR6uGmQ0vTExjVk9eOYiUIPh3fQw6sHEjShVHIwfr5IjVmeG', 1, NULL, '2020-02-18 23:18:08'),
(679, 796, 'vv13010', 'vv13010@ues.edu.sv', '$2y$13$ie.0doR6uGmQ0vTExjVk9eOYiUIPh3fQw6sHEjShVHIwfr5IjVmeG', 1, NULL, '2020-02-18 23:18:08');
INSERT INTO `usuario` (`id`, `id_cuenta`, `username`, `email`, `password`, `enabled`, `last_login`, `creado`) VALUES
(680, 797, 'ml11055', 'ml11055@ues.edu.sv', '$2y$13$ie.0doR6uGmQ0vTExjVk9eOYiUIPh3fQw6sHEjShVHIwfr5IjVmeG', 1, NULL, '2020-02-18 23:18:08'),
(681, 798, 'ch11043', 'ch11043@ues.edu.sv', '$2y$13$ie.0doR6uGmQ0vTExjVk9eOYiUIPh3fQw6sHEjShVHIwfr5IjVmeG', 1, NULL, '2020-02-18 23:18:08'),
(682, 799, 'ah13019', 'ah13019@ues.edu.sv', '$2y$13$ie.0doR6uGmQ0vTExjVk9eOYiUIPh3fQw6sHEjShVHIwfr5IjVmeG', 1, NULL, '2020-02-18 23:18:08'),
(683, 800, 'rg06041', 'rg06041@ues.edu.sv', '$2y$13$ie.0doR6uGmQ0vTExjVk9eOYiUIPh3fQw6sHEjShVHIwfr5IjVmeG', 1, NULL, '2020-02-18 23:18:08'),
(684, 801, 'lz14002', 'lz14002@ues.edu.sv', '$2y$13$ie.0doR6uGmQ0vTExjVk9eOYiUIPh3fQw6sHEjShVHIwfr5IjVmeG', 1, NULL, '2020-02-18 23:18:08'),
(685, 802, 'pa15045', 'pa15045@ues.edu.sv', '$2y$13$ie.0doR6uGmQ0vTExjVk9eOYiUIPh3fQw6sHEjShVHIwfr5IjVmeG', 1, NULL, '2020-02-18 23:18:08'),
(686, 803, 'cm11005', 'cm11005@ues.edu.sv', '$2y$13$ie.0doR6uGmQ0vTExjVk9eOYiUIPh3fQw6sHEjShVHIwfr5IjVmeG', 1, NULL, '2020-02-18 23:18:08'),
(687, 804, 'vm15018', 'vm15018@ues.edu.sv', '$2y$13$ie.0doR6uGmQ0vTExjVk9eOYiUIPh3fQw6sHEjShVHIwfr5IjVmeG', 1, NULL, '2020-02-18 23:18:08'),
(688, 805, 'ad10033', 'ad10033@ues.edu.sv', '$2y$13$ie.0doR6uGmQ0vTExjVk9eOYiUIPh3fQw6sHEjShVHIwfr5IjVmeG', 1, NULL, '2020-02-18 23:18:08'),
(689, 806, 'fd11002', 'fd11002@ues.edu.sv', '$2y$13$ie.0doR6uGmQ0vTExjVk9eOYiUIPh3fQw6sHEjShVHIwfr5IjVmeG', 1, NULL, '2020-02-18 23:18:08'),
(690, 807, 'pz05002', 'pz05002@ues.edu.sv', '$2y$13$ie.0doR6uGmQ0vTExjVk9eOYiUIPh3fQw6sHEjShVHIwfr5IjVmeG', 1, NULL, '2020-02-18 23:18:08'),
(691, 808, 'gc15016', 'gc15016@ues.edu.sv', '$2y$13$ie.0doR6uGmQ0vTExjVk9eOYiUIPh3fQw6sHEjShVHIwfr5IjVmeG', 1, NULL, '2020-02-18 23:18:08'),
(692, 809, 'ra13001', 'ra13001@ues.edu.sv', '$2y$13$ie.0doR6uGmQ0vTExjVk9eOYiUIPh3fQw6sHEjShVHIwfr5IjVmeG', 1, NULL, '2020-02-18 23:18:08'),
(693, 810, 'cv14005', 'cv14005@ues.edu.sv', '$2y$13$ie.0doR6uGmQ0vTExjVk9eOYiUIPh3fQw6sHEjShVHIwfr5IjVmeG', 1, NULL, '2020-02-18 23:18:08'),
(694, 811, 'nh12003', 'nh12003@ues.edu.sv', '$2y$13$ie.0doR6uGmQ0vTExjVk9eOYiUIPh3fQw6sHEjShVHIwfr5IjVmeG', 1, NULL, '2020-02-18 23:18:08'),
(695, 812, 'cr16102', 'cr16102@ues.edu.sv', '$2y$13$ie.0doR6uGmQ0vTExjVk9eOYiUIPh3fQw6sHEjShVHIwfr5IjVmeG', 1, NULL, '2020-02-18 23:18:08'),
(696, 813, 'cv11017', 'cv11017@ues.edu.sv', '$2y$13$ie.0doR6uGmQ0vTExjVk9eOYiUIPh3fQw6sHEjShVHIwfr5IjVmeG', 1, NULL, '2020-02-18 23:18:08'),
(697, 814, 'mr15113', 'mr15113@ues.edu.sv', '$2y$13$ie.0doR6uGmQ0vTExjVk9eOYiUIPh3fQw6sHEjShVHIwfr5IjVmeG', 1, NULL, '2020-02-18 23:18:08'),
(698, 815, 'ls16001', 'ls16001@ues.edu.sv', '$2y$13$ie.0doR6uGmQ0vTExjVk9eOYiUIPh3fQw6sHEjShVHIwfr5IjVmeG', 1, NULL, '2020-02-18 23:18:08'),
(699, 816, 'cn14003', 'cn14003@ues.edu.sv', '$2y$13$ie.0doR6uGmQ0vTExjVk9eOYiUIPh3fQw6sHEjShVHIwfr5IjVmeG', 1, NULL, '2020-02-18 23:18:08'),
(700, 817, 'dh16001', 'dh16001@ues.edu.sv', '$2y$13$ie.0doR6uGmQ0vTExjVk9eOYiUIPh3fQw6sHEjShVHIwfr5IjVmeG', 1, NULL, '2020-02-18 23:18:08'),
(701, 818, 'ts14004', 'ts14004@ues.edu.sv', '$2y$13$ie.0doR6uGmQ0vTExjVk9eOYiUIPh3fQw6sHEjShVHIwfr5IjVmeG', 1, NULL, '2020-02-18 23:18:08'),
(702, 819, 'bv12004', 'bv12004@ues.edu.sv', '$2y$13$ie.0doR6uGmQ0vTExjVk9eOYiUIPh3fQw6sHEjShVHIwfr5IjVmeG', 1, NULL, '2020-02-18 23:18:08'),
(703, 820, 'nr12002', 'nr12002@ues.edu.sv', '$2y$13$ie.0doR6uGmQ0vTExjVk9eOYiUIPh3fQw6sHEjShVHIwfr5IjVmeG', 1, NULL, '2020-02-18 23:18:08'),
(704, 821, 're14001', 're14001@ues.edu.sv', '$2y$13$ie.0doR6uGmQ0vTExjVk9eOYiUIPh3fQw6sHEjShVHIwfr5IjVmeG', 1, NULL, '2020-02-18 23:18:08'),
(705, 822, 'dp11015', 'dp11015@ues.edu.sv', '$2y$13$ie.0doR6uGmQ0vTExjVk9eOYiUIPh3fQw6sHEjShVHIwfr5IjVmeG', 1, NULL, '2020-02-18 23:18:08'),
(706, 823, 'jt11001', 'jt11001@ues.edu.sv', '$2y$13$ie.0doR6uGmQ0vTExjVk9eOYiUIPh3fQw6sHEjShVHIwfr5IjVmeG', 1, NULL, '2020-02-18 23:18:08'),
(707, 824, 'ar11080', 'ar11080@ues.edu.sv', '$2y$13$ie.0doR6uGmQ0vTExjVk9eOYiUIPh3fQw6sHEjShVHIwfr5IjVmeG', 1, NULL, '2020-02-18 23:18:08'),
(708, 825, 'cr05074', 'cr05074@ues.edu.sv', '$2y$13$ie.0doR6uGmQ0vTExjVk9eOYiUIPh3fQw6sHEjShVHIwfr5IjVmeG', 1, NULL, '2020-02-18 23:18:08'),
(709, 826, 'hc15005', 'hc15005@ues.edu.sv', '$2y$13$ie.0doR6uGmQ0vTExjVk9eOYiUIPh3fQw6sHEjShVHIwfr5IjVmeG', 1, NULL, '2020-02-18 23:18:08'),
(710, 827, 'am11098', 'am11098@ues.edu.sv', '$2y$13$ie.0doR6uGmQ0vTExjVk9eOYiUIPh3fQw6sHEjShVHIwfr5IjVmeG', 1, NULL, '2020-02-18 23:18:08'),
(711, 828, 'rr16100', 'rr16100@ues.edu.sv', '$2y$13$ie.0doR6uGmQ0vTExjVk9eOYiUIPh3fQw6sHEjShVHIwfr5IjVmeG', 1, NULL, '2020-02-18 23:18:08'),
(712, 829, 'ss15005', 'ss15005@ues.edu.sv', '$2y$13$ie.0doR6uGmQ0vTExjVk9eOYiUIPh3fQw6sHEjShVHIwfr5IjVmeG', 1, NULL, '2020-02-18 23:18:08'),
(713, 830, 'bu03002', 'bu03002@ues.edu.sv', '$2y$13$ie.0doR6uGmQ0vTExjVk9eOYiUIPh3fQw6sHEjShVHIwfr5IjVmeG', 1, NULL, '2020-02-18 23:18:08'),
(714, 831, 'ge08008', 'ge08008@ues.edu.sv', '$2y$13$ie.0doR6uGmQ0vTExjVk9eOYiUIPh3fQw6sHEjShVHIwfr5IjVmeG', 1, NULL, '2020-02-18 23:18:08'),
(715, 832, 'hg14034', 'hg14034@ues.edu.sv', '$2y$13$ie.0doR6uGmQ0vTExjVk9eOYiUIPh3fQw6sHEjShVHIwfr5IjVmeG', 1, NULL, '2020-02-18 23:18:08'),
(716, 833, 'ad06017', 'ad06017@ues.edu.sv', '$2y$13$ie.0doR6uGmQ0vTExjVk9eOYiUIPh3fQw6sHEjShVHIwfr5IjVmeG', 1, NULL, '2020-02-18 23:18:08'),
(717, 834, 'sc13014', 'sc13014@ues.edu.sv', '$2y$13$ie.0doR6uGmQ0vTExjVk9eOYiUIPh3fQw6sHEjShVHIwfr5IjVmeG', 1, NULL, '2020-02-18 23:18:08'),
(718, 835, 'cc13026', 'cc13026@ues.edu.sv', '$2y$13$ie.0doR6uGmQ0vTExjVk9eOYiUIPh3fQw6sHEjShVHIwfr5IjVmeG', 1, NULL, '2020-02-18 23:18:08'),
(719, 836, 'pe12001', 'pe12001@ues.edu.sv', '$2y$13$ie.0doR6uGmQ0vTExjVk9eOYiUIPh3fQw6sHEjShVHIwfr5IjVmeG', 1, NULL, '2020-02-18 23:18:08'),
(720, 837, 'tc16012', 'tc16012@ues.edu.sv', '$2y$13$ie.0doR6uGmQ0vTExjVk9eOYiUIPh3fQw6sHEjShVHIwfr5IjVmeG', 1, NULL, '2020-02-18 23:18:08'),
(721, 838, 'mr16138', 'mr16138@ues.edu.sv', '$2y$13$ie.0doR6uGmQ0vTExjVk9eOYiUIPh3fQw6sHEjShVHIwfr5IjVmeG', 1, NULL, '2020-02-18 23:18:08'),
(722, 839, 'cr11005', 'cr11005@ues.edu.sv', '$2y$13$ie.0doR6uGmQ0vTExjVk9eOYiUIPh3fQw6sHEjShVHIwfr5IjVmeG', 1, NULL, '2020-02-18 23:18:08'),
(723, 840, 'av16004', 'av16004@ues.edu.sv', '$2y$13$ie.0doR6uGmQ0vTExjVk9eOYiUIPh3fQw6sHEjShVHIwfr5IjVmeG', 1, NULL, '2020-02-18 23:18:08'),
(724, 841, 'sm13001', 'sm13001@ues.edu.sv', '$2y$13$ie.0doR6uGmQ0vTExjVk9eOYiUIPh3fQw6sHEjShVHIwfr5IjVmeG', 1, NULL, '2020-02-18 23:18:08'),
(725, 842, 'cg13082', 'cg13082@ues.edu.sv', '$2y$13$ie.0doR6uGmQ0vTExjVk9eOYiUIPh3fQw6sHEjShVHIwfr5IjVmeG', 1, NULL, '2020-02-18 23:18:08'),
(726, 843, 'sg10003', 'sg10003@ues.edu.sv', '$2y$13$ie.0doR6uGmQ0vTExjVk9eOYiUIPh3fQw6sHEjShVHIwfr5IjVmeG', 1, NULL, '2020-02-18 23:18:08'),
(727, 844, 'cb14026', 'cb14026@ues.edu.sv', '$2y$13$ie.0doR6uGmQ0vTExjVk9eOYiUIPh3fQw6sHEjShVHIwfr5IjVmeG', 1, NULL, '2020-02-18 23:18:08'),
(728, 845, 'og10011', 'og10011@ues.edu.sv', '$2y$13$ie.0doR6uGmQ0vTExjVk9eOYiUIPh3fQw6sHEjShVHIwfr5IjVmeG', 1, NULL, '2020-02-18 23:18:08'),
(729, 846, 'ca99050', 'ca99050@ues.edu.sv', '$2y$13$ie.0doR6uGmQ0vTExjVk9eOYiUIPh3fQw6sHEjShVHIwfr5IjVmeG', 1, NULL, '2020-02-18 23:18:09'),
(730, 847, 'cm13106', 'cm13106@ues.edu.sv', '$2y$13$ie.0doR6uGmQ0vTExjVk9eOYiUIPh3fQw6sHEjShVHIwfr5IjVmeG', 1, NULL, '2020-02-18 23:18:09'),
(731, 848, 'fs10001', 'fs10001@ues.edu.sv', '$2y$13$ie.0doR6uGmQ0vTExjVk9eOYiUIPh3fQw6sHEjShVHIwfr5IjVmeG', 1, NULL, '2020-02-18 23:18:09'),
(732, 849, 'mp09069', 'mp09069@ues.edu.sv', '$2y$13$ie.0doR6uGmQ0vTExjVk9eOYiUIPh3fQw6sHEjShVHIwfr5IjVmeG', 1, NULL, '2020-02-18 23:18:09'),
(733, 850, 'rm16027', 'rm16027@ues.edu.sv', '$2y$13$ie.0doR6uGmQ0vTExjVk9eOYiUIPh3fQw6sHEjShVHIwfr5IjVmeG', 1, NULL, '2020-02-18 23:18:09'),
(734, 851, 'hp15004', 'hp15004@ues.edu.sv', '$2y$13$ie.0doR6uGmQ0vTExjVk9eOYiUIPh3fQw6sHEjShVHIwfr5IjVmeG', 1, NULL, '2020-02-18 23:18:09'),
(735, 852, 'rc15008', 'rc15008@ues.edu.sv', '$2y$13$ie.0doR6uGmQ0vTExjVk9eOYiUIPh3fQw6sHEjShVHIwfr5IjVmeG', 1, NULL, '2020-02-18 23:18:09'),
(736, 853, 'mm13067', 'mm13067@ues.edu.sv', '$2y$13$ie.0doR6uGmQ0vTExjVk9eOYiUIPh3fQw6sHEjShVHIwfr5IjVmeG', 1, NULL, '2020-02-18 23:18:09'),
(737, 854, 'cv15018', 'cv15018@ues.edu.sv', '$2y$13$ie.0doR6uGmQ0vTExjVk9eOYiUIPh3fQw6sHEjShVHIwfr5IjVmeG', 1, NULL, '2020-02-18 23:18:09'),
(738, 855, 'mv02001', 'mv02001@ues.edu.sv', '$2y$13$ie.0doR6uGmQ0vTExjVk9eOYiUIPh3fQw6sHEjShVHIwfr5IjVmeG', 1, NULL, '2020-02-18 23:18:09'),
(739, 856, 'gm13021', 'gm13021@ues.edu.sv', '$2y$13$ie.0doR6uGmQ0vTExjVk9eOYiUIPh3fQw6sHEjShVHIwfr5IjVmeG', 1, NULL, '2020-02-18 23:18:09'),
(740, 857, 'cv03016', 'cv03016@ues.edu.sv', '$2y$13$ie.0doR6uGmQ0vTExjVk9eOYiUIPh3fQw6sHEjShVHIwfr5IjVmeG', 1, NULL, '2020-02-18 23:18:09'),
(741, 858, 'rg09075', 'rg09075@ues.edu.sv', '$2y$13$ie.0doR6uGmQ0vTExjVk9eOYiUIPh3fQw6sHEjShVHIwfr5IjVmeG', 1, NULL, '2020-02-18 23:18:09'),
(742, 859, 'sp11003', 'sp11003@ues.edu.sv', '$2y$13$ie.0doR6uGmQ0vTExjVk9eOYiUIPh3fQw6sHEjShVHIwfr5IjVmeG', 1, NULL, '2020-02-18 23:18:09'),
(743, 860, 'ca13041', 'ca13041@ues.edu.sv', '$2y$13$ie.0doR6uGmQ0vTExjVk9eOYiUIPh3fQw6sHEjShVHIwfr5IjVmeG', 1, NULL, '2020-02-18 23:18:09'),
(744, 861, 'az14002', 'az14002@ues.edu.sv', '$2y$13$ie.0doR6uGmQ0vTExjVk9eOYiUIPh3fQw6sHEjShVHIwfr5IjVmeG', 1, NULL, '2020-02-18 23:18:09'),
(745, 862, 'he12002', 'he12002@ues.edu.sv', '$2y$13$ie.0doR6uGmQ0vTExjVk9eOYiUIPh3fQw6sHEjShVHIwfr5IjVmeG', 1, NULL, '2020-02-18 23:18:09'),
(746, 863, 'ma12145', 'ma12145@ues.edu.sv', '$2y$13$ie.0doR6uGmQ0vTExjVk9eOYiUIPh3fQw6sHEjShVHIwfr5IjVmeG', 1, NULL, '2020-02-18 23:18:09'),
(747, 864, 'hr11013', 'hr11013@ues.edu.sv', '$2y$13$ie.0doR6uGmQ0vTExjVk9eOYiUIPh3fQw6sHEjShVHIwfr5IjVmeG', 1, NULL, '2020-02-18 23:18:09'),
(748, 865, 'cv07003', 'cv07003@ues.edu.sv', '$2y$13$ie.0doR6uGmQ0vTExjVk9eOYiUIPh3fQw6sHEjShVHIwfr5IjVmeG', 1, NULL, '2020-02-18 23:18:09'),
(749, 866, 'gr14004', 'gr14004@ues.edu.sv', '$2y$13$ie.0doR6uGmQ0vTExjVk9eOYiUIPh3fQw6sHEjShVHIwfr5IjVmeG', 1, NULL, '2020-02-18 23:18:09'),
(750, 867, 'mc08027', 'mc08027@ues.edu.sv', '$2y$13$ie.0doR6uGmQ0vTExjVk9eOYiUIPh3fQw6sHEjShVHIwfr5IjVmeG', 1, NULL, '2020-02-18 23:18:09'),
(751, 868, 'aa16009', 'aa16009@ues.edu.sv', '$2y$13$ie.0doR6uGmQ0vTExjVk9eOYiUIPh3fQw6sHEjShVHIwfr5IjVmeG', 1, NULL, '2020-02-18 23:18:09'),
(752, 869, 'ga11010', 'ga11010@ues.edu.sv', '$2y$13$ie.0doR6uGmQ0vTExjVk9eOYiUIPh3fQw6sHEjShVHIwfr5IjVmeG', 1, NULL, '2020-02-18 23:18:09'),
(753, 870, 'ra14006', 'ra14006@ues.edu.sv', '$2y$13$ie.0doR6uGmQ0vTExjVk9eOYiUIPh3fQw6sHEjShVHIwfr5IjVmeG', 1, NULL, '2020-02-18 23:18:09'),
(754, 871, 'cg13003', 'cg13003@ues.edu.sv', '$2y$13$ie.0doR6uGmQ0vTExjVk9eOYiUIPh3fQw6sHEjShVHIwfr5IjVmeG', 1, NULL, '2020-02-18 23:18:09'),
(755, 872, 'rl11003', 'rl11003@ues.edu.sv', '$2y$13$ie.0doR6uGmQ0vTExjVk9eOYiUIPh3fQw6sHEjShVHIwfr5IjVmeG', 1, NULL, '2020-02-18 23:18:09'),
(756, 873, 'md16022', 'md16022@ues.edu.sv', '$2y$13$ie.0doR6uGmQ0vTExjVk9eOYiUIPh3fQw6sHEjShVHIwfr5IjVmeG', 1, NULL, '2020-02-18 23:18:09'),
(757, 874, 'ps13001', 'ps13001@ues.edu.sv', '$2y$13$ie.0doR6uGmQ0vTExjVk9eOYiUIPh3fQw6sHEjShVHIwfr5IjVmeG', 1, NULL, '2020-02-18 23:18:09'),
(758, 875, 'am09069', 'am09069@ues.edu.sv', '$2y$13$ie.0doR6uGmQ0vTExjVk9eOYiUIPh3fQw6sHEjShVHIwfr5IjVmeG', 1, NULL, '2020-02-18 23:18:09'),
(759, 876, 'fm10005', 'fm10005@ues.edu.sv', '$2y$13$ie.0doR6uGmQ0vTExjVk9eOYiUIPh3fQw6sHEjShVHIwfr5IjVmeG', 1, NULL, '2020-02-18 23:18:09'),
(760, 877, 'co14001', 'co14001@ues.edu.sv', '$2y$13$ie.0doR6uGmQ0vTExjVk9eOYiUIPh3fQw6sHEjShVHIwfr5IjVmeG', 1, NULL, '2020-02-18 23:18:09'),
(761, 878, 'mv13002', 'mv13002@ues.edu.sv', '$2y$13$ie.0doR6uGmQ0vTExjVk9eOYiUIPh3fQw6sHEjShVHIwfr5IjVmeG', 1, NULL, '2020-02-18 23:18:09'),
(762, 879, 'rm11117', 'rm11117@ues.edu.sv', '$2y$13$ie.0doR6uGmQ0vTExjVk9eOYiUIPh3fQw6sHEjShVHIwfr5IjVmeG', 1, NULL, '2020-02-18 23:18:09'),
(763, 880, 'fe09002', 'fe09002@ues.edu.sv', '$2y$13$ie.0doR6uGmQ0vTExjVk9eOYiUIPh3fQw6sHEjShVHIwfr5IjVmeG', 1, NULL, '2020-02-18 23:18:09'),
(764, 881, 'ms10047', 'ms10047@ues.edu.sv', '$2y$13$ie.0doR6uGmQ0vTExjVk9eOYiUIPh3fQw6sHEjShVHIwfr5IjVmeG', 1, NULL, '2020-02-18 23:18:09'),
(765, 882, 'ap16001', 'ap16001@ues.edu.sv', '$2y$13$ie.0doR6uGmQ0vTExjVk9eOYiUIPh3fQw6sHEjShVHIwfr5IjVmeG', 1, NULL, '2020-02-18 23:18:09'),
(766, 883, 'bh09016', 'bh09016@ues.edu.sv', '$2y$13$ie.0doR6uGmQ0vTExjVk9eOYiUIPh3fQw6sHEjShVHIwfr5IjVmeG', 1, NULL, '2020-02-18 23:18:09'),
(767, 884, 'nm15007', 'nm15007@ues.edu.sv', '$2y$13$ie.0doR6uGmQ0vTExjVk9eOYiUIPh3fQw6sHEjShVHIwfr5IjVmeG', 1, NULL, '2020-02-18 23:18:09'),
(768, 885, 'lc13004', 'lc13004@ues.edu.sv', '$2y$13$ie.0doR6uGmQ0vTExjVk9eOYiUIPh3fQw6sHEjShVHIwfr5IjVmeG', 1, NULL, '2020-02-18 23:18:09'),
(769, 886, 'sm14074', 'sm14074@ues.edu.sv', '$2y$13$ie.0doR6uGmQ0vTExjVk9eOYiUIPh3fQw6sHEjShVHIwfr5IjVmeG', 1, NULL, '2020-02-18 23:18:09'),
(770, 887, 'gc10009', 'gc10009@ues.edu.sv', '$2y$13$ie.0doR6uGmQ0vTExjVk9eOYiUIPh3fQw6sHEjShVHIwfr5IjVmeG', 1, NULL, '2020-02-18 23:18:09'),
(771, 888, 'sh10024', 'sh10024@ues.edu.sv', '$2y$13$ie.0doR6uGmQ0vTExjVk9eOYiUIPh3fQw6sHEjShVHIwfr5IjVmeG', 1, NULL, '2020-02-18 23:18:09'),
(772, 889, 'gd08019', 'gd08019@ues.edu.sv', '$2y$13$ie.0doR6uGmQ0vTExjVk9eOYiUIPh3fQw6sHEjShVHIwfr5IjVmeG', 1, NULL, '2020-02-18 23:18:09'),
(773, 890, 'ab15010', 'ab15010@ues.edu.sv', '$2y$13$ie.0doR6uGmQ0vTExjVk9eOYiUIPh3fQw6sHEjShVHIwfr5IjVmeG', 1, NULL, '2020-02-18 23:18:09'),
(774, 891, 'ur08001', 'ur08001@ues.edu.sv', '$2y$13$ie.0doR6uGmQ0vTExjVk9eOYiUIPh3fQw6sHEjShVHIwfr5IjVmeG', 1, NULL, '2020-02-18 23:18:09'),
(775, 892, 'or15012', 'or15012@ues.edu.sv', '$2y$13$ie.0doR6uGmQ0vTExjVk9eOYiUIPh3fQw6sHEjShVHIwfr5IjVmeG', 1, NULL, '2020-02-18 23:18:09'),
(776, 893, 'll13002', 'll13002@ues.edu.sv', '$2y$13$ie.0doR6uGmQ0vTExjVk9eOYiUIPh3fQw6sHEjShVHIwfr5IjVmeG', 1, NULL, '2020-02-18 23:18:09'),
(777, 894, 'cc10018', 'cc10018@ues.edu.sv', '$2y$13$ie.0doR6uGmQ0vTExjVk9eOYiUIPh3fQw6sHEjShVHIwfr5IjVmeG', 1, NULL, '2020-02-18 23:18:09'),
(778, 895, 'rg10011', 'rg10011@ues.edu.sv', '$2y$13$ie.0doR6uGmQ0vTExjVk9eOYiUIPh3fQw6sHEjShVHIwfr5IjVmeG', 1, NULL, '2020-02-18 23:18:09'),
(779, 896, 'al05043', 'al05043@ues.edu.sv', '$2y$13$ie.0doR6uGmQ0vTExjVk9eOYiUIPh3fQw6sHEjShVHIwfr5IjVmeG', 1, NULL, '2020-02-18 23:18:09'),
(780, 897, 'ea12006', 'ea12006@ues.edu.sv', '$2y$13$ie.0doR6uGmQ0vTExjVk9eOYiUIPh3fQw6sHEjShVHIwfr5IjVmeG', 1, NULL, '2020-02-18 23:18:09'),
(781, 898, 'ga12015', 'ga12015@ues.edu.sv', '$2y$13$ie.0doR6uGmQ0vTExjVk9eOYiUIPh3fQw6sHEjShVHIwfr5IjVmeG', 1, NULL, '2020-02-18 23:18:09'),
(782, 899, 'na10003', 'na10003@ues.edu.sv', '$2y$13$ie.0doR6uGmQ0vTExjVk9eOYiUIPh3fQw6sHEjShVHIwfr5IjVmeG', 1, NULL, '2020-02-18 23:18:09'),
(783, 900, 'ap16026', 'ap16026@ues.edu.sv', '$2y$13$ie.0doR6uGmQ0vTExjVk9eOYiUIPh3fQw6sHEjShVHIwfr5IjVmeG', 1, NULL, '2020-02-18 23:18:09'),
(784, 901, 'gt11003', 'gt11003@ues.edu.sv', '$2y$13$ie.0doR6uGmQ0vTExjVk9eOYiUIPh3fQw6sHEjShVHIwfr5IjVmeG', 1, NULL, '2020-02-18 23:18:09'),
(785, 902, 'ca14080', 'ca14080@ues.edu.sv', '$2y$13$ie.0doR6uGmQ0vTExjVk9eOYiUIPh3fQw6sHEjShVHIwfr5IjVmeG', 1, NULL, '2020-02-18 23:18:09'),
(786, 903, 'dm15001', 'dm15001@ues.edu.sv', '$2y$13$ie.0doR6uGmQ0vTExjVk9eOYiUIPh3fQw6sHEjShVHIwfr5IjVmeG', 1, NULL, '2020-02-18 23:18:09'),
(787, 904, 'mc11002', 'mc11002@ues.edu.sv', '$2y$13$ie.0doR6uGmQ0vTExjVk9eOYiUIPh3fQw6sHEjShVHIwfr5IjVmeG', 1, NULL, '2020-02-18 23:18:09'),
(788, 905, 'cl09034', 'cl09034@ues.edu.sv', '$2y$13$ie.0doR6uGmQ0vTExjVk9eOYiUIPh3fQw6sHEjShVHIwfr5IjVmeG', 1, NULL, '2020-02-18 23:18:09'),
(789, 906, 'vn10004', 'vn10004@ues.edu.sv', '$2y$13$ie.0doR6uGmQ0vTExjVk9eOYiUIPh3fQw6sHEjShVHIwfr5IjVmeG', 1, NULL, '2020-02-18 23:18:09'),
(790, 907, 'pc16011', 'pc16011@ues.edu.sv', '$2y$13$ie.0doR6uGmQ0vTExjVk9eOYiUIPh3fQw6sHEjShVHIwfr5IjVmeG', 1, NULL, '2020-02-18 23:18:09'),
(791, 908, 'lr10005', 'lr10005@ues.edu.sv', '$2y$13$ie.0doR6uGmQ0vTExjVk9eOYiUIPh3fQw6sHEjShVHIwfr5IjVmeG', 1, NULL, '2020-02-18 23:18:09'),
(792, 909, 'hl04001', 'hl04001@ues.edu.sv', '$2y$13$ie.0doR6uGmQ0vTExjVk9eOYiUIPh3fQw6sHEjShVHIwfr5IjVmeG', 1, NULL, '2020-02-18 23:18:09'),
(793, 910, 'gc16001', 'gc16001@ues.edu.sv', '$2y$13$ie.0doR6uGmQ0vTExjVk9eOYiUIPh3fQw6sHEjShVHIwfr5IjVmeG', 1, NULL, '2020-02-18 23:18:09'),
(794, 911, 'rh16010', 'rh16010@ues.edu.sv', '$2y$13$ie.0doR6uGmQ0vTExjVk9eOYiUIPh3fQw6sHEjShVHIwfr5IjVmeG', 1, NULL, '2020-02-18 23:18:09'),
(795, 912, 'cg11029', 'cg11029@ues.edu.sv', '$2y$13$ie.0doR6uGmQ0vTExjVk9eOYiUIPh3fQw6sHEjShVHIwfr5IjVmeG', 1, NULL, '2020-02-18 23:18:09'),
(796, 913, 'pm15057', 'pm15057@ues.edu.sv', '$2y$13$ie.0doR6uGmQ0vTExjVk9eOYiUIPh3fQw6sHEjShVHIwfr5IjVmeG', 1, NULL, '2020-02-18 23:18:09'),
(797, 914, 'rc10050', 'rc10050@ues.edu.sv', '$2y$13$ie.0doR6uGmQ0vTExjVk9eOYiUIPh3fQw6sHEjShVHIwfr5IjVmeG', 1, NULL, '2020-02-18 23:18:09'),
(798, 915, 'qb13002', 'qb13002@ues.edu.sv', '$2y$13$ie.0doR6uGmQ0vTExjVk9eOYiUIPh3fQw6sHEjShVHIwfr5IjVmeG', 1, NULL, '2020-02-18 23:18:09'),
(799, 916, 'gv12032', 'gv12032@ues.edu.sv', '$2y$13$ie.0doR6uGmQ0vTExjVk9eOYiUIPh3fQw6sHEjShVHIwfr5IjVmeG', 1, NULL, '2020-02-18 23:18:09'),
(800, 917, 'lp10005', 'lp10005@ues.edu.sv', '$2y$13$ie.0doR6uGmQ0vTExjVk9eOYiUIPh3fQw6sHEjShVHIwfr5IjVmeG', 1, NULL, '2020-02-18 23:18:09'),
(801, 918, 'hm16001', 'hm16001@ues.edu.sv', '$2y$13$ie.0doR6uGmQ0vTExjVk9eOYiUIPh3fQw6sHEjShVHIwfr5IjVmeG', 1, NULL, '2020-02-18 23:18:09'),
(802, 919, 'gr16003', 'gr16003@ues.edu.sv', '$2y$13$ie.0doR6uGmQ0vTExjVk9eOYiUIPh3fQw6sHEjShVHIwfr5IjVmeG', 1, NULL, '2020-02-18 23:18:09'),
(803, 920, 'co08007', 'co08007@ues.edu.sv', '$2y$13$ie.0doR6uGmQ0vTExjVk9eOYiUIPh3fQw6sHEjShVHIwfr5IjVmeG', 1, NULL, '2020-02-18 23:18:09'),
(804, 921, 'sr12003', 'sr12003@ues.edu.sv', '$2y$13$ie.0doR6uGmQ0vTExjVk9eOYiUIPh3fQw6sHEjShVHIwfr5IjVmeG', 1, NULL, '2020-02-18 23:18:09'),
(805, 922, 'sf16002', 'sf16002@ues.edu.sv', '$2y$13$ie.0doR6uGmQ0vTExjVk9eOYiUIPh3fQw6sHEjShVHIwfr5IjVmeG', 1, NULL, '2020-02-18 23:18:09'),
(806, 923, 'me11022', 'me11022@ues.edu.sv', '$2y$13$ie.0doR6uGmQ0vTExjVk9eOYiUIPh3fQw6sHEjShVHIwfr5IjVmeG', 1, NULL, '2020-02-18 23:18:09'),
(807, 924, 'vl10001', 'vl10001@ues.edu.sv', '$2y$13$ie.0doR6uGmQ0vTExjVk9eOYiUIPh3fQw6sHEjShVHIwfr5IjVmeG', 1, NULL, '2020-02-18 23:18:09'),
(808, 925, 'rf16003', 'rf16003@ues.edu.sv', '$2y$13$ie.0doR6uGmQ0vTExjVk9eOYiUIPh3fQw6sHEjShVHIwfr5IjVmeG', 1, NULL, '2020-02-18 23:18:09'),
(809, 926, 'vz04002', 'vz04002@ues.edu.sv', '$2y$13$ie.0doR6uGmQ0vTExjVk9eOYiUIPh3fQw6sHEjShVHIwfr5IjVmeG', 1, NULL, '2020-02-18 23:18:09'),
(810, 927, 'me13001', 'me13001@ues.edu.sv', '$2y$13$ie.0doR6uGmQ0vTExjVk9eOYiUIPh3fQw6sHEjShVHIwfr5IjVmeG', 1, NULL, '2020-02-18 23:18:09'),
(811, 928, 'rm15118', 'rm15118@ues.edu.sv', '$2y$13$ie.0doR6uGmQ0vTExjVk9eOYiUIPh3fQw6sHEjShVHIwfr5IjVmeG', 1, NULL, '2020-02-18 23:18:09'),
(812, 929, 'vc10014', 'vc10014@ues.edu.sv', '$2y$13$ie.0doR6uGmQ0vTExjVk9eOYiUIPh3fQw6sHEjShVHIwfr5IjVmeG', 1, NULL, '2020-02-18 23:18:09'),
(813, 930, 'vf11016', 'vf11016@ues.edu.sv', '$2y$13$ie.0doR6uGmQ0vTExjVk9eOYiUIPh3fQw6sHEjShVHIwfr5IjVmeG', 1, NULL, '2020-02-18 23:18:09'),
(814, 931, 'rc10049', 'rc10049@ues.edu.sv', '$2y$13$ie.0doR6uGmQ0vTExjVk9eOYiUIPh3fQw6sHEjShVHIwfr5IjVmeG', 1, NULL, '2020-02-18 23:18:09'),
(815, 932, 'qm16001', 'qm16001@ues.edu.sv', '$2y$13$ie.0doR6uGmQ0vTExjVk9eOYiUIPh3fQw6sHEjShVHIwfr5IjVmeG', 1, NULL, '2020-02-18 23:18:09'),
(816, 933, 'rr07047', 'rr07047@ues.edu.sv', '$2y$13$ie.0doR6uGmQ0vTExjVk9eOYiUIPh3fQw6sHEjShVHIwfr5IjVmeG', 1, NULL, '2020-02-18 23:18:09'),
(817, 934, 'sh12005', 'sh12005@ues.edu.sv', '$2y$13$ie.0doR6uGmQ0vTExjVk9eOYiUIPh3fQw6sHEjShVHIwfr5IjVmeG', 1, NULL, '2020-02-18 23:18:09'),
(818, 935, 'mc10011', 'mc10011@ues.edu.sv', '$2y$13$ie.0doR6uGmQ0vTExjVk9eOYiUIPh3fQw6sHEjShVHIwfr5IjVmeG', 1, NULL, '2020-02-18 23:18:09'),
(819, 936, 'gp16025', 'gp16025@ues.edu.sv', '$2y$13$ie.0doR6uGmQ0vTExjVk9eOYiUIPh3fQw6sHEjShVHIwfr5IjVmeG', 1, NULL, '2020-02-18 23:18:09'),
(820, 937, 'rh07022', 'rh07022@ues.edu.sv', '$2y$13$ie.0doR6uGmQ0vTExjVk9eOYiUIPh3fQw6sHEjShVHIwfr5IjVmeG', 1, NULL, '2020-02-18 23:18:09'),
(821, 938, 'mc11004', 'mc11004@ues.edu.sv', '$2y$13$ie.0doR6uGmQ0vTExjVk9eOYiUIPh3fQw6sHEjShVHIwfr5IjVmeG', 1, NULL, '2020-02-18 23:18:09'),
(822, 939, 'la10006', 'la10006@ues.edu.sv', '$2y$13$ie.0doR6uGmQ0vTExjVk9eOYiUIPh3fQw6sHEjShVHIwfr5IjVmeG', 1, NULL, '2020-02-18 23:18:09'),
(823, 940, 'vv16030', 'vv16030@ues.edu.sv', '$2y$13$ie.0doR6uGmQ0vTExjVk9eOYiUIPh3fQw6sHEjShVHIwfr5IjVmeG', 1, NULL, '2020-02-18 23:18:09'),
(824, 941, 'as09021', 'as09021@ues.edu.sv', '$2y$13$ie.0doR6uGmQ0vTExjVk9eOYiUIPh3fQw6sHEjShVHIwfr5IjVmeG', 1, NULL, '2020-02-18 23:18:09'),
(825, 942, 'ng08001', 'ng08001@ues.edu.sv', '$2y$13$ie.0doR6uGmQ0vTExjVk9eOYiUIPh3fQw6sHEjShVHIwfr5IjVmeG', 1, NULL, '2020-02-18 23:18:09'),
(826, 943, 'gm12006', 'gm12006@ues.edu.sv', '$2y$13$ie.0doR6uGmQ0vTExjVk9eOYiUIPh3fQw6sHEjShVHIwfr5IjVmeG', 1, NULL, '2020-02-18 23:18:09'),
(827, 944, 'mg09080', 'mg09080@ues.edu.sv', '$2y$13$ie.0doR6uGmQ0vTExjVk9eOYiUIPh3fQw6sHEjShVHIwfr5IjVmeG', 1, NULL, '2020-02-18 23:18:09'),
(828, 945, 'ig15001', 'ig15001@ues.edu.sv', '$2y$13$ie.0doR6uGmQ0vTExjVk9eOYiUIPh3fQw6sHEjShVHIwfr5IjVmeG', 1, NULL, '2020-02-18 23:18:09'),
(829, 946, 'cc11118', 'cc11118@ues.edu.sv', '$2y$13$ie.0doR6uGmQ0vTExjVk9eOYiUIPh3fQw6sHEjShVHIwfr5IjVmeG', 1, NULL, '2020-02-18 23:18:09'),
(830, 947, 'tl11001', 'tl11001@ues.edu.sv', '$2y$13$ie.0doR6uGmQ0vTExjVk9eOYiUIPh3fQw6sHEjShVHIwfr5IjVmeG', 1, NULL, '2020-02-18 23:18:09'),
(831, 948, 'mm08069', 'mm08069@ues.edu.sv', '$2y$13$ie.0doR6uGmQ0vTExjVk9eOYiUIPh3fQw6sHEjShVHIwfr5IjVmeG', 1, NULL, '2020-02-18 23:18:09'),
(832, 949, 'rr13002', 'rr13002@ues.edu.sv', '$2y$13$ie.0doR6uGmQ0vTExjVk9eOYiUIPh3fQw6sHEjShVHIwfr5IjVmeG', 1, NULL, '2020-02-18 23:18:09'),
(833, 950, 'ma13021', 'ma13021@ues.edu.sv', '$2y$13$ie.0doR6uGmQ0vTExjVk9eOYiUIPh3fQw6sHEjShVHIwfr5IjVmeG', 1, NULL, '2020-02-18 23:18:09'),
(834, 951, 'ar15068', 'ar15068@ues.edu.sv', '$2y$13$ie.0doR6uGmQ0vTExjVk9eOYiUIPh3fQw6sHEjShVHIwfr5IjVmeG', 1, NULL, '2020-02-18 23:18:09'),
(835, 952, 'mm11015', 'mm11015@ues.edu.sv', '$2y$13$ie.0doR6uGmQ0vTExjVk9eOYiUIPh3fQw6sHEjShVHIwfr5IjVmeG', 1, NULL, '2020-02-18 23:18:09'),
(836, 953, 'sm11077', 'sm11077@ues.edu.sv', '$2y$13$ie.0doR6uGmQ0vTExjVk9eOYiUIPh3fQw6sHEjShVHIwfr5IjVmeG', 1, NULL, '2020-02-18 23:18:09'),
(837, 954, 'ga07043', 'ga07043@ues.edu.sv', '$2y$13$ie.0doR6uGmQ0vTExjVk9eOYiUIPh3fQw6sHEjShVHIwfr5IjVmeG', 1, NULL, '2020-02-18 23:18:09'),
(838, 955, 'hp12008', 'hp12008@ues.edu.sv', '$2y$13$ie.0doR6uGmQ0vTExjVk9eOYiUIPh3fQw6sHEjShVHIwfr5IjVmeG', 1, NULL, '2020-02-18 23:18:09'),
(839, 956, 'al08001', 'al08001@ues.edu.sv', '$2y$13$ie.0doR6uGmQ0vTExjVk9eOYiUIPh3fQw6sHEjShVHIwfr5IjVmeG', 1, NULL, '2020-02-18 23:18:09'),
(840, 957, 'va10016', 'va10016@ues.edu.sv', '$2y$13$ie.0doR6uGmQ0vTExjVk9eOYiUIPh3fQw6sHEjShVHIwfr5IjVmeG', 1, NULL, '2020-02-18 23:18:09'),
(841, 958, 'pr14008', 'pr14008@ues.edu.sv', '$2y$13$ie.0doR6uGmQ0vTExjVk9eOYiUIPh3fQw6sHEjShVHIwfr5IjVmeG', 1, NULL, '2020-02-18 23:18:09'),
(842, 959, 'ca13004', 'ca13004@ues.edu.sv', '$2y$13$ie.0doR6uGmQ0vTExjVk9eOYiUIPh3fQw6sHEjShVHIwfr5IjVmeG', 1, NULL, '2020-02-18 23:18:09'),
(843, 960, 'mr14015', 'mr14015@ues.edu.sv', '$2y$13$ie.0doR6uGmQ0vTExjVk9eOYiUIPh3fQw6sHEjShVHIwfr5IjVmeG', 1, NULL, '2020-02-18 23:18:09'),
(844, 961, 'mn15008', 'mn15008@ues.edu.sv', '$2y$13$ie.0doR6uGmQ0vTExjVk9eOYiUIPh3fQw6sHEjShVHIwfr5IjVmeG', 1, NULL, '2020-02-18 23:18:09'),
(845, 962, 'og99016', 'og99016@ues.edu.sv', '$2y$13$ie.0doR6uGmQ0vTExjVk9eOYiUIPh3fQw6sHEjShVHIwfr5IjVmeG', 1, NULL, '2020-02-18 23:18:09'),
(846, 963, 'pm11008', 'pm11008@ues.edu.sv', '$2y$13$ie.0doR6uGmQ0vTExjVk9eOYiUIPh3fQw6sHEjShVHIwfr5IjVmeG', 1, NULL, '2020-02-18 23:18:09'),
(847, 964, 'gm09032', 'gm09032@ues.edu.sv', '$2y$13$ie.0doR6uGmQ0vTExjVk9eOYiUIPh3fQw6sHEjShVHIwfr5IjVmeG', 1, NULL, '2020-02-18 23:18:09'),
(848, 965, 'hj15001', 'hj15001@ues.edu.sv', '$2y$13$ie.0doR6uGmQ0vTExjVk9eOYiUIPh3fQw6sHEjShVHIwfr5IjVmeG', 1, NULL, '2020-02-18 23:18:09'),
(849, 966, 'lo10003', 'lo10003@ues.edu.sv', '$2y$13$ie.0doR6uGmQ0vTExjVk9eOYiUIPh3fQw6sHEjShVHIwfr5IjVmeG', 1, NULL, '2020-02-18 23:18:09'),
(850, 967, 'gr97043', 'gr97043@ues.edu.sv', '$2y$13$ie.0doR6uGmQ0vTExjVk9eOYiUIPh3fQw6sHEjShVHIwfr5IjVmeG', 1, NULL, '2020-02-18 23:18:09'),
(851, 968, 'bs10011', 'bs10011@ues.edu.sv', '$2y$13$ie.0doR6uGmQ0vTExjVk9eOYiUIPh3fQw6sHEjShVHIwfr5IjVmeG', 1, NULL, '2020-02-18 23:18:09'),
(852, 969, 'al14002', 'al14002@ues.edu.sv', '$2y$13$ie.0doR6uGmQ0vTExjVk9eOYiUIPh3fQw6sHEjShVHIwfr5IjVmeG', 1, NULL, '2020-02-18 23:18:09'),
(853, 970, 'pj15005', 'pj15005@ues.edu.sv', '$2y$13$ie.0doR6uGmQ0vTExjVk9eOYiUIPh3fQw6sHEjShVHIwfr5IjVmeG', 1, NULL, '2020-02-18 23:18:09'),
(854, 971, 'cd16006', 'cd16006@ues.edu.sv', '$2y$13$ie.0doR6uGmQ0vTExjVk9eOYiUIPh3fQw6sHEjShVHIwfr5IjVmeG', 1, NULL, '2020-02-18 23:18:09'),
(855, 972, 'cr09120', 'cr09120@ues.edu.sv', '$2y$13$ie.0doR6uGmQ0vTExjVk9eOYiUIPh3fQw6sHEjShVHIwfr5IjVmeG', 1, NULL, '2020-02-18 23:18:09'),
(856, 973, 'hf11011', 'hf11011@ues.edu.sv', '$2y$13$ie.0doR6uGmQ0vTExjVk9eOYiUIPh3fQw6sHEjShVHIwfr5IjVmeG', 1, NULL, '2020-02-18 23:18:09'),
(857, 974, 'cl13002', 'cl13002@ues.edu.sv', '$2y$13$ie.0doR6uGmQ0vTExjVk9eOYiUIPh3fQw6sHEjShVHIwfr5IjVmeG', 1, NULL, '2020-02-18 23:18:09'),
(858, 975, 'ba12026', 'ba12026@ues.edu.sv', '$2y$13$ie.0doR6uGmQ0vTExjVk9eOYiUIPh3fQw6sHEjShVHIwfr5IjVmeG', 1, NULL, '2020-02-18 23:18:09'),
(859, 976, 'va13001', 'va13001@ues.edu.sv', '$2y$13$ie.0doR6uGmQ0vTExjVk9eOYiUIPh3fQw6sHEjShVHIwfr5IjVmeG', 1, NULL, '2020-02-18 23:18:09'),
(860, 977, 'iv08001', 'iv08001@ues.edu.sv', '$2y$13$ie.0doR6uGmQ0vTExjVk9eOYiUIPh3fQw6sHEjShVHIwfr5IjVmeG', 1, NULL, '2020-02-18 23:18:09'),
(861, 978, 'mh11066', 'mh11066@ues.edu.sv', '$2y$13$ie.0doR6uGmQ0vTExjVk9eOYiUIPh3fQw6sHEjShVHIwfr5IjVmeG', 1, NULL, '2020-02-18 23:18:09'),
(862, 979, 'ma14027', 'ma14027@ues.edu.sv', '$2y$13$ie.0doR6uGmQ0vTExjVk9eOYiUIPh3fQw6sHEjShVHIwfr5IjVmeG', 1, NULL, '2020-02-18 23:18:09'),
(863, 980, 'gv06003', 'gv06003@ues.edu.sv', '$2y$13$ie.0doR6uGmQ0vTExjVk9eOYiUIPh3fQw6sHEjShVHIwfr5IjVmeG', 1, NULL, '2020-02-18 23:18:09'),
(864, 981, 'hm13054', 'hm13054@ues.edu.sv', '$2y$13$ie.0doR6uGmQ0vTExjVk9eOYiUIPh3fQw6sHEjShVHIwfr5IjVmeG', 1, NULL, '2020-02-18 23:18:09'),
(865, 982, 'lc10015', 'lc10015@ues.edu.sv', '$2y$13$ie.0doR6uGmQ0vTExjVk9eOYiUIPh3fQw6sHEjShVHIwfr5IjVmeG', 1, NULL, '2020-02-18 23:18:09'),
(866, 983, 'gm16066', 'gm16066@ues.edu.sv', '$2y$13$ie.0doR6uGmQ0vTExjVk9eOYiUIPh3fQw6sHEjShVHIwfr5IjVmeG', 1, NULL, '2020-02-18 23:18:09'),
(867, 984, 'mv16046', 'mv16046@ues.edu.sv', '$2y$13$ie.0doR6uGmQ0vTExjVk9eOYiUIPh3fQw6sHEjShVHIwfr5IjVmeG', 1, NULL, '2020-02-18 23:18:09'),
(868, 985, 'rg14087', 'rg14087@ues.edu.sv', '$2y$13$ie.0doR6uGmQ0vTExjVk9eOYiUIPh3fQw6sHEjShVHIwfr5IjVmeG', 1, NULL, '2020-02-18 23:18:09'),
(869, 986, 'bb11003', 'bb11003@ues.edu.sv', '$2y$13$ie.0doR6uGmQ0vTExjVk9eOYiUIPh3fQw6sHEjShVHIwfr5IjVmeG', 1, NULL, '2020-02-18 23:18:09'),
(870, 987, 'mp10081', 'mp10081@ues.edu.sv', '$2y$13$ie.0doR6uGmQ0vTExjVk9eOYiUIPh3fQw6sHEjShVHIwfr5IjVmeG', 1, NULL, '2020-02-18 23:18:09'),
(871, 988, 'rf14014', 'rf14014@ues.edu.sv', '$2y$13$ie.0doR6uGmQ0vTExjVk9eOYiUIPh3fQw6sHEjShVHIwfr5IjVmeG', 1, NULL, '2020-02-18 23:18:09'),
(872, 989, 'bm10009', 'bm10009@ues.edu.sv', '$2y$13$ie.0doR6uGmQ0vTExjVk9eOYiUIPh3fQw6sHEjShVHIwfr5IjVmeG', 1, NULL, '2020-02-18 23:18:09'),
(873, 990, 'di08001', 'di08001@ues.edu.sv', '$2y$13$ie.0doR6uGmQ0vTExjVk9eOYiUIPh3fQw6sHEjShVHIwfr5IjVmeG', 1, NULL, '2020-02-18 23:18:09'),
(874, 991, 'ba03027', 'ba03027@ues.edu.sv', '$2y$13$ie.0doR6uGmQ0vTExjVk9eOYiUIPh3fQw6sHEjShVHIwfr5IjVmeG', 1, NULL, '2020-02-18 23:18:09'),
(875, 992, 'hs15018', 'hs15018@ues.edu.sv', '$2y$13$ie.0doR6uGmQ0vTExjVk9eOYiUIPh3fQw6sHEjShVHIwfr5IjVmeG', 1, NULL, '2020-02-18 23:18:09'),
(876, 993, 'sm05031', 'sm05031@ues.edu.sv', '$2y$13$ie.0doR6uGmQ0vTExjVk9eOYiUIPh3fQw6sHEjShVHIwfr5IjVmeG', 1, NULL, '2020-02-18 23:18:09'),
(877, 994, 'aa13032', 'aa13032@ues.edu.sv', '$2y$13$ie.0doR6uGmQ0vTExjVk9eOYiUIPh3fQw6sHEjShVHIwfr5IjVmeG', 1, NULL, '2020-02-18 23:18:09'),
(878, 995, 'eh04001', 'eh04001@ues.edu.sv', '$2y$13$ie.0doR6uGmQ0vTExjVk9eOYiUIPh3fQw6sHEjShVHIwfr5IjVmeG', 1, NULL, '2020-02-18 23:18:09'),
(879, 996, 'ah12002', 'ah12002@ues.edu.sv', '$2y$13$ie.0doR6uGmQ0vTExjVk9eOYiUIPh3fQw6sHEjShVHIwfr5IjVmeG', 1, NULL, '2020-02-18 23:18:09'),
(880, 997, 'hp08005', 'hp08005@ues.edu.sv', '$2y$13$ie.0doR6uGmQ0vTExjVk9eOYiUIPh3fQw6sHEjShVHIwfr5IjVmeG', 1, NULL, '2020-02-18 23:18:09'),
(881, 998, 'mc09084', 'mc09084@ues.edu.sv', '$2y$13$ie.0doR6uGmQ0vTExjVk9eOYiUIPh3fQw6sHEjShVHIwfr5IjVmeG', 1, NULL, '2020-02-18 23:18:09'),
(882, 999, 'am12048', 'am12048@ues.edu.sv', '$2y$13$ie.0doR6uGmQ0vTExjVk9eOYiUIPh3fQw6sHEjShVHIwfr5IjVmeG', 1, NULL, '2020-02-18 23:18:09'),
(883, 1000, 'hh14028', 'hh14028@ues.edu.sv', '$2y$13$ie.0doR6uGmQ0vTExjVk9eOYiUIPh3fQw6sHEjShVHIwfr5IjVmeG', 1, NULL, '2020-02-18 23:18:09'),
(884, 1001, 'ms16035', 'ms16035@ues.edu.sv', '$2y$13$ie.0doR6uGmQ0vTExjVk9eOYiUIPh3fQw6sHEjShVHIwfr5IjVmeG', 1, NULL, '2020-02-18 23:18:09'),
(885, 1002, 'hr13017', 'hr13017@ues.edu.sv', '$2y$13$ie.0doR6uGmQ0vTExjVk9eOYiUIPh3fQw6sHEjShVHIwfr5IjVmeG', 1, NULL, '2020-02-18 23:18:09'),
(886, 1003, 'th16002', 'th16002@ues.edu.sv', '$2y$13$ie.0doR6uGmQ0vTExjVk9eOYiUIPh3fQw6sHEjShVHIwfr5IjVmeG', 1, NULL, '2020-02-18 23:18:09'),
(887, 1004, 'rf12011', 'rf12011@ues.edu.sv', '$2y$13$ie.0doR6uGmQ0vTExjVk9eOYiUIPh3fQw6sHEjShVHIwfr5IjVmeG', 1, NULL, '2020-02-18 23:18:09'),
(888, 1005, 'mm14030', 'mm14030@ues.edu.sv', '$2y$13$ie.0doR6uGmQ0vTExjVk9eOYiUIPh3fQw6sHEjShVHIwfr5IjVmeG', 1, NULL, '2020-02-18 23:18:09'),
(889, 1006, 'ic14002', 'ic14002@ues.edu.sv', '$2y$13$ie.0doR6uGmQ0vTExjVk9eOYiUIPh3fQw6sHEjShVHIwfr5IjVmeG', 1, NULL, '2020-02-18 23:18:09'),
(890, 1007, 'sv15002', 'sv15002@ues.edu.sv', '$2y$13$ie.0doR6uGmQ0vTExjVk9eOYiUIPh3fQw6sHEjShVHIwfr5IjVmeG', 1, NULL, '2020-02-18 23:18:09'),
(891, 1008, 'rc16018', 'rc16018@ues.edu.sv', '$2y$13$ie.0doR6uGmQ0vTExjVk9eOYiUIPh3fQw6sHEjShVHIwfr5IjVmeG', 1, NULL, '2020-02-18 23:18:09'),
(892, 1009, 'gr14017', 'gr14017@ues.edu.sv', '$2y$13$ie.0doR6uGmQ0vTExjVk9eOYiUIPh3fQw6sHEjShVHIwfr5IjVmeG', 1, NULL, '2020-02-18 23:18:09'),
(893, 1010, 'as13053', 'as13053@ues.edu.sv', '$2y$13$ie.0doR6uGmQ0vTExjVk9eOYiUIPh3fQw6sHEjShVHIwfr5IjVmeG', 1, NULL, '2020-02-18 23:18:09'),
(894, 1011, 'cl16010', 'cl16010@ues.edu.sv', '$2y$13$ie.0doR6uGmQ0vTExjVk9eOYiUIPh3fQw6sHEjShVHIwfr5IjVmeG', 1, NULL, '2020-02-18 23:18:09'),
(895, 1012, 'sv08008', 'sv08008@ues.edu.sv', '$2y$13$ie.0doR6uGmQ0vTExjVk9eOYiUIPh3fQw6sHEjShVHIwfr5IjVmeG', 1, NULL, '2020-02-18 23:18:09'),
(896, 1013, 'pb16009', 'pb16009@ues.edu.sv', '$2y$13$ie.0doR6uGmQ0vTExjVk9eOYiUIPh3fQw6sHEjShVHIwfr5IjVmeG', 1, NULL, '2020-02-18 23:18:09'),
(897, 1014, 'sa16032', 'sa16032@ues.edu.sv', '$2y$13$ie.0doR6uGmQ0vTExjVk9eOYiUIPh3fQw6sHEjShVHIwfr5IjVmeG', 1, NULL, '2020-02-18 23:18:09'),
(898, 1015, 'hc15019', 'hc15019@ues.edu.sv', '$2y$13$ie.0doR6uGmQ0vTExjVk9eOYiUIPh3fQw6sHEjShVHIwfr5IjVmeG', 1, NULL, '2020-02-18 23:18:09'),
(899, 1016, 'vm11009', 'vm11009@ues.edu.sv', '$2y$13$ie.0doR6uGmQ0vTExjVk9eOYiUIPh3fQw6sHEjShVHIwfr5IjVmeG', 1, NULL, '2020-02-18 23:18:09'),
(900, 1017, 'la13042', 'la13042@ues.edu.sv', '$2y$13$ie.0doR6uGmQ0vTExjVk9eOYiUIPh3fQw6sHEjShVHIwfr5IjVmeG', 1, NULL, '2020-02-18 23:18:09'),
(901, 1018, 'sd13010', 'sd13010@ues.edu.sv', '$2y$13$ie.0doR6uGmQ0vTExjVk9eOYiUIPh3fQw6sHEjShVHIwfr5IjVmeG', 1, NULL, '2020-02-18 23:18:09'),
(902, 1019, 'sf09006', 'sf09006@ues.edu.sv', '$2y$13$ie.0doR6uGmQ0vTExjVk9eOYiUIPh3fQw6sHEjShVHIwfr5IjVmeG', 1, NULL, '2020-02-18 23:18:09'),
(903, 1020, 'mz12005', 'mz12005@ues.edu.sv', '$2y$13$ie.0doR6uGmQ0vTExjVk9eOYiUIPh3fQw6sHEjShVHIwfr5IjVmeG', 1, NULL, '2020-02-18 23:18:09'),
(904, 1021, 'hj13003', 'hj13003@ues.edu.sv', '$2y$13$ie.0doR6uGmQ0vTExjVk9eOYiUIPh3fQw6sHEjShVHIwfr5IjVmeG', 1, NULL, '2020-02-18 23:18:09'),
(905, 1022, 'ms12010', 'ms12010@ues.edu.sv', '$2y$13$ie.0doR6uGmQ0vTExjVk9eOYiUIPh3fQw6sHEjShVHIwfr5IjVmeG', 1, NULL, '2020-02-18 23:18:09'),
(906, 1023, 'mz16005', 'mz16005@ues.edu.sv', '$2y$13$ie.0doR6uGmQ0vTExjVk9eOYiUIPh3fQw6sHEjShVHIwfr5IjVmeG', 1, NULL, '2020-02-18 23:18:09'),
(907, 1024, 'cr15089', 'cr15089@ues.edu.sv', '$2y$13$ie.0doR6uGmQ0vTExjVk9eOYiUIPh3fQw6sHEjShVHIwfr5IjVmeG', 1, NULL, '2020-02-18 23:18:09'),
(908, 1025, 'sv12001', 'sv12001@ues.edu.sv', '$2y$13$ie.0doR6uGmQ0vTExjVk9eOYiUIPh3fQw6sHEjShVHIwfr5IjVmeG', 1, NULL, '2020-02-18 23:18:09'),
(909, 1026, 'rc08070', 'rc08070@ues.edu.sv', '$2y$13$ie.0doR6uGmQ0vTExjVk9eOYiUIPh3fQw6sHEjShVHIwfr5IjVmeG', 1, NULL, '2020-02-18 23:18:09'),
(910, 1027, 'mo10003', 'mo10003@ues.edu.sv', '$2y$13$ie.0doR6uGmQ0vTExjVk9eOYiUIPh3fQw6sHEjShVHIwfr5IjVmeG', 1, NULL, '2020-02-18 23:18:09'),
(911, 1028, 'av15015', 'av15015@ues.edu.sv', '$2y$13$ie.0doR6uGmQ0vTExjVk9eOYiUIPh3fQw6sHEjShVHIwfr5IjVmeG', 1, NULL, '2020-02-18 23:18:09'),
(912, 1029, 'cm14023', 'cm14023@ues.edu.sv', '$2y$13$ie.0doR6uGmQ0vTExjVk9eOYiUIPh3fQw6sHEjShVHIwfr5IjVmeG', 1, NULL, '2020-02-18 23:18:09'),
(913, 1030, 'mr16003', 'mr16003@ues.edu.sv', '$2y$13$ie.0doR6uGmQ0vTExjVk9eOYiUIPh3fQw6sHEjShVHIwfr5IjVmeG', 1, NULL, '2020-02-18 23:18:09'),
(914, 1031, 'eo97003', 'eo97003@ues.edu.sv', '$2y$13$ie.0doR6uGmQ0vTExjVk9eOYiUIPh3fQw6sHEjShVHIwfr5IjVmeG', 1, NULL, '2020-02-18 23:18:09'),
(915, 1032, 'lv10022', 'lv10022@ues.edu.sv', '$2y$13$ie.0doR6uGmQ0vTExjVk9eOYiUIPh3fQw6sHEjShVHIwfr5IjVmeG', 1, NULL, '2020-02-18 23:18:09'),
(916, 1033, 'pc06009', 'pc06009@ues.edu.sv', '$2y$13$ie.0doR6uGmQ0vTExjVk9eOYiUIPh3fQw6sHEjShVHIwfr5IjVmeG', 1, NULL, '2020-02-18 23:18:09'),
(917, 1034, 'jb13004', 'jb13004@ues.edu.sv', '$2y$13$ie.0doR6uGmQ0vTExjVk9eOYiUIPh3fQw6sHEjShVHIwfr5IjVmeG', 1, NULL, '2020-02-18 23:18:09'),
(918, 1035, 'gm08063', 'gm08063@ues.edu.sv', '$2y$13$ie.0doR6uGmQ0vTExjVk9eOYiUIPh3fQw6sHEjShVHIwfr5IjVmeG', 1, NULL, '2020-02-18 23:18:09'),
(919, 1036, 'cc14025', 'cc14025@ues.edu.sv', '$2y$13$ie.0doR6uGmQ0vTExjVk9eOYiUIPh3fQw6sHEjShVHIwfr5IjVmeG', 1, NULL, '2020-02-18 23:18:09'),
(920, 1037, 'ca05085', 'ca05085@ues.edu.sv', '$2y$13$ie.0doR6uGmQ0vTExjVk9eOYiUIPh3fQw6sHEjShVHIwfr5IjVmeG', 1, NULL, '2020-02-18 23:18:09'),
(921, 1038, 'zt12002', 'zt12002@ues.edu.sv', '$2y$13$ie.0doR6uGmQ0vTExjVk9eOYiUIPh3fQw6sHEjShVHIwfr5IjVmeG', 1, NULL, '2020-02-18 23:18:09'),
(922, 1039, 'ns12002', 'ns12002@ues.edu.sv', '$2y$13$ie.0doR6uGmQ0vTExjVk9eOYiUIPh3fQw6sHEjShVHIwfr5IjVmeG', 1, NULL, '2020-02-18 23:18:09'),
(923, 1040, 'ph12014', 'ph12014@ues.edu.sv', '$2y$13$ie.0doR6uGmQ0vTExjVk9eOYiUIPh3fQw6sHEjShVHIwfr5IjVmeG', 1, NULL, '2020-02-18 23:18:09'),
(924, 1041, 'ce12006', 'ce12006@ues.edu.sv', '$2y$13$ie.0doR6uGmQ0vTExjVk9eOYiUIPh3fQw6sHEjShVHIwfr5IjVmeG', 1, NULL, '2020-02-18 23:18:09'),
(925, 1042, 'vp03021', 'vp03021@ues.edu.sv', '$2y$13$ie.0doR6uGmQ0vTExjVk9eOYiUIPh3fQw6sHEjShVHIwfr5IjVmeG', 1, NULL, '2020-02-18 23:18:09'),
(926, 1043, 'mm15108', 'mm15108@ues.edu.sv', '$2y$13$ie.0doR6uGmQ0vTExjVk9eOYiUIPh3fQw6sHEjShVHIwfr5IjVmeG', 1, NULL, '2020-02-18 23:18:09'),
(927, 1044, 'rf11025', 'rf11025@ues.edu.sv', '$2y$13$ie.0doR6uGmQ0vTExjVk9eOYiUIPh3fQw6sHEjShVHIwfr5IjVmeG', 1, NULL, '2020-02-18 23:18:09'),
(928, 1045, 'mg15009', 'mg15009@ues.edu.sv', '$2y$13$ie.0doR6uGmQ0vTExjVk9eOYiUIPh3fQw6sHEjShVHIwfr5IjVmeG', 1, NULL, '2020-02-18 23:18:09'),
(929, 1046, 'vp10007', 'vp10007@ues.edu.sv', '$2y$13$ie.0doR6uGmQ0vTExjVk9eOYiUIPh3fQw6sHEjShVHIwfr5IjVmeG', 1, NULL, '2020-02-18 23:18:09'),
(930, 1047, 'sc08010', 'sc08010@ues.edu.sv', '$2y$13$ie.0doR6uGmQ0vTExjVk9eOYiUIPh3fQw6sHEjShVHIwfr5IjVmeG', 1, NULL, '2020-02-18 23:18:09'),
(931, 1048, 'sm05083', 'sm05083@ues.edu.sv', '$2y$13$ie.0doR6uGmQ0vTExjVk9eOYiUIPh3fQw6sHEjShVHIwfr5IjVmeG', 1, NULL, '2020-02-18 23:18:09'),
(932, 1049, 'ym15001', 'ym15001@ues.edu.sv', '$2y$13$ie.0doR6uGmQ0vTExjVk9eOYiUIPh3fQw6sHEjShVHIwfr5IjVmeG', 1, NULL, '2020-02-18 23:18:09'),
(933, 1050, 'ma12013', 'ma12013@ues.edu.sv', '$2y$13$ie.0doR6uGmQ0vTExjVk9eOYiUIPh3fQw6sHEjShVHIwfr5IjVmeG', 1, NULL, '2020-02-18 23:18:09'),
(934, 1051, 'zp12001', 'zp12001@ues.edu.sv', '$2y$13$ie.0doR6uGmQ0vTExjVk9eOYiUIPh3fQw6sHEjShVHIwfr5IjVmeG', 1, NULL, '2020-02-18 23:18:09'),
(935, 1052, 'aa09123', 'aa09123@ues.edu.sv', '$2y$13$ie.0doR6uGmQ0vTExjVk9eOYiUIPh3fQw6sHEjShVHIwfr5IjVmeG', 1, NULL, '2020-02-18 23:18:09'),
(936, 1053, 'ea13003', 'ea13003@ues.edu.sv', '$2y$13$ie.0doR6uGmQ0vTExjVk9eOYiUIPh3fQw6sHEjShVHIwfr5IjVmeG', 1, NULL, '2020-02-18 23:18:09'),
(937, 1054, 'fv16005', 'fv16005@ues.edu.sv', '$2y$13$ie.0doR6uGmQ0vTExjVk9eOYiUIPh3fQw6sHEjShVHIwfr5IjVmeG', 1, NULL, '2020-02-18 23:18:09'),
(938, 1055, 'sm08031', 'sm08031@ues.edu.sv', '$2y$13$ie.0doR6uGmQ0vTExjVk9eOYiUIPh3fQw6sHEjShVHIwfr5IjVmeG', 1, NULL, '2020-02-18 23:18:09'),
(939, 1056, 'lm12013', 'lm12013@ues.edu.sv', '$2y$13$ie.0doR6uGmQ0vTExjVk9eOYiUIPh3fQw6sHEjShVHIwfr5IjVmeG', 1, NULL, '2020-02-18 23:18:09'),
(940, 1057, 'mg13012', 'mg13012@ues.edu.sv', '$2y$13$ie.0doR6uGmQ0vTExjVk9eOYiUIPh3fQw6sHEjShVHIwfr5IjVmeG', 1, NULL, '2020-02-18 23:18:09'),
(941, 1058, 'ag09071', 'ag09071@ues.edu.sv', '$2y$13$ie.0doR6uGmQ0vTExjVk9eOYiUIPh3fQw6sHEjShVHIwfr5IjVmeG', 1, NULL, '2020-02-18 23:18:09'),
(942, 1059, 'gv09031', 'gv09031@ues.edu.sv', '$2y$13$ie.0doR6uGmQ0vTExjVk9eOYiUIPh3fQw6sHEjShVHIwfr5IjVmeG', 1, NULL, '2020-02-18 23:18:09'),
(943, 1060, 'gm13015', 'gm13015@ues.edu.sv', '$2y$13$ie.0doR6uGmQ0vTExjVk9eOYiUIPh3fQw6sHEjShVHIwfr5IjVmeG', 1, NULL, '2020-02-18 23:18:09'),
(944, 1061, 'sm06052', 'sm06052@ues.edu.sv', '$2y$13$ie.0doR6uGmQ0vTExjVk9eOYiUIPh3fQw6sHEjShVHIwfr5IjVmeG', 1, NULL, '2020-02-18 23:18:09'),
(945, 1062, 'ga01050', 'ga01050@ues.edu.sv', '$2y$13$ie.0doR6uGmQ0vTExjVk9eOYiUIPh3fQw6sHEjShVHIwfr5IjVmeG', 1, NULL, '2020-02-18 23:18:09'),
(946, 1063, 'pp04069', 'pp04069@ues.edu.sv', '$2y$13$ie.0doR6uGmQ0vTExjVk9eOYiUIPh3fQw6sHEjShVHIwfr5IjVmeG', 1, NULL, '2020-02-18 23:18:09'),
(947, 1064, 'rg12019', 'rg12019@ues.edu.sv', '$2y$13$ie.0doR6uGmQ0vTExjVk9eOYiUIPh3fQw6sHEjShVHIwfr5IjVmeG', 1, NULL, '2020-02-18 23:18:09'),
(948, 1065, 'gg13013', 'gg13013@ues.edu.sv', '$2y$13$ie.0doR6uGmQ0vTExjVk9eOYiUIPh3fQw6sHEjShVHIwfr5IjVmeG', 1, NULL, '2020-02-18 23:18:09'),
(949, 1066, 'hr07002', 'hr07002@ues.edu.sv', '$2y$13$ie.0doR6uGmQ0vTExjVk9eOYiUIPh3fQw6sHEjShVHIwfr5IjVmeG', 1, NULL, '2020-02-18 23:18:09'),
(950, 1067, 'ch15013', 'ch15013@ues.edu.sv', '$2y$13$ie.0doR6uGmQ0vTExjVk9eOYiUIPh3fQw6sHEjShVHIwfr5IjVmeG', 1, NULL, '2020-02-18 23:18:09'),
(951, 1068, 'rg09042', 'rg09042@ues.edu.sv', '$2y$13$ie.0doR6uGmQ0vTExjVk9eOYiUIPh3fQw6sHEjShVHIwfr5IjVmeG', 1, NULL, '2020-02-18 23:18:09'),
(952, 1069, 'me12007', 'me12007@ues.edu.sv', '$2y$13$ie.0doR6uGmQ0vTExjVk9eOYiUIPh3fQw6sHEjShVHIwfr5IjVmeG', 1, NULL, '2020-02-18 23:18:09'),
(953, 1070, 'za00002', 'za00002@ues.edu.sv', '$2y$13$ie.0doR6uGmQ0vTExjVk9eOYiUIPh3fQw6sHEjShVHIwfr5IjVmeG', 1, NULL, '2020-02-18 23:18:09'),
(954, 1071, 'fb15001', 'fb15001@ues.edu.sv', '$2y$13$ie.0doR6uGmQ0vTExjVk9eOYiUIPh3fQw6sHEjShVHIwfr5IjVmeG', 1, NULL, '2020-02-18 23:18:09'),
(955, 1072, 'mv09033', 'mv09033@ues.edu.sv', '$2y$13$ie.0doR6uGmQ0vTExjVk9eOYiUIPh3fQw6sHEjShVHIwfr5IjVmeG', 1, NULL, '2020-02-18 23:18:09'),
(956, 1073, 'mm05221', 'mm05221@ues.edu.sv', '$2y$13$ie.0doR6uGmQ0vTExjVk9eOYiUIPh3fQw6sHEjShVHIwfr5IjVmeG', 1, NULL, '2020-02-18 23:18:09'),
(957, 1074, 're05032', 're05032@ues.edu.sv', '$2y$13$ie.0doR6uGmQ0vTExjVk9eOYiUIPh3fQw6sHEjShVHIwfr5IjVmeG', 1, NULL, '2020-02-18 23:18:09'),
(958, 1075, 'rs16005', 'rs16005@ues.edu.sv', '$2y$13$ie.0doR6uGmQ0vTExjVk9eOYiUIPh3fQw6sHEjShVHIwfr5IjVmeG', 1, NULL, '2020-02-18 23:18:09'),
(959, 1076, 'rc11016', 'rc11016@ues.edu.sv', '$2y$13$ie.0doR6uGmQ0vTExjVk9eOYiUIPh3fQw6sHEjShVHIwfr5IjVmeG', 1, NULL, '2020-02-18 23:18:09'),
(960, 1077, 'vr12015', 'vr12015@ues.edu.sv', '$2y$13$ie.0doR6uGmQ0vTExjVk9eOYiUIPh3fQw6sHEjShVHIwfr5IjVmeG', 1, NULL, '2020-02-18 23:18:09'),
(961, 1078, 'hv13023', 'hv13023@ues.edu.sv', '$2y$13$ie.0doR6uGmQ0vTExjVk9eOYiUIPh3fQw6sHEjShVHIwfr5IjVmeG', 1, NULL, '2020-02-18 23:18:09'),
(962, 1079, 'ub16002', 'ub16002@ues.edu.sv', '$2y$13$ie.0doR6uGmQ0vTExjVk9eOYiUIPh3fQw6sHEjShVHIwfr5IjVmeG', 1, NULL, '2020-02-18 23:18:09'),
(963, 1080, 'ca14003', 'ca14003@ues.edu.sv', '$2y$13$ie.0doR6uGmQ0vTExjVk9eOYiUIPh3fQw6sHEjShVHIwfr5IjVmeG', 1, NULL, '2020-02-18 23:18:09'),
(964, 1081, 'fl15005', 'fl15005@ues.edu.sv', '$2y$13$ie.0doR6uGmQ0vTExjVk9eOYiUIPh3fQw6sHEjShVHIwfr5IjVmeG', 1, NULL, '2020-02-18 23:18:09'),
(965, 1082, 'gm14114', 'gm14114@ues.edu.sv', '$2y$13$ie.0doR6uGmQ0vTExjVk9eOYiUIPh3fQw6sHEjShVHIwfr5IjVmeG', 1, NULL, '2020-02-18 23:18:09'),
(966, 1083, 'go11001', 'go11001@ues.edu.sv', '$2y$13$ie.0doR6uGmQ0vTExjVk9eOYiUIPh3fQw6sHEjShVHIwfr5IjVmeG', 1, NULL, '2020-02-18 23:18:09'),
(967, 1084, 'cg09104', 'cg09104@ues.edu.sv', '$2y$13$ie.0doR6uGmQ0vTExjVk9eOYiUIPh3fQw6sHEjShVHIwfr5IjVmeG', 1, NULL, '2020-02-18 23:18:09'),
(968, 1085, 'dc16009', 'dc16009@ues.edu.sv', '$2y$13$ie.0doR6uGmQ0vTExjVk9eOYiUIPh3fQw6sHEjShVHIwfr5IjVmeG', 1, NULL, '2020-02-18 23:18:09'),
(969, 1086, 'cb15012', 'cb15012@ues.edu.sv', '$2y$13$ie.0doR6uGmQ0vTExjVk9eOYiUIPh3fQw6sHEjShVHIwfr5IjVmeG', 1, NULL, '2020-02-18 23:18:09'),
(970, 1087, 'vr16021', 'vr16021@ues.edu.sv', '$2y$13$ie.0doR6uGmQ0vTExjVk9eOYiUIPh3fQw6sHEjShVHIwfr5IjVmeG', 1, NULL, '2020-02-18 23:18:09'),
(971, 1088, 'vp12009', 'vp12009@ues.edu.sv', '$2y$13$ie.0doR6uGmQ0vTExjVk9eOYiUIPh3fQw6sHEjShVHIwfr5IjVmeG', 1, NULL, '2020-02-18 23:18:09'),
(972, 1089, 'hp11018', 'hp11018@ues.edu.sv', '$2y$13$ie.0doR6uGmQ0vTExjVk9eOYiUIPh3fQw6sHEjShVHIwfr5IjVmeG', 1, NULL, '2020-02-18 23:18:09'),
(973, 1090, 'ag02007', 'ag02007@ues.edu.sv', '$2y$13$ie.0doR6uGmQ0vTExjVk9eOYiUIPh3fQw6sHEjShVHIwfr5IjVmeG', 1, NULL, '2020-02-18 23:18:09'),
(974, 1091, 'lh10007', 'lh10007@ues.edu.sv', '$2y$13$ie.0doR6uGmQ0vTExjVk9eOYiUIPh3fQw6sHEjShVHIwfr5IjVmeG', 1, NULL, '2020-02-18 23:18:09'),
(975, 1092, 'rr16033', 'rr16033@ues.edu.sv', '$2y$13$ie.0doR6uGmQ0vTExjVk9eOYiUIPh3fQw6sHEjShVHIwfr5IjVmeG', 1, NULL, '2020-02-18 23:18:09'),
(976, 1093, 'cv16047', 'cv16047@ues.edu.sv', '$2y$13$ie.0doR6uGmQ0vTExjVk9eOYiUIPh3fQw6sHEjShVHIwfr5IjVmeG', 1, NULL, '2020-02-18 23:18:09'),
(977, 1094, 'gn06001', 'gn06001@ues.edu.sv', '$2y$13$ie.0doR6uGmQ0vTExjVk9eOYiUIPh3fQw6sHEjShVHIwfr5IjVmeG', 1, NULL, '2020-02-18 23:18:09'),
(978, 1095, 'md13017', 'md13017@ues.edu.sv', '$2y$13$ie.0doR6uGmQ0vTExjVk9eOYiUIPh3fQw6sHEjShVHIwfr5IjVmeG', 1, NULL, '2020-02-18 23:18:09'),
(979, 1096, 'hs15019', 'hs15019@ues.edu.sv', '$2y$13$ie.0doR6uGmQ0vTExjVk9eOYiUIPh3fQw6sHEjShVHIwfr5IjVmeG', 1, NULL, '2020-02-18 23:18:09'),
(980, 1097, 'rg12001', 'rg12001@ues.edu.sv', '$2y$13$ie.0doR6uGmQ0vTExjVk9eOYiUIPh3fQw6sHEjShVHIwfr5IjVmeG', 1, NULL, '2020-02-18 23:18:09'),
(981, 1098, 'pp08016', 'pp08016@ues.edu.sv', '$2y$13$ie.0doR6uGmQ0vTExjVk9eOYiUIPh3fQw6sHEjShVHIwfr5IjVmeG', 1, NULL, '2020-02-18 23:18:09'),
(982, 1099, 'om11003', 'om11003@ues.edu.sv', '$2y$13$ie.0doR6uGmQ0vTExjVk9eOYiUIPh3fQw6sHEjShVHIwfr5IjVmeG', 1, NULL, '2020-02-18 23:18:09'),
(983, 1100, 'lj16001', 'lj16001@ues.edu.sv', '$2y$13$ie.0doR6uGmQ0vTExjVk9eOYiUIPh3fQw6sHEjShVHIwfr5IjVmeG', 1, NULL, '2020-02-18 23:18:09'),
(984, 1101, 'gl11029', 'gl11029@ues.edu.sv', '$2y$13$ie.0doR6uGmQ0vTExjVk9eOYiUIPh3fQw6sHEjShVHIwfr5IjVmeG', 1, NULL, '2020-02-18 23:18:09'),
(985, 1102, 'mm16049', 'mm16049@ues.edu.sv', '$2y$13$ie.0doR6uGmQ0vTExjVk9eOYiUIPh3fQw6sHEjShVHIwfr5IjVmeG', 1, NULL, '2020-02-18 23:18:09'),
(986, 1103, 'av16002', 'av16002@ues.edu.sv', '$2y$13$ie.0doR6uGmQ0vTExjVk9eOYiUIPh3fQw6sHEjShVHIwfr5IjVmeG', 1, NULL, '2020-02-18 23:18:09'),
(987, 1104, 'rt13020', 'rt13020@ues.edu.sv', '$2y$13$ie.0doR6uGmQ0vTExjVk9eOYiUIPh3fQw6sHEjShVHIwfr5IjVmeG', 1, NULL, '2020-02-18 23:18:09'),
(988, 1105, 'ca12013', 'ca12013@ues.edu.sv', '$2y$13$ie.0doR6uGmQ0vTExjVk9eOYiUIPh3fQw6sHEjShVHIwfr5IjVmeG', 1, NULL, '2020-02-18 23:18:09'),
(989, 1106, 'hm13002', 'hm13002@ues.edu.sv', '$2y$13$ie.0doR6uGmQ0vTExjVk9eOYiUIPh3fQw6sHEjShVHIwfr5IjVmeG', 1, NULL, '2020-02-18 23:18:09'),
(990, 1107, 'ra14009', 'ra14009@ues.edu.sv', '$2y$13$ie.0doR6uGmQ0vTExjVk9eOYiUIPh3fQw6sHEjShVHIwfr5IjVmeG', 1, NULL, '2020-02-18 23:18:09'),
(991, 1108, 'gm11101', 'gm11101@ues.edu.sv', '$2y$13$ie.0doR6uGmQ0vTExjVk9eOYiUIPh3fQw6sHEjShVHIwfr5IjVmeG', 1, NULL, '2020-02-18 23:18:09'),
(992, 1109, 'hc11047', 'hc11047@ues.edu.sv', '$2y$13$ie.0doR6uGmQ0vTExjVk9eOYiUIPh3fQw6sHEjShVHIwfr5IjVmeG', 1, NULL, '2020-02-18 23:18:09'),
(993, 1110, 'ab10009', 'ab10009@ues.edu.sv', '$2y$13$ie.0doR6uGmQ0vTExjVk9eOYiUIPh3fQw6sHEjShVHIwfr5IjVmeG', 1, NULL, '2020-02-18 23:18:09'),
(994, 1111, 'gm12021', 'gm12021@ues.edu.sv', '$2y$13$ie.0doR6uGmQ0vTExjVk9eOYiUIPh3fQw6sHEjShVHIwfr5IjVmeG', 1, NULL, '2020-02-18 23:18:09'),
(995, 1112, 'jc16009', 'jc16009@ues.edu.sv', '$2y$13$ie.0doR6uGmQ0vTExjVk9eOYiUIPh3fQw6sHEjShVHIwfr5IjVmeG', 1, NULL, '2020-02-18 23:18:09'),
(996, 1113, 'rn15006', 'rn15006@ues.edu.sv', '$2y$13$ie.0doR6uGmQ0vTExjVk9eOYiUIPh3fQw6sHEjShVHIwfr5IjVmeG', 1, NULL, '2020-02-18 23:18:09'),
(997, 1114, 'cs16008', 'cs16008@ues.edu.sv', '$2y$13$ie.0doR6uGmQ0vTExjVk9eOYiUIPh3fQw6sHEjShVHIwfr5IjVmeG', 1, NULL, '2020-02-18 23:18:09'),
(998, 1115, 'zm12001', 'zm12001@ues.edu.sv', '$2y$13$ie.0doR6uGmQ0vTExjVk9eOYiUIPh3fQw6sHEjShVHIwfr5IjVmeG', 1, NULL, '2020-02-18 23:18:09'),
(999, 1116, 'mi13002', 'mi13002@ues.edu.sv', '$2y$13$ie.0doR6uGmQ0vTExjVk9eOYiUIPh3fQw6sHEjShVHIwfr5IjVmeG', 1, NULL, '2020-02-18 23:18:09'),
(1000, 1117, 'mr09090', 'mr09090@ues.edu.sv', '$2y$13$ie.0doR6uGmQ0vTExjVk9eOYiUIPh3fQw6sHEjShVHIwfr5IjVmeG', 1, NULL, '2020-02-18 23:18:09'),
(1001, 1118, 'rc10116', 'rc10116@ues.edu.sv', '$2y$13$ie.0doR6uGmQ0vTExjVk9eOYiUIPh3fQw6sHEjShVHIwfr5IjVmeG', 1, NULL, '2020-02-18 23:18:09'),
(1002, 1119, 'hh12013', 'hh12013@ues.edu.sv', '$2y$13$ie.0doR6uGmQ0vTExjVk9eOYiUIPh3fQw6sHEjShVHIwfr5IjVmeG', 1, NULL, '2020-02-18 23:18:09'),
(1003, 1120, 'ba12008', 'ba12008@ues.edu.sv', '$2y$13$ie.0doR6uGmQ0vTExjVk9eOYiUIPh3fQw6sHEjShVHIwfr5IjVmeG', 1, NULL, '2020-02-18 23:18:09'),
(1004, 1121, 'sr14042', 'sr14042@ues.edu.sv', '$2y$13$ie.0doR6uGmQ0vTExjVk9eOYiUIPh3fQw6sHEjShVHIwfr5IjVmeG', 1, NULL, '2020-02-18 23:18:09'),
(1005, 1122, 'aa12031', 'aa12031@ues.edu.sv', '$2y$13$ie.0doR6uGmQ0vTExjVk9eOYiUIPh3fQw6sHEjShVHIwfr5IjVmeG', 1, NULL, '2020-02-18 23:18:09'),
(1006, 1123, 'nr14003', 'nr14003@ues.edu.sv', '$2y$13$ie.0doR6uGmQ0vTExjVk9eOYiUIPh3fQw6sHEjShVHIwfr5IjVmeG', 1, NULL, '2020-02-18 23:18:09'),
(1007, 1124, 'ha10046', 'ha10046@ues.edu.sv', '$2y$13$ie.0doR6uGmQ0vTExjVk9eOYiUIPh3fQw6sHEjShVHIwfr5IjVmeG', 1, NULL, '2020-02-18 23:18:09'),
(1008, 1125, 'ao08005', 'ao08005@ues.edu.sv', '$2y$13$ie.0doR6uGmQ0vTExjVk9eOYiUIPh3fQw6sHEjShVHIwfr5IjVmeG', 1, NULL, '2020-02-18 23:18:09'),
(1009, 1126, 'vj10004', 'vj10004@ues.edu.sv', '$2y$13$ie.0doR6uGmQ0vTExjVk9eOYiUIPh3fQw6sHEjShVHIwfr5IjVmeG', 1, NULL, '2020-02-18 23:18:09'),
(1010, 1127, 'mc09130', 'mc09130@ues.edu.sv', '$2y$13$ie.0doR6uGmQ0vTExjVk9eOYiUIPh3fQw6sHEjShVHIwfr5IjVmeG', 1, NULL, '2020-02-18 23:18:09'),
(1011, 1128, 'rp10036', 'rp10036@ues.edu.sv', '$2y$13$ie.0doR6uGmQ0vTExjVk9eOYiUIPh3fQw6sHEjShVHIwfr5IjVmeG', 1, NULL, '2020-02-18 23:18:09'),
(1012, 1129, 'mb13002', 'mb13002@ues.edu.sv', '$2y$13$ie.0doR6uGmQ0vTExjVk9eOYiUIPh3fQw6sHEjShVHIwfr5IjVmeG', 1, NULL, '2020-02-18 23:18:09'),
(1013, 1130, 'bc08013', 'bc08013@ues.edu.sv', '$2y$13$ie.0doR6uGmQ0vTExjVk9eOYiUIPh3fQw6sHEjShVHIwfr5IjVmeG', 1, NULL, '2020-02-18 23:18:09'),
(1014, 1131, 'ab12010', 'ab12010@ues.edu.sv', '$2y$13$ie.0doR6uGmQ0vTExjVk9eOYiUIPh3fQw6sHEjShVHIwfr5IjVmeG', 1, NULL, '2020-02-18 23:18:09'),
(1015, 1132, 'aa06017', 'aa06017@ues.edu.sv', '$2y$13$ie.0doR6uGmQ0vTExjVk9eOYiUIPh3fQw6sHEjShVHIwfr5IjVmeG', 1, NULL, '2020-02-18 23:18:09'),
(1016, 1133, 'db12003', 'db12003@ues.edu.sv', '$2y$13$ie.0doR6uGmQ0vTExjVk9eOYiUIPh3fQw6sHEjShVHIwfr5IjVmeG', 1, NULL, '2020-02-18 23:18:09'),
(1017, 1134, 'rg12009', 'rg12009@ues.edu.sv', '$2y$13$ie.0doR6uGmQ0vTExjVk9eOYiUIPh3fQw6sHEjShVHIwfr5IjVmeG', 1, NULL, '2020-02-18 23:18:09'),
(1018, 1135, 'cl10004', 'cl10004@ues.edu.sv', '$2y$13$ie.0doR6uGmQ0vTExjVk9eOYiUIPh3fQw6sHEjShVHIwfr5IjVmeG', 1, NULL, '2020-02-18 23:18:09'),
(1019, 1136, 'rr10019', 'rr10019@ues.edu.sv', '$2y$13$ie.0doR6uGmQ0vTExjVk9eOYiUIPh3fQw6sHEjShVHIwfr5IjVmeG', 1, NULL, '2020-02-18 23:18:09'),
(1020, 1137, 'ph12010', 'ph12010@ues.edu.sv', '$2y$13$ie.0doR6uGmQ0vTExjVk9eOYiUIPh3fQw6sHEjShVHIwfr5IjVmeG', 1, NULL, '2020-02-18 23:18:09'),
(1021, 1138, 'ma13018', 'ma13018@ues.edu.sv', '$2y$13$ie.0doR6uGmQ0vTExjVk9eOYiUIPh3fQw6sHEjShVHIwfr5IjVmeG', 1, NULL, '2020-02-18 23:18:09'),
(1022, 1139, 'gs16018', 'gs16018@ues.edu.sv', '$2y$13$ie.0doR6uGmQ0vTExjVk9eOYiUIPh3fQw6sHEjShVHIwfr5IjVmeG', 1, NULL, '2020-02-18 23:18:09'),
(1023, 1140, 'au16007', 'au16007@ues.edu.sv', '$2y$13$ie.0doR6uGmQ0vTExjVk9eOYiUIPh3fQw6sHEjShVHIwfr5IjVmeG', 1, NULL, '2020-02-18 23:18:09'),
(1024, 1141, 'aa14067', 'aa14067@ues.edu.sv', '$2y$13$ie.0doR6uGmQ0vTExjVk9eOYiUIPh3fQw6sHEjShVHIwfr5IjVmeG', 1, NULL, '2020-02-18 23:18:09'),
(1025, 1142, 'gv12006', 'gv12006@ues.edu.sv', '$2y$13$ie.0doR6uGmQ0vTExjVk9eOYiUIPh3fQw6sHEjShVHIwfr5IjVmeG', 1, NULL, '2020-02-18 23:18:09'),
(1026, 1143, 'mh09042', 'mh09042@ues.edu.sv', '$2y$13$ie.0doR6uGmQ0vTExjVk9eOYiUIPh3fQw6sHEjShVHIwfr5IjVmeG', 1, NULL, '2020-02-18 23:18:09'),
(1027, 1144, 'aa13006', 'aa13006@ues.edu.sv', '$2y$13$ie.0doR6uGmQ0vTExjVk9eOYiUIPh3fQw6sHEjShVHIwfr5IjVmeG', 1, NULL, '2020-02-18 23:18:09'),
(1028, 1145, 'cs12016', 'cs12016@ues.edu.sv', '$2y$13$ie.0doR6uGmQ0vTExjVk9eOYiUIPh3fQw6sHEjShVHIwfr5IjVmeG', 1, NULL, '2020-02-18 23:18:09'),
(1029, 1146, 'bl16001', 'bl16001@ues.edu.sv', '$2y$13$ie.0doR6uGmQ0vTExjVk9eOYiUIPh3fQw6sHEjShVHIwfr5IjVmeG', 1, NULL, '2020-02-18 23:18:09'),
(1030, 1147, 'cp12007', 'cp12007@ues.edu.sv', '$2y$13$ie.0doR6uGmQ0vTExjVk9eOYiUIPh3fQw6sHEjShVHIwfr5IjVmeG', 1, NULL, '2020-02-18 23:18:09'),
(1031, 1148, 'ss06004', 'ss06004@ues.edu.sv', '$2y$13$ie.0doR6uGmQ0vTExjVk9eOYiUIPh3fQw6sHEjShVHIwfr5IjVmeG', 1, NULL, '2020-02-18 23:18:09'),
(1032, 1149, 'gg06011', 'gg06011@ues.edu.sv', '$2y$13$ie.0doR6uGmQ0vTExjVk9eOYiUIPh3fQw6sHEjShVHIwfr5IjVmeG', 1, NULL, '2020-02-18 23:18:09'),
(1033, 1150, 'rl16024', 'rl16024@ues.edu.sv', '$2y$13$ie.0doR6uGmQ0vTExjVk9eOYiUIPh3fQw6sHEjShVHIwfr5IjVmeG', 1, NULL, '2020-02-18 23:18:09'),
(1034, 1151, 'df09003', 'df09003@ues.edu.sv', '$2y$13$ie.0doR6uGmQ0vTExjVk9eOYiUIPh3fQw6sHEjShVHIwfr5IjVmeG', 1, NULL, '2020-02-18 23:18:09'),
(1035, 1152, 'lh15004', 'lh15004@ues.edu.sv', '$2y$13$ie.0doR6uGmQ0vTExjVk9eOYiUIPh3fQw6sHEjShVHIwfr5IjVmeG', 1, NULL, '2020-02-18 23:18:09'),
(1036, 1153, 'cm15044', 'cm15044@ues.edu.sv', '$2y$13$ie.0doR6uGmQ0vTExjVk9eOYiUIPh3fQw6sHEjShVHIwfr5IjVmeG', 1, NULL, '2020-02-18 23:18:09');
INSERT INTO `usuario` (`id`, `id_cuenta`, `username`, `email`, `password`, `enabled`, `last_login`, `creado`) VALUES
(1037, 1154, 'ar14019', 'ar14019@ues.edu.sv', '$2y$13$ie.0doR6uGmQ0vTExjVk9eOYiUIPh3fQw6sHEjShVHIwfr5IjVmeG', 1, NULL, '2020-02-18 23:18:09'),
(1038, 1155, 'cs00021', 'cs00021@ues.edu.sv', '$2y$13$ie.0doR6uGmQ0vTExjVk9eOYiUIPh3fQw6sHEjShVHIwfr5IjVmeG', 1, NULL, '2020-02-18 23:18:09'),
(1039, 1156, 'cr10023', 'cr10023@ues.edu.sv', '$2y$13$ie.0doR6uGmQ0vTExjVk9eOYiUIPh3fQw6sHEjShVHIwfr5IjVmeG', 1, NULL, '2020-02-18 23:18:09'),
(1040, 1157, 'vm15017', 'vm15017@ues.edu.sv', '$2y$13$ie.0doR6uGmQ0vTExjVk9eOYiUIPh3fQw6sHEjShVHIwfr5IjVmeG', 1, NULL, '2020-02-18 23:18:09'),
(1041, 1158, 'na15005', 'na15005@ues.edu.sv', '$2y$13$ie.0doR6uGmQ0vTExjVk9eOYiUIPh3fQw6sHEjShVHIwfr5IjVmeG', 1, NULL, '2020-02-18 23:18:09'),
(1042, 1159, 'vg14004', 'vg14004@ues.edu.sv', '$2y$13$ie.0doR6uGmQ0vTExjVk9eOYiUIPh3fQw6sHEjShVHIwfr5IjVmeG', 1, NULL, '2020-02-18 23:18:09'),
(1043, 1160, 'rs11043', 'rs11043@ues.edu.sv', '$2y$13$ie.0doR6uGmQ0vTExjVk9eOYiUIPh3fQw6sHEjShVHIwfr5IjVmeG', 1, NULL, '2020-02-18 23:18:09'),
(1044, 1161, 'jn15001', 'jn15001@ues.edu.sv', '$2y$13$ie.0doR6uGmQ0vTExjVk9eOYiUIPh3fQw6sHEjShVHIwfr5IjVmeG', 1, NULL, '2020-02-18 23:18:09'),
(1045, 1162, 'fn15002', 'fn15002@ues.edu.sv', '$2y$13$ie.0doR6uGmQ0vTExjVk9eOYiUIPh3fQw6sHEjShVHIwfr5IjVmeG', 1, NULL, '2020-02-18 23:18:09'),
(1046, 1163, 'la04016', 'la04016@ues.edu.sv', '$2y$13$ie.0doR6uGmQ0vTExjVk9eOYiUIPh3fQw6sHEjShVHIwfr5IjVmeG', 1, NULL, '2020-02-18 23:18:09'),
(1047, 1164, 'ro10003', 'ro10003@ues.edu.sv', '$2y$13$ie.0doR6uGmQ0vTExjVk9eOYiUIPh3fQw6sHEjShVHIwfr5IjVmeG', 1, NULL, '2020-02-18 23:18:09'),
(1048, 1165, 'cc16063', 'cc16063@ues.edu.sv', '$2y$13$ie.0doR6uGmQ0vTExjVk9eOYiUIPh3fQw6sHEjShVHIwfr5IjVmeG', 1, NULL, '2020-02-18 23:18:09'),
(1049, 1166, 'nf12001', 'nf12001@ues.edu.sv', '$2y$13$ie.0doR6uGmQ0vTExjVk9eOYiUIPh3fQw6sHEjShVHIwfr5IjVmeG', 1, NULL, '2020-02-18 23:18:09'),
(1050, 1167, 'ps14031', 'ps14031@ues.edu.sv', '$2y$13$ie.0doR6uGmQ0vTExjVk9eOYiUIPh3fQw6sHEjShVHIwfr5IjVmeG', 1, NULL, '2020-02-18 23:18:09'),
(1051, 1168, 'mc13014', 'mc13014@ues.edu.sv', '$2y$13$ie.0doR6uGmQ0vTExjVk9eOYiUIPh3fQw6sHEjShVHIwfr5IjVmeG', 1, NULL, '2020-02-18 23:18:09'),
(1052, 1169, 'lg15009', 'lg15009@ues.edu.sv', '$2y$13$ie.0doR6uGmQ0vTExjVk9eOYiUIPh3fQw6sHEjShVHIwfr5IjVmeG', 1, NULL, '2020-02-18 23:18:09'),
(1053, 1170, 'dr12004', 'dr12004@ues.edu.sv', '$2y$13$ie.0doR6uGmQ0vTExjVk9eOYiUIPh3fQw6sHEjShVHIwfr5IjVmeG', 1, NULL, '2020-02-18 23:18:09'),
(1054, 1171, 'mh16022', 'mh16022@ues.edu.sv', '$2y$13$ie.0doR6uGmQ0vTExjVk9eOYiUIPh3fQw6sHEjShVHIwfr5IjVmeG', 1, NULL, '2020-02-18 23:18:09'),
(1055, 1172, 'gg10013', 'gg10013@ues.edu.sv', '$2y$13$ie.0doR6uGmQ0vTExjVk9eOYiUIPh3fQw6sHEjShVHIwfr5IjVmeG', 1, NULL, '2020-02-18 23:18:09'),
(1056, 1173, 'pc12016', 'pc12016@ues.edu.sv', '$2y$13$ie.0doR6uGmQ0vTExjVk9eOYiUIPh3fQw6sHEjShVHIwfr5IjVmeG', 1, NULL, '2020-02-18 23:18:09'),
(1057, 1174, 'ar14044', 'ar14044@ues.edu.sv', '$2y$13$ie.0doR6uGmQ0vTExjVk9eOYiUIPh3fQw6sHEjShVHIwfr5IjVmeG', 1, NULL, '2020-02-18 23:18:09'),
(1058, 1175, 'el16002', 'el16002@ues.edu.sv', '$2y$13$ie.0doR6uGmQ0vTExjVk9eOYiUIPh3fQw6sHEjShVHIwfr5IjVmeG', 1, NULL, '2020-02-18 23:18:09'),
(1059, 1176, 'mg12004', 'mg12004@ues.edu.sv', '$2y$13$ie.0doR6uGmQ0vTExjVk9eOYiUIPh3fQw6sHEjShVHIwfr5IjVmeG', 1, NULL, '2020-02-18 23:18:09'),
(1060, 1177, 'lc12017', 'lc12017@ues.edu.sv', '$2y$13$ie.0doR6uGmQ0vTExjVk9eOYiUIPh3fQw6sHEjShVHIwfr5IjVmeG', 1, NULL, '2020-02-18 23:18:09'),
(1061, 1178, 'ge14002', 'ge14002@ues.edu.sv', '$2y$13$ie.0doR6uGmQ0vTExjVk9eOYiUIPh3fQw6sHEjShVHIwfr5IjVmeG', 1, NULL, '2020-02-18 23:18:09'),
(1062, 1179, 'aa11002', 'aa11002@ues.edu.sv', '$2y$13$ie.0doR6uGmQ0vTExjVk9eOYiUIPh3fQw6sHEjShVHIwfr5IjVmeG', 1, NULL, '2020-02-18 23:18:09'),
(1063, 1180, 'mg14006', 'mg14006@ues.edu.sv', '$2y$13$ie.0doR6uGmQ0vTExjVk9eOYiUIPh3fQw6sHEjShVHIwfr5IjVmeG', 1, NULL, '2020-02-18 23:18:09'),
(1064, 1181, 'ms15053', 'ms15053@ues.edu.sv', '$2y$13$ie.0doR6uGmQ0vTExjVk9eOYiUIPh3fQw6sHEjShVHIwfr5IjVmeG', 1, NULL, '2020-02-18 23:18:09'),
(1065, 1182, 'da99003', 'da99003@ues.edu.sv', '$2y$13$ie.0doR6uGmQ0vTExjVk9eOYiUIPh3fQw6sHEjShVHIwfr5IjVmeG', 1, NULL, '2020-02-18 23:18:09'),
(1066, 1183, 'oa09020', 'oa09020@ues.edu.sv', '$2y$13$ie.0doR6uGmQ0vTExjVk9eOYiUIPh3fQw6sHEjShVHIwfr5IjVmeG', 1, NULL, '2020-02-18 23:18:09'),
(1067, 1184, 'hm10008', 'hm10008@ues.edu.sv', '$2y$13$ie.0doR6uGmQ0vTExjVk9eOYiUIPh3fQw6sHEjShVHIwfr5IjVmeG', 1, NULL, '2020-02-18 23:18:09'),
(1068, 1185, 'eo11002', 'eo11002@ues.edu.sv', '$2y$13$ie.0doR6uGmQ0vTExjVk9eOYiUIPh3fQw6sHEjShVHIwfr5IjVmeG', 1, NULL, '2020-02-18 23:18:09'),
(1069, 1186, 'gl08004', 'gl08004@ues.edu.sv', '$2y$13$ie.0doR6uGmQ0vTExjVk9eOYiUIPh3fQw6sHEjShVHIwfr5IjVmeG', 1, NULL, '2020-02-18 23:18:09'),
(1070, 1187, 'gh06007', 'gh06007@ues.edu.sv', '$2y$13$ie.0doR6uGmQ0vTExjVk9eOYiUIPh3fQw6sHEjShVHIwfr5IjVmeG', 1, NULL, '2020-02-18 23:18:09'),
(1071, 1188, 'ur12003', 'ur12003@ues.edu.sv', '$2y$13$ie.0doR6uGmQ0vTExjVk9eOYiUIPh3fQw6sHEjShVHIwfr5IjVmeG', 1, NULL, '2020-02-18 23:18:09'),
(1072, 1189, 'mj09016', 'mj09016@ues.edu.sv', '$2y$13$ie.0doR6uGmQ0vTExjVk9eOYiUIPh3fQw6sHEjShVHIwfr5IjVmeG', 1, NULL, '2020-02-18 23:18:09'),
(1073, 1190, 'pa13003', 'pa13003@ues.edu.sv', '$2y$13$ie.0doR6uGmQ0vTExjVk9eOYiUIPh3fQw6sHEjShVHIwfr5IjVmeG', 1, NULL, '2020-02-18 23:18:09'),
(1074, 1191, 'po15003', 'po15003@ues.edu.sv', '$2y$13$ie.0doR6uGmQ0vTExjVk9eOYiUIPh3fQw6sHEjShVHIwfr5IjVmeG', 1, NULL, '2020-02-18 23:18:09'),
(1075, 1192, 'ps16010', 'ps16010@ues.edu.sv', '$2y$13$ie.0doR6uGmQ0vTExjVk9eOYiUIPh3fQw6sHEjShVHIwfr5IjVmeG', 1, NULL, '2020-02-18 23:18:09'),
(1076, 1193, 'gs13003', 'gs13003@ues.edu.sv', '$2y$13$ie.0doR6uGmQ0vTExjVk9eOYiUIPh3fQw6sHEjShVHIwfr5IjVmeG', 1, NULL, '2020-02-18 23:18:09'),
(1077, 1194, 'pm11074', 'pm11074@ues.edu.sv', '$2y$13$ie.0doR6uGmQ0vTExjVk9eOYiUIPh3fQw6sHEjShVHIwfr5IjVmeG', 1, NULL, '2020-02-18 23:18:09'),
(1078, 1195, 'ss14030', 'ss14030@ues.edu.sv', '$2y$13$ie.0doR6uGmQ0vTExjVk9eOYiUIPh3fQw6sHEjShVHIwfr5IjVmeG', 1, NULL, '2020-02-18 23:18:09'),
(1079, 1196, 'lp14005', 'lp14005@ues.edu.sv', '$2y$13$ie.0doR6uGmQ0vTExjVk9eOYiUIPh3fQw6sHEjShVHIwfr5IjVmeG', 1, NULL, '2020-02-18 23:18:09'),
(1080, 1197, 'mm14104', 'mm14104@ues.edu.sv', '$2y$13$ie.0doR6uGmQ0vTExjVk9eOYiUIPh3fQw6sHEjShVHIwfr5IjVmeG', 1, NULL, '2020-02-18 23:18:09'),
(1081, 1198, 'rg10035', 'rg10035@ues.edu.sv', '$2y$13$ie.0doR6uGmQ0vTExjVk9eOYiUIPh3fQw6sHEjShVHIwfr5IjVmeG', 1, NULL, '2020-02-18 23:18:09'),
(1082, 1199, 'or14008', 'or14008@ues.edu.sv', '$2y$13$ie.0doR6uGmQ0vTExjVk9eOYiUIPh3fQw6sHEjShVHIwfr5IjVmeG', 1, NULL, '2020-02-18 23:18:09'),
(1083, 1200, 'am16004', 'am16004@ues.edu.sv', '$2y$13$ie.0doR6uGmQ0vTExjVk9eOYiUIPh3fQw6sHEjShVHIwfr5IjVmeG', 1, NULL, '2020-02-18 23:18:09'),
(1084, 1201, 'fm16006', 'fm16006@ues.edu.sv', '$2y$13$ie.0doR6uGmQ0vTExjVk9eOYiUIPh3fQw6sHEjShVHIwfr5IjVmeG', 1, NULL, '2020-02-18 23:18:09'),
(1085, 1202, 'oz09001', 'oz09001@ues.edu.sv', '$2y$13$ie.0doR6uGmQ0vTExjVk9eOYiUIPh3fQw6sHEjShVHIwfr5IjVmeG', 1, NULL, '2020-02-18 23:18:09'),
(1086, 1203, 'mr15011', 'mr15011@ues.edu.sv', '$2y$13$ie.0doR6uGmQ0vTExjVk9eOYiUIPh3fQw6sHEjShVHIwfr5IjVmeG', 1, NULL, '2020-02-18 23:18:09'),
(1087, 1204, 'rh07008', 'rh07008@ues.edu.sv', '$2y$13$ie.0doR6uGmQ0vTExjVk9eOYiUIPh3fQw6sHEjShVHIwfr5IjVmeG', 1, NULL, '2020-02-18 23:18:09'),
(1088, 1205, 'pc07003', 'pc07003@ues.edu.sv', '$2y$13$ie.0doR6uGmQ0vTExjVk9eOYiUIPh3fQw6sHEjShVHIwfr5IjVmeG', 1, NULL, '2020-02-18 23:18:09'),
(1089, 1206, 'mr11139', 'mr11139@ues.edu.sv', '$2y$13$ie.0doR6uGmQ0vTExjVk9eOYiUIPh3fQw6sHEjShVHIwfr5IjVmeG', 1, NULL, '2020-02-18 23:18:09'),
(1090, 1207, 'gt11008', 'gt11008@ues.edu.sv', '$2y$13$ie.0doR6uGmQ0vTExjVk9eOYiUIPh3fQw6sHEjShVHIwfr5IjVmeG', 1, NULL, '2020-02-18 23:18:09'),
(1091, 1208, 'mv09055', 'mv09055@ues.edu.sv', '$2y$13$ie.0doR6uGmQ0vTExjVk9eOYiUIPh3fQw6sHEjShVHIwfr5IjVmeG', 1, NULL, '2020-02-18 23:18:09'),
(1092, 1209, 'ma09121', 'ma09121@ues.edu.sv', '$2y$13$ie.0doR6uGmQ0vTExjVk9eOYiUIPh3fQw6sHEjShVHIwfr5IjVmeG', 1, NULL, '2020-02-18 23:18:09'),
(1093, 1210, 'gm16068', 'gm16068@ues.edu.sv', '$2y$13$ie.0doR6uGmQ0vTExjVk9eOYiUIPh3fQw6sHEjShVHIwfr5IjVmeG', 1, NULL, '2020-02-18 23:18:09'),
(1094, 1211, 'hc11009', 'hc11009@ues.edu.sv', '$2y$13$ie.0doR6uGmQ0vTExjVk9eOYiUIPh3fQw6sHEjShVHIwfr5IjVmeG', 1, NULL, '2020-02-18 23:18:09'),
(1095, 1212, 'ah11042', 'ah11042@ues.edu.sv', '$2y$13$ie.0doR6uGmQ0vTExjVk9eOYiUIPh3fQw6sHEjShVHIwfr5IjVmeG', 1, NULL, '2020-02-18 23:18:09'),
(1096, 1213, 'gc13025', 'gc13025@ues.edu.sv', '$2y$13$ie.0doR6uGmQ0vTExjVk9eOYiUIPh3fQw6sHEjShVHIwfr5IjVmeG', 1, NULL, '2020-02-18 23:18:09'),
(1097, 1214, 'hc08022', 'hc08022@ues.edu.sv', '$2y$13$ie.0doR6uGmQ0vTExjVk9eOYiUIPh3fQw6sHEjShVHIwfr5IjVmeG', 1, NULL, '2020-02-18 23:18:09'),
(1098, 1215, 'cb14032', 'cb14032@ues.edu.sv', '$2y$13$ie.0doR6uGmQ0vTExjVk9eOYiUIPh3fQw6sHEjShVHIwfr5IjVmeG', 1, NULL, '2020-02-18 23:18:09'),
(1099, 1216, 'rm11014', 'rm11014@ues.edu.sv', '$2y$13$ie.0doR6uGmQ0vTExjVk9eOYiUIPh3fQw6sHEjShVHIwfr5IjVmeG', 1, NULL, '2020-02-18 23:18:09'),
(1100, 1217, 'rp16052', 'rp16052@ues.edu.sv', '$2y$13$ie.0doR6uGmQ0vTExjVk9eOYiUIPh3fQw6sHEjShVHIwfr5IjVmeG', 1, NULL, '2020-02-18 23:18:09'),
(1101, 1218, 'jh12003', 'jh12003@ues.edu.sv', '$2y$13$ie.0doR6uGmQ0vTExjVk9eOYiUIPh3fQw6sHEjShVHIwfr5IjVmeG', 1, NULL, '2020-02-18 23:18:09'),
(1102, 1219, 'gr11057', 'gr11057@ues.edu.sv', '$2y$13$ie.0doR6uGmQ0vTExjVk9eOYiUIPh3fQw6sHEjShVHIwfr5IjVmeG', 1, NULL, '2020-02-18 23:18:09'),
(1103, 1220, 'md77003', 'md77003@ues.edu.sv', '$2y$13$ie.0doR6uGmQ0vTExjVk9eOYiUIPh3fQw6sHEjShVHIwfr5IjVmeG', 1, NULL, '2020-02-18 23:18:09'),
(1104, 1221, 'pt11007', 'pt11007@ues.edu.sv', '$2y$13$ie.0doR6uGmQ0vTExjVk9eOYiUIPh3fQw6sHEjShVHIwfr5IjVmeG', 1, NULL, '2020-02-18 23:18:09'),
(1105, 1222, 'qt12001', 'qt12001@ues.edu.sv', '$2y$13$ie.0doR6uGmQ0vTExjVk9eOYiUIPh3fQw6sHEjShVHIwfr5IjVmeG', 1, NULL, '2020-02-18 23:18:09'),
(1106, 1223, 'ms12016', 'ms12016@ues.edu.sv', '$2y$13$ie.0doR6uGmQ0vTExjVk9eOYiUIPh3fQw6sHEjShVHIwfr5IjVmeG', 1, NULL, '2020-02-18 23:18:09'),
(1107, 1224, 'mc13007', 'mc13007@ues.edu.sv', '$2y$13$ie.0doR6uGmQ0vTExjVk9eOYiUIPh3fQw6sHEjShVHIwfr5IjVmeG', 1, NULL, '2020-02-18 23:18:09'),
(1108, 1225, 'hm11001', 'hm11001@ues.edu.sv', '$2y$13$ie.0doR6uGmQ0vTExjVk9eOYiUIPh3fQw6sHEjShVHIwfr5IjVmeG', 1, NULL, '2020-02-18 23:18:09'),
(1109, 1226, 'lq12001', 'lq12001@ues.edu.sv', '$2y$13$ie.0doR6uGmQ0vTExjVk9eOYiUIPh3fQw6sHEjShVHIwfr5IjVmeG', 1, NULL, '2020-02-18 23:18:09'),
(1110, 1227, 'gj14013', 'gj14013@ues.edu.sv', '$2y$13$ie.0doR6uGmQ0vTExjVk9eOYiUIPh3fQw6sHEjShVHIwfr5IjVmeG', 1, NULL, '2020-02-18 23:18:09'),
(1111, 1228, 'cl07001', 'cl07001@ues.edu.sv', '$2y$13$ie.0doR6uGmQ0vTExjVk9eOYiUIPh3fQw6sHEjShVHIwfr5IjVmeG', 1, NULL, '2020-02-18 23:18:09'),
(1112, 1229, 'os10004', 'os10004@ues.edu.sv', '$2y$13$ie.0doR6uGmQ0vTExjVk9eOYiUIPh3fQw6sHEjShVHIwfr5IjVmeG', 1, NULL, '2020-02-18 23:18:09'),
(1113, 1230, 'vv12033', 'vv12033@ues.edu.sv', '$2y$13$ie.0doR6uGmQ0vTExjVk9eOYiUIPh3fQw6sHEjShVHIwfr5IjVmeG', 1, NULL, '2020-02-18 23:18:09'),
(1114, 1231, 'tf14001', 'tf14001@ues.edu.sv', '$2y$13$ie.0doR6uGmQ0vTExjVk9eOYiUIPh3fQw6sHEjShVHIwfr5IjVmeG', 1, NULL, '2020-02-18 23:18:09'),
(1115, 1232, 'gm14032', 'gm14032@ues.edu.sv', '$2y$13$ie.0doR6uGmQ0vTExjVk9eOYiUIPh3fQw6sHEjShVHIwfr5IjVmeG', 1, NULL, '2020-02-18 23:18:09'),
(1116, 1233, 'lm10001', 'lm10001@ues.edu.sv', '$2y$13$ie.0doR6uGmQ0vTExjVk9eOYiUIPh3fQw6sHEjShVHIwfr5IjVmeG', 1, NULL, '2020-02-18 23:18:09'),
(1117, 1234, 'cm10074', 'cm10074@ues.edu.sv', '$2y$13$ie.0doR6uGmQ0vTExjVk9eOYiUIPh3fQw6sHEjShVHIwfr5IjVmeG', 1, NULL, '2020-02-18 23:18:09'),
(1118, 1235, 'or15002', 'or15002@ues.edu.sv', '$2y$13$ie.0doR6uGmQ0vTExjVk9eOYiUIPh3fQw6sHEjShVHIwfr5IjVmeG', 1, NULL, '2020-02-18 23:18:09'),
(1119, 1236, 'sa16007', 'sa16007@ues.edu.sv', '$2y$13$ie.0doR6uGmQ0vTExjVk9eOYiUIPh3fQw6sHEjShVHIwfr5IjVmeG', 1, NULL, '2020-02-18 23:18:09'),
(1120, 1237, 'bv13003', 'bv13003@ues.edu.sv', '$2y$13$ie.0doR6uGmQ0vTExjVk9eOYiUIPh3fQw6sHEjShVHIwfr5IjVmeG', 1, NULL, '2020-02-18 23:18:09'),
(1121, 1238, 'mt11012', 'mt11012@ues.edu.sv', '$2y$13$ie.0doR6uGmQ0vTExjVk9eOYiUIPh3fQw6sHEjShVHIwfr5IjVmeG', 1, NULL, '2020-02-18 23:18:09'),
(1122, 1239, 'mg16046', 'mg16046@ues.edu.sv', '$2y$13$ie.0doR6uGmQ0vTExjVk9eOYiUIPh3fQw6sHEjShVHIwfr5IjVmeG', 1, NULL, '2020-02-18 23:18:09'),
(1123, 1240, 'dp10004', 'dp10004@ues.edu.sv', '$2y$13$ie.0doR6uGmQ0vTExjVk9eOYiUIPh3fQw6sHEjShVHIwfr5IjVmeG', 1, NULL, '2020-02-18 23:18:09'),
(1124, 1241, 'lv14004', 'lv14004@ues.edu.sv', '$2y$13$ie.0doR6uGmQ0vTExjVk9eOYiUIPh3fQw6sHEjShVHIwfr5IjVmeG', 1, NULL, '2020-02-18 23:18:09'),
(1125, 1242, 'mm09255', 'mm09255@ues.edu.sv', '$2y$13$ie.0doR6uGmQ0vTExjVk9eOYiUIPh3fQw6sHEjShVHIwfr5IjVmeG', 1, NULL, '2020-02-18 23:18:10'),
(1126, 1243, 'ms09065', 'ms09065@ues.edu.sv', '$2y$13$ie.0doR6uGmQ0vTExjVk9eOYiUIPh3fQw6sHEjShVHIwfr5IjVmeG', 1, NULL, '2020-02-18 23:18:10'),
(1127, 1244, 'ba12003', 'ba12003@ues.edu.sv', '$2y$13$ie.0doR6uGmQ0vTExjVk9eOYiUIPh3fQw6sHEjShVHIwfr5IjVmeG', 1, NULL, '2020-02-18 23:18:10'),
(1128, 1245, 'sz14001', 'sz14001@ues.edu.sv', '$2y$13$ie.0doR6uGmQ0vTExjVk9eOYiUIPh3fQw6sHEjShVHIwfr5IjVmeG', 1, NULL, '2020-02-18 23:18:10'),
(1129, 1246, 'mg12012', 'mg12012@ues.edu.sv', '$2y$13$ie.0doR6uGmQ0vTExjVk9eOYiUIPh3fQw6sHEjShVHIwfr5IjVmeG', 1, NULL, '2020-02-18 23:18:10'),
(1130, 1247, 'nn13002', 'nn13002@ues.edu.sv', '$2y$13$ie.0doR6uGmQ0vTExjVk9eOYiUIPh3fQw6sHEjShVHIwfr5IjVmeG', 1, NULL, '2020-02-18 23:18:10'),
(1131, 1248, 'gr11058', 'gr11058@ues.edu.sv', '$2y$13$ie.0doR6uGmQ0vTExjVk9eOYiUIPh3fQw6sHEjShVHIwfr5IjVmeG', 1, NULL, '2020-02-18 23:18:10'),
(1132, 1249, 'op15012', 'op15012@ues.edu.sv', '$2y$13$ie.0doR6uGmQ0vTExjVk9eOYiUIPh3fQw6sHEjShVHIwfr5IjVmeG', 1, NULL, '2020-02-18 23:18:10'),
(1133, 1250, 'ca14002', 'ca14002@ues.edu.sv', '$2y$13$ie.0doR6uGmQ0vTExjVk9eOYiUIPh3fQw6sHEjShVHIwfr5IjVmeG', 1, NULL, '2020-02-18 23:18:10'),
(1134, 1251, 'bb09011', 'bb09011@ues.edu.sv', '$2y$13$ie.0doR6uGmQ0vTExjVk9eOYiUIPh3fQw6sHEjShVHIwfr5IjVmeG', 1, NULL, '2020-02-18 23:18:10'),
(1135, 1252, 'ah15035', 'ah15035@ues.edu.sv', '$2y$13$ie.0doR6uGmQ0vTExjVk9eOYiUIPh3fQw6sHEjShVHIwfr5IjVmeG', 1, NULL, '2020-02-18 23:18:10'),
(1136, 1253, 'gs00029', 'gs00029@ues.edu.sv', '$2y$13$ie.0doR6uGmQ0vTExjVk9eOYiUIPh3fQw6sHEjShVHIwfr5IjVmeG', 1, NULL, '2020-02-18 23:18:10'),
(1137, 1254, 'cf15025', 'cf15025@ues.edu.sv', '$2y$13$ie.0doR6uGmQ0vTExjVk9eOYiUIPh3fQw6sHEjShVHIwfr5IjVmeG', 1, NULL, '2020-02-18 23:18:10'),
(1138, 1255, 'sb12002', 'sb12002@ues.edu.sv', '$2y$13$ie.0doR6uGmQ0vTExjVk9eOYiUIPh3fQw6sHEjShVHIwfr5IjVmeG', 1, NULL, '2020-02-18 23:18:10'),
(1139, 1256, 'ps13003', 'ps13003@ues.edu.sv', '$2y$13$ie.0doR6uGmQ0vTExjVk9eOYiUIPh3fQw6sHEjShVHIwfr5IjVmeG', 1, NULL, '2020-02-18 23:18:10'),
(1140, 1257, 'pg15012', 'pg15012@ues.edu.sv', '$2y$13$ie.0doR6uGmQ0vTExjVk9eOYiUIPh3fQw6sHEjShVHIwfr5IjVmeG', 1, NULL, '2020-02-18 23:18:10'),
(1141, 1258, 'fv16002', 'fv16002@ues.edu.sv', '$2y$13$ie.0doR6uGmQ0vTExjVk9eOYiUIPh3fQw6sHEjShVHIwfr5IjVmeG', 1, NULL, '2020-02-18 23:18:10'),
(1142, 1259, 'rr16121', 'rr16121@ues.edu.sv', '$2y$13$ie.0doR6uGmQ0vTExjVk9eOYiUIPh3fQw6sHEjShVHIwfr5IjVmeG', 1, NULL, '2020-02-18 23:18:10'),
(1143, 1260, 'gg05132', 'gg05132@ues.edu.sv', '$2y$13$ie.0doR6uGmQ0vTExjVk9eOYiUIPh3fQw6sHEjShVHIwfr5IjVmeG', 1, NULL, '2020-02-18 23:18:10'),
(1144, 1261, 'sf08005', 'sf08005@ues.edu.sv', '$2y$13$ie.0doR6uGmQ0vTExjVk9eOYiUIPh3fQw6sHEjShVHIwfr5IjVmeG', 1, NULL, '2020-02-18 23:18:10'),
(1145, 1262, 'tg10008', 'tg10008@ues.edu.sv', '$2y$13$ie.0doR6uGmQ0vTExjVk9eOYiUIPh3fQw6sHEjShVHIwfr5IjVmeG', 1, NULL, '2020-02-18 23:18:10'),
(1146, 1263, 'ol97003', 'ol97003@ues.edu.sv', '$2y$13$ie.0doR6uGmQ0vTExjVk9eOYiUIPh3fQw6sHEjShVHIwfr5IjVmeG', 1, NULL, '2020-02-18 23:18:10'),
(1147, 1264, 'ad08026', 'ad08026@ues.edu.sv', '$2y$13$ie.0doR6uGmQ0vTExjVk9eOYiUIPh3fQw6sHEjShVHIwfr5IjVmeG', 1, NULL, '2020-02-18 23:18:10'),
(1148, 1265, 'vm03014', 'vm03014@ues.edu.sv', '$2y$13$ie.0doR6uGmQ0vTExjVk9eOYiUIPh3fQw6sHEjShVHIwfr5IjVmeG', 1, NULL, '2020-02-18 23:18:10'),
(1149, 1266, 'hm13053', 'hm13053@ues.edu.sv', '$2y$13$ie.0doR6uGmQ0vTExjVk9eOYiUIPh3fQw6sHEjShVHIwfr5IjVmeG', 1, NULL, '2020-02-18 23:18:10'),
(1150, 1267, 'be10003', 'be10003@ues.edu.sv', '$2y$13$ie.0doR6uGmQ0vTExjVk9eOYiUIPh3fQw6sHEjShVHIwfr5IjVmeG', 1, NULL, '2020-02-18 23:18:10'),
(1151, 1268, 'dd04006', 'dd04006@ues.edu.sv', '$2y$13$ie.0doR6uGmQ0vTExjVk9eOYiUIPh3fQw6sHEjShVHIwfr5IjVmeG', 1, NULL, '2020-02-18 23:18:10'),
(1152, 1269, 'zg11004', 'zg11004@ues.edu.sv', '$2y$13$ie.0doR6uGmQ0vTExjVk9eOYiUIPh3fQw6sHEjShVHIwfr5IjVmeG', 1, NULL, '2020-02-18 23:18:10'),
(1153, 1270, 'cs08004', 'cs08004@ues.edu.sv', '$2y$13$ie.0doR6uGmQ0vTExjVk9eOYiUIPh3fQw6sHEjShVHIwfr5IjVmeG', 1, NULL, '2020-02-18 23:18:10'),
(1154, 1271, 'ar11082', 'ar11082@ues.edu.sv', '$2y$13$ie.0doR6uGmQ0vTExjVk9eOYiUIPh3fQw6sHEjShVHIwfr5IjVmeG', 1, NULL, '2020-02-18 23:18:10'),
(1155, 1272, 'pp10005', 'pp10005@ues.edu.sv', '$2y$13$ie.0doR6uGmQ0vTExjVk9eOYiUIPh3fQw6sHEjShVHIwfr5IjVmeG', 1, NULL, '2020-02-18 23:18:10'),
(1156, 1273, 'ul10002', 'ul10002@ues.edu.sv', '$2y$13$ie.0doR6uGmQ0vTExjVk9eOYiUIPh3fQw6sHEjShVHIwfr5IjVmeG', 1, NULL, '2020-02-18 23:18:10'),
(1157, 1274, 'ge11002', 'ge11002@ues.edu.sv', '$2y$13$ie.0doR6uGmQ0vTExjVk9eOYiUIPh3fQw6sHEjShVHIwfr5IjVmeG', 1, NULL, '2020-02-18 23:18:10'),
(1158, 1275, 'mm14074', 'mm14074@ues.edu.sv', '$2y$13$ie.0doR6uGmQ0vTExjVk9eOYiUIPh3fQw6sHEjShVHIwfr5IjVmeG', 1, NULL, '2020-02-18 23:18:10'),
(1159, 1276, 'qr11007', 'qr11007@ues.edu.sv', '$2y$13$ie.0doR6uGmQ0vTExjVk9eOYiUIPh3fQw6sHEjShVHIwfr5IjVmeG', 1, NULL, '2020-02-18 23:18:10'),
(1160, 1277, 'ml09020', 'ml09020@ues.edu.sv', '$2y$13$ie.0doR6uGmQ0vTExjVk9eOYiUIPh3fQw6sHEjShVHIwfr5IjVmeG', 1, NULL, '2020-02-18 23:18:10'),
(1161, 1278, 'tc10010', 'tc10010@ues.edu.sv', '$2y$13$ie.0doR6uGmQ0vTExjVk9eOYiUIPh3fQw6sHEjShVHIwfr5IjVmeG', 1, NULL, '2020-02-18 23:18:10'),
(1162, 1279, 'zf09001', 'zf09001@ues.edu.sv', '$2y$13$ie.0doR6uGmQ0vTExjVk9eOYiUIPh3fQw6sHEjShVHIwfr5IjVmeG', 1, NULL, '2020-02-18 23:18:10'),
(1163, 1280, 'jr12005', 'jr12005@ues.edu.sv', '$2y$13$ie.0doR6uGmQ0vTExjVk9eOYiUIPh3fQw6sHEjShVHIwfr5IjVmeG', 1, NULL, '2020-02-18 23:18:10'),
(1164, 1281, 'mh08011', 'mh08011@ues.edu.sv', '$2y$13$ie.0doR6uGmQ0vTExjVk9eOYiUIPh3fQw6sHEjShVHIwfr5IjVmeG', 1, NULL, '2020-02-18 23:18:10'),
(1165, 1282, 'jd14004', 'jd14004@ues.edu.sv', '$2y$13$ie.0doR6uGmQ0vTExjVk9eOYiUIPh3fQw6sHEjShVHIwfr5IjVmeG', 1, NULL, '2020-02-18 23:18:10'),
(1166, 1283, 'ig14001', 'ig14001@ues.edu.sv', '$2y$13$ie.0doR6uGmQ0vTExjVk9eOYiUIPh3fQw6sHEjShVHIwfr5IjVmeG', 1, NULL, '2020-02-18 23:18:10'),
(1167, 1284, 'jm16006', 'jm16006@ues.edu.sv', '$2y$13$ie.0doR6uGmQ0vTExjVk9eOYiUIPh3fQw6sHEjShVHIwfr5IjVmeG', 1, NULL, '2020-02-18 23:18:10'),
(1168, 1285, 'pr15033', 'pr15033@ues.edu.sv', '$2y$13$ie.0doR6uGmQ0vTExjVk9eOYiUIPh3fQw6sHEjShVHIwfr5IjVmeG', 1, NULL, '2020-02-18 23:18:10'),
(1169, 1286, 'rr14059', 'rr14059@ues.edu.sv', '$2y$13$ie.0doR6uGmQ0vTExjVk9eOYiUIPh3fQw6sHEjShVHIwfr5IjVmeG', 1, NULL, '2020-02-18 23:18:10'),
(1170, 1287, 'pu16001', 'pu16001@ues.edu.sv', '$2y$13$ie.0doR6uGmQ0vTExjVk9eOYiUIPh3fQw6sHEjShVHIwfr5IjVmeG', 1, NULL, '2020-02-18 23:18:10'),
(1171, 1288, 'mg16039', 'mg16039@ues.edu.sv', '$2y$13$ie.0doR6uGmQ0vTExjVk9eOYiUIPh3fQw6sHEjShVHIwfr5IjVmeG', 1, NULL, '2020-02-18 23:18:10'),
(1172, 1289, 'gs00033', 'gs00033@ues.edu.sv', '$2y$13$ie.0doR6uGmQ0vTExjVk9eOYiUIPh3fQw6sHEjShVHIwfr5IjVmeG', 1, NULL, '2020-02-18 23:18:10'),
(1173, 1290, 'cc02023', 'cc02023@ues.edu.sv', '$2y$13$ie.0doR6uGmQ0vTExjVk9eOYiUIPh3fQw6sHEjShVHIwfr5IjVmeG', 1, NULL, '2020-02-18 23:18:10'),
(1174, 1291, 'lp15004', 'lp15004@ues.edu.sv', '$2y$13$ie.0doR6uGmQ0vTExjVk9eOYiUIPh3fQw6sHEjShVHIwfr5IjVmeG', 1, NULL, '2020-02-18 23:18:10'),
(1175, 1292, 'vr09011', 'vr09011@ues.edu.sv', '$2y$13$ie.0doR6uGmQ0vTExjVk9eOYiUIPh3fQw6sHEjShVHIwfr5IjVmeG', 1, NULL, '2020-02-18 23:18:10'),
(1176, 1293, 'aa06029', 'aa06029@ues.edu.sv', '$2y$13$ie.0doR6uGmQ0vTExjVk9eOYiUIPh3fQw6sHEjShVHIwfr5IjVmeG', 1, NULL, '2020-02-18 23:18:10'),
(1177, 1294, 'lg16008', 'lg16008@ues.edu.sv', '$2y$13$ie.0doR6uGmQ0vTExjVk9eOYiUIPh3fQw6sHEjShVHIwfr5IjVmeG', 1, NULL, '2020-02-18 23:18:10'),
(1178, 1295, 'pz08002', 'pz08002@ues.edu.sv', '$2y$13$ie.0doR6uGmQ0vTExjVk9eOYiUIPh3fQw6sHEjShVHIwfr5IjVmeG', 1, NULL, '2020-02-18 23:18:10'),
(1179, 1296, 'og11023', 'og11023@ues.edu.sv', '$2y$13$ie.0doR6uGmQ0vTExjVk9eOYiUIPh3fQw6sHEjShVHIwfr5IjVmeG', 1, NULL, '2020-02-18 23:18:10'),
(1180, 1297, 'mr16016', 'mr16016@ues.edu.sv', '$2y$13$ie.0doR6uGmQ0vTExjVk9eOYiUIPh3fQw6sHEjShVHIwfr5IjVmeG', 1, NULL, '2020-02-18 23:18:10'),
(1181, 1298, 'sc12016', 'sc12016@ues.edu.sv', '$2y$13$ie.0doR6uGmQ0vTExjVk9eOYiUIPh3fQw6sHEjShVHIwfr5IjVmeG', 1, NULL, '2020-02-18 23:18:10'),
(1182, 1299, 'am15002', 'am15002@ues.edu.sv', '$2y$13$ie.0doR6uGmQ0vTExjVk9eOYiUIPh3fQw6sHEjShVHIwfr5IjVmeG', 1, NULL, '2020-02-18 23:18:10'),
(1183, 1300, 'dc06006', 'dc06006@ues.edu.sv', '$2y$13$ie.0doR6uGmQ0vTExjVk9eOYiUIPh3fQw6sHEjShVHIwfr5IjVmeG', 1, NULL, '2020-02-18 23:18:10'),
(1184, 1301, 'gh08026', 'gh08026@ues.edu.sv', '$2y$13$ie.0doR6uGmQ0vTExjVk9eOYiUIPh3fQw6sHEjShVHIwfr5IjVmeG', 1, NULL, '2020-02-18 23:18:10'),
(1185, 1302, 'jp16001', 'jp16001@ues.edu.sv', '$2y$13$ie.0doR6uGmQ0vTExjVk9eOYiUIPh3fQw6sHEjShVHIwfr5IjVmeG', 1, NULL, '2020-02-18 23:18:10'),
(1186, 1303, 'rs16007', 'rs16007@ues.edu.sv', '$2y$13$ie.0doR6uGmQ0vTExjVk9eOYiUIPh3fQw6sHEjShVHIwfr5IjVmeG', 1, NULL, '2020-02-18 23:18:10'),
(1187, 1304, 'cc09133', 'cc09133@ues.edu.sv', '$2y$13$ie.0doR6uGmQ0vTExjVk9eOYiUIPh3fQw6sHEjShVHIwfr5IjVmeG', 1, NULL, '2020-02-18 23:18:10'),
(1188, 1305, 'ar13004', 'ar13004@ues.edu.sv', '$2y$13$ie.0doR6uGmQ0vTExjVk9eOYiUIPh3fQw6sHEjShVHIwfr5IjVmeG', 1, NULL, '2020-02-18 23:18:10'),
(1189, 1306, 'oa14007', 'oa14007@ues.edu.sv', '$2y$13$ie.0doR6uGmQ0vTExjVk9eOYiUIPh3fQw6sHEjShVHIwfr5IjVmeG', 1, NULL, '2020-02-18 23:18:10'),
(1190, 1307, 'ag11012', 'ag11012@ues.edu.sv', '$2y$13$ie.0doR6uGmQ0vTExjVk9eOYiUIPh3fQw6sHEjShVHIwfr5IjVmeG', 1, NULL, '2020-02-18 23:18:10'),
(1191, 1308, 'dm09024', 'dm09024@ues.edu.sv', '$2y$13$ie.0doR6uGmQ0vTExjVk9eOYiUIPh3fQw6sHEjShVHIwfr5IjVmeG', 1, NULL, '2020-02-18 23:18:10'),
(1192, 1309, 'fa10030', 'fa10030@ues.edu.sv', '$2y$13$ie.0doR6uGmQ0vTExjVk9eOYiUIPh3fQw6sHEjShVHIwfr5IjVmeG', 1, NULL, '2020-02-18 23:18:10'),
(1193, 1310, 'cr09036', 'cr09036@ues.edu.sv', '$2y$13$ie.0doR6uGmQ0vTExjVk9eOYiUIPh3fQw6sHEjShVHIwfr5IjVmeG', 1, NULL, '2020-02-18 23:18:10'),
(1194, 1311, 'mi10001', 'mi10001@ues.edu.sv', '$2y$13$ie.0doR6uGmQ0vTExjVk9eOYiUIPh3fQw6sHEjShVHIwfr5IjVmeG', 1, NULL, '2020-02-18 23:18:10'),
(1195, 1312, 'br14003', 'br14003@ues.edu.sv', '$2y$13$ie.0doR6uGmQ0vTExjVk9eOYiUIPh3fQw6sHEjShVHIwfr5IjVmeG', 1, NULL, '2020-02-18 23:18:10'),
(1196, 1313, 'lv14005', 'lv14005@ues.edu.sv', '$2y$13$ie.0doR6uGmQ0vTExjVk9eOYiUIPh3fQw6sHEjShVHIwfr5IjVmeG', 1, NULL, '2020-02-18 23:18:10'),
(1197, 1314, 'es16014', 'es16014@ues.edu.sv', '$2y$13$ie.0doR6uGmQ0vTExjVk9eOYiUIPh3fQw6sHEjShVHIwfr5IjVmeG', 1, NULL, '2020-02-18 23:18:10'),
(1198, 1315, 'gv12003', 'gv12003@ues.edu.sv', '$2y$13$ie.0doR6uGmQ0vTExjVk9eOYiUIPh3fQw6sHEjShVHIwfr5IjVmeG', 1, NULL, '2020-02-18 23:18:10'),
(1199, 1316, 'sh09011', 'sh09011@ues.edu.sv', '$2y$13$ie.0doR6uGmQ0vTExjVk9eOYiUIPh3fQw6sHEjShVHIwfr5IjVmeG', 1, NULL, '2020-02-18 23:18:10'),
(1200, 1317, 'gr10010', 'gr10010@ues.edu.sv', '$2y$13$ie.0doR6uGmQ0vTExjVk9eOYiUIPh3fQw6sHEjShVHIwfr5IjVmeG', 1, NULL, '2020-02-18 23:18:10'),
(1201, 1318, 'll08027', 'll08027@ues.edu.sv', '$2y$13$ie.0doR6uGmQ0vTExjVk9eOYiUIPh3fQw6sHEjShVHIwfr5IjVmeG', 1, NULL, '2020-02-18 23:18:10'),
(1202, 1319, 'pu11001', 'pu11001@ues.edu.sv', '$2y$13$ie.0doR6uGmQ0vTExjVk9eOYiUIPh3fQw6sHEjShVHIwfr5IjVmeG', 1, NULL, '2020-02-18 23:18:10'),
(1203, 1320, 'bg10002', 'bg10002@ues.edu.sv', '$2y$13$ie.0doR6uGmQ0vTExjVk9eOYiUIPh3fQw6sHEjShVHIwfr5IjVmeG', 1, NULL, '2020-02-18 23:18:10'),
(1204, 1321, 'dr98011', 'dr98011@ues.edu.sv', '$2y$13$ie.0doR6uGmQ0vTExjVk9eOYiUIPh3fQw6sHEjShVHIwfr5IjVmeG', 1, NULL, '2020-02-18 23:18:10'),
(1205, 1322, 'so15008', 'so15008@ues.edu.sv', '$2y$13$ie.0doR6uGmQ0vTExjVk9eOYiUIPh3fQw6sHEjShVHIwfr5IjVmeG', 1, NULL, '2020-02-18 23:18:10'),
(1206, 1323, 'ml13015', 'ml13015@ues.edu.sv', '$2y$13$ie.0doR6uGmQ0vTExjVk9eOYiUIPh3fQw6sHEjShVHIwfr5IjVmeG', 1, NULL, '2020-02-18 23:18:10'),
(1207, 1324, 'mr14137', 'mr14137@ues.edu.sv', '$2y$13$ie.0doR6uGmQ0vTExjVk9eOYiUIPh3fQw6sHEjShVHIwfr5IjVmeG', 1, NULL, '2020-02-18 23:18:10'),
(1208, 1325, 'mf11043', 'mf11043@ues.edu.sv', '$2y$13$ie.0doR6uGmQ0vTExjVk9eOYiUIPh3fQw6sHEjShVHIwfr5IjVmeG', 1, NULL, '2020-02-18 23:18:10'),
(1209, 1326, 'br14005', 'br14005@ues.edu.sv', '$2y$13$ie.0doR6uGmQ0vTExjVk9eOYiUIPh3fQw6sHEjShVHIwfr5IjVmeG', 1, NULL, '2020-02-18 23:18:10'),
(1210, 1327, 'nr08006', 'nr08006@ues.edu.sv', '$2y$13$ie.0doR6uGmQ0vTExjVk9eOYiUIPh3fQw6sHEjShVHIwfr5IjVmeG', 1, NULL, '2020-02-18 23:18:10'),
(1211, 1328, 'em15001', 'em15001@ues.edu.sv', '$2y$13$ie.0doR6uGmQ0vTExjVk9eOYiUIPh3fQw6sHEjShVHIwfr5IjVmeG', 1, NULL, '2020-02-18 23:18:10'),
(1212, 1329, 'mm09258', 'mm09258@ues.edu.sv', '$2y$13$ie.0doR6uGmQ0vTExjVk9eOYiUIPh3fQw6sHEjShVHIwfr5IjVmeG', 1, NULL, '2020-02-18 23:18:10'),
(1213, 1330, 'vv10031', 'vv10031@ues.edu.sv', '$2y$13$ie.0doR6uGmQ0vTExjVk9eOYiUIPh3fQw6sHEjShVHIwfr5IjVmeG', 1, NULL, '2020-02-18 23:18:10'),
(1214, 1331, 'cc15043', 'cc15043@ues.edu.sv', '$2y$13$ie.0doR6uGmQ0vTExjVk9eOYiUIPh3fQw6sHEjShVHIwfr5IjVmeG', 1, NULL, '2020-02-18 23:18:10'),
(1215, 1332, 'hc09025', 'hc09025@ues.edu.sv', '$2y$13$ie.0doR6uGmQ0vTExjVk9eOYiUIPh3fQw6sHEjShVHIwfr5IjVmeG', 1, NULL, '2020-02-18 23:18:10'),
(1216, 1333, 'ta14008', 'ta14008@ues.edu.sv', '$2y$13$ie.0doR6uGmQ0vTExjVk9eOYiUIPh3fQw6sHEjShVHIwfr5IjVmeG', 1, NULL, '2020-02-18 23:18:10'),
(1217, 1334, 'ar09062', 'ar09062@ues.edu.sv', '$2y$13$ie.0doR6uGmQ0vTExjVk9eOYiUIPh3fQw6sHEjShVHIwfr5IjVmeG', 1, NULL, '2020-02-18 23:18:10'),
(1218, 1335, 'zv10001', 'zv10001@ues.edu.sv', '$2y$13$ie.0doR6uGmQ0vTExjVk9eOYiUIPh3fQw6sHEjShVHIwfr5IjVmeG', 1, NULL, '2020-02-18 23:18:10'),
(1219, 1336, 'rm16035', 'rm16035@ues.edu.sv', '$2y$13$ie.0doR6uGmQ0vTExjVk9eOYiUIPh3fQw6sHEjShVHIwfr5IjVmeG', 1, NULL, '2020-02-18 23:18:10'),
(1220, 1337, 'cc12035', 'cc12035@ues.edu.sv', '$2y$13$ie.0doR6uGmQ0vTExjVk9eOYiUIPh3fQw6sHEjShVHIwfr5IjVmeG', 1, NULL, '2020-02-18 23:18:10'),
(1221, 1338, 'mc16006', 'mc16006@ues.edu.sv', '$2y$13$ie.0doR6uGmQ0vTExjVk9eOYiUIPh3fQw6sHEjShVHIwfr5IjVmeG', 1, NULL, '2020-02-18 23:18:10'),
(1222, 1339, 'mv12056', 'mv12056@ues.edu.sv', '$2y$13$ie.0doR6uGmQ0vTExjVk9eOYiUIPh3fQw6sHEjShVHIwfr5IjVmeG', 1, NULL, '2020-02-18 23:18:10'),
(1223, 1340, 'aa10013', 'aa10013@ues.edu.sv', '$2y$13$ie.0doR6uGmQ0vTExjVk9eOYiUIPh3fQw6sHEjShVHIwfr5IjVmeG', 1, NULL, '2020-02-18 23:18:10'),
(1224, 1341, 'sc16001', 'sc16001@ues.edu.sv', '$2y$13$ie.0doR6uGmQ0vTExjVk9eOYiUIPh3fQw6sHEjShVHIwfr5IjVmeG', 1, NULL, '2020-02-18 23:18:10'),
(1225, 1342, 've16005', 've16005@ues.edu.sv', '$2y$13$ie.0doR6uGmQ0vTExjVk9eOYiUIPh3fQw6sHEjShVHIwfr5IjVmeG', 1, NULL, '2020-02-18 23:18:10'),
(1226, 1343, 'gr15059', 'gr15059@ues.edu.sv', '$2y$13$ie.0doR6uGmQ0vTExjVk9eOYiUIPh3fQw6sHEjShVHIwfr5IjVmeG', 1, NULL, '2020-02-18 23:18:10'),
(1227, 1344, 'cd13001', 'cd13001@ues.edu.sv', '$2y$13$ie.0doR6uGmQ0vTExjVk9eOYiUIPh3fQw6sHEjShVHIwfr5IjVmeG', 1, NULL, '2020-02-18 23:18:10'),
(1228, 1345, 'fg12026', 'fg12026@ues.edu.sv', '$2y$13$ie.0doR6uGmQ0vTExjVk9eOYiUIPh3fQw6sHEjShVHIwfr5IjVmeG', 1, NULL, '2020-02-18 23:18:10'),
(1229, 1346, 'cf07030', 'cf07030@ues.edu.sv', '$2y$13$ie.0doR6uGmQ0vTExjVk9eOYiUIPh3fQw6sHEjShVHIwfr5IjVmeG', 1, NULL, '2020-02-18 23:18:10'),
(1230, 1347, 'gr15064', 'gr15064@ues.edu.sv', '$2y$13$ie.0doR6uGmQ0vTExjVk9eOYiUIPh3fQw6sHEjShVHIwfr5IjVmeG', 1, NULL, '2020-02-18 23:18:10'),
(1231, 1348, 'cz13016', 'cz13016@ues.edu.sv', '$2y$13$ie.0doR6uGmQ0vTExjVk9eOYiUIPh3fQw6sHEjShVHIwfr5IjVmeG', 1, NULL, '2020-02-18 23:18:10'),
(1232, 1349, 'bl16005', 'bl16005@ues.edu.sv', '$2y$13$ie.0doR6uGmQ0vTExjVk9eOYiUIPh3fQw6sHEjShVHIwfr5IjVmeG', 1, NULL, '2020-02-18 23:18:10'),
(1233, 1350, 'sr13002', 'sr13002@ues.edu.sv', '$2y$13$ie.0doR6uGmQ0vTExjVk9eOYiUIPh3fQw6sHEjShVHIwfr5IjVmeG', 1, NULL, '2020-02-18 23:18:10'),
(1234, 1351, 'dh15007', 'dh15007@ues.edu.sv', '$2y$13$ie.0doR6uGmQ0vTExjVk9eOYiUIPh3fQw6sHEjShVHIwfr5IjVmeG', 1, NULL, '2020-02-18 23:18:10'),
(1235, 1352, 'pd11022', 'pd11022@ues.edu.sv', '$2y$13$ie.0doR6uGmQ0vTExjVk9eOYiUIPh3fQw6sHEjShVHIwfr5IjVmeG', 1, NULL, '2020-02-18 23:18:10'),
(1236, 1353, 'pa13014', 'pa13014@ues.edu.sv', '$2y$13$ie.0doR6uGmQ0vTExjVk9eOYiUIPh3fQw6sHEjShVHIwfr5IjVmeG', 1, NULL, '2020-02-18 23:18:10'),
(1237, 1354, 'jc16004', 'jc16004@ues.edu.sv', '$2y$13$ie.0doR6uGmQ0vTExjVk9eOYiUIPh3fQw6sHEjShVHIwfr5IjVmeG', 1, NULL, '2020-02-18 23:18:10'),
(1238, 1355, 'ia11003', 'ia11003@ues.edu.sv', '$2y$13$ie.0doR6uGmQ0vTExjVk9eOYiUIPh3fQw6sHEjShVHIwfr5IjVmeG', 1, NULL, '2020-02-18 23:18:10'),
(1239, 1356, 'hm05072', 'hm05072@ues.edu.sv', '$2y$13$ie.0doR6uGmQ0vTExjVk9eOYiUIPh3fQw6sHEjShVHIwfr5IjVmeG', 1, NULL, '2020-02-18 23:18:10'),
(1240, 1357, 'hc16041', 'hc16041@ues.edu.sv', '$2y$13$ie.0doR6uGmQ0vTExjVk9eOYiUIPh3fQw6sHEjShVHIwfr5IjVmeG', 1, NULL, '2020-02-18 23:18:10'),
(1241, 1358, 'cg11017', 'cg11017@ues.edu.sv', '$2y$13$ie.0doR6uGmQ0vTExjVk9eOYiUIPh3fQw6sHEjShVHIwfr5IjVmeG', 1, NULL, '2020-02-18 23:18:10'),
(1242, 1359, 'fc08009', 'fc08009@ues.edu.sv', '$2y$13$ie.0doR6uGmQ0vTExjVk9eOYiUIPh3fQw6sHEjShVHIwfr5IjVmeG', 1, NULL, '2020-02-18 23:18:10'),
(1243, 1360, 'nm14001', 'nm14001@ues.edu.sv', '$2y$13$ie.0doR6uGmQ0vTExjVk9eOYiUIPh3fQw6sHEjShVHIwfr5IjVmeG', 1, NULL, '2020-02-18 23:18:10'),
(1244, 1361, 'ab15002', 'ab15002@ues.edu.sv', '$2y$13$ie.0doR6uGmQ0vTExjVk9eOYiUIPh3fQw6sHEjShVHIwfr5IjVmeG', 1, NULL, '2020-02-18 23:18:10'),
(1245, 1362, 'ma10016', 'ma10016@ues.edu.sv', '$2y$13$ie.0doR6uGmQ0vTExjVk9eOYiUIPh3fQw6sHEjShVHIwfr5IjVmeG', 1, NULL, '2020-02-18 23:18:10'),
(1246, 1363, 'nr12007', 'nr12007@ues.edu.sv', '$2y$13$ie.0doR6uGmQ0vTExjVk9eOYiUIPh3fQw6sHEjShVHIwfr5IjVmeG', 1, NULL, '2020-02-18 23:18:10');

-- --------------------------------------------------------

--
-- Table structure for table `usuario_rol`
--

CREATE TABLE `usuario_rol` (
  `id` int(11) NOT NULL,
  `id_usuario` int(11) NOT NULL,
  `id_rol` int(11) NOT NULL,
  `creado` timestamp NOT NULL DEFAULT current_timestamp() ON UPDATE current_timestamp()
) ENGINE=InnoDB DEFAULT CHARSET=utf8mb4 COLLATE=utf8mb4_unicode_ci;

--
-- Dumping data for table `usuario_rol`
--

INSERT INTO `usuario_rol` (`id`, `id_usuario`, `id_rol`, `creado`) VALUES
(43, 322, 23, '2020-02-18 23:18:07'),
(44, 322, 22, '2020-02-18 23:18:07'),
(45, 323, 23, '2020-02-18 23:18:07'),
(46, 323, 22, '2020-02-18 23:18:07'),
(47, 324, 23, '2020-02-18 23:18:07'),
(48, 324, 22, '2020-02-18 23:18:07'),
(49, 325, 23, '2020-02-18 23:18:07'),
(50, 325, 22, '2020-02-18 23:18:07'),
(51, 326, 23, '2020-02-18 23:18:07'),
(52, 326, 22, '2020-02-18 23:18:07'),
(53, 327, 23, '2020-02-18 23:18:07'),
(54, 327, 22, '2020-02-18 23:18:07'),
(55, 328, 23, '2020-02-18 23:18:07'),
(56, 328, 22, '2020-02-18 23:18:07'),
(57, 329, 26, '2020-02-18 23:18:11'),
(58, 329, 22, '2020-02-18 23:18:11'),
(59, 330, 26, '2020-02-18 23:18:11'),
(60, 330, 22, '2020-02-18 23:18:11'),
(61, 331, 26, '2020-02-18 23:18:11'),
(62, 331, 22, '2020-02-18 23:18:11'),
(63, 332, 26, '2020-02-18 23:18:11'),
(64, 332, 22, '2020-02-18 23:18:11'),
(65, 333, 26, '2020-02-18 23:18:11'),
(66, 333, 22, '2020-02-18 23:18:11'),
(67, 334, 26, '2020-02-18 23:18:11'),
(68, 334, 22, '2020-02-18 23:18:11'),
(69, 335, 26, '2020-02-18 23:18:11'),
(70, 335, 22, '2020-02-18 23:18:11'),
(71, 336, 26, '2020-02-18 23:18:11'),
(72, 336, 22, '2020-02-18 23:18:11'),
(73, 337, 26, '2020-02-18 23:18:11'),
(74, 337, 22, '2020-02-18 23:18:11'),
(75, 338, 26, '2020-02-18 23:18:11'),
(76, 338, 22, '2020-02-18 23:18:11'),
(77, 339, 26, '2020-02-18 23:18:11'),
(78, 339, 22, '2020-02-18 23:18:11'),
(79, 340, 26, '2020-02-18 23:18:11'),
(80, 340, 22, '2020-02-18 23:18:11'),
(81, 341, 26, '2020-02-18 23:18:11'),
(82, 341, 22, '2020-02-18 23:18:11'),
(83, 342, 26, '2020-02-18 23:18:11'),
(84, 342, 22, '2020-02-18 23:18:11'),
(85, 343, 26, '2020-02-18 23:18:11'),
(86, 343, 22, '2020-02-18 23:18:11'),
(87, 344, 26, '2020-02-18 23:18:11'),
(88, 344, 22, '2020-02-18 23:18:11'),
(89, 345, 26, '2020-02-18 23:18:11'),
(90, 345, 22, '2020-02-18 23:18:11'),
(91, 346, 26, '2020-02-18 23:18:11'),
(92, 346, 22, '2020-02-18 23:18:11'),
(93, 347, 26, '2020-02-18 23:18:11'),
(94, 347, 22, '2020-02-18 23:18:11'),
(95, 348, 26, '2020-02-18 23:18:11'),
(96, 348, 22, '2020-02-18 23:18:11'),
(97, 349, 26, '2020-02-18 23:18:11'),
(98, 349, 22, '2020-02-18 23:18:11'),
(99, 350, 26, '2020-02-18 23:18:11'),
(100, 350, 22, '2020-02-18 23:18:11'),
(101, 351, 26, '2020-02-18 23:18:11'),
(102, 351, 22, '2020-02-18 23:18:11'),
(103, 352, 26, '2020-02-18 23:18:11'),
(104, 352, 22, '2020-02-18 23:18:11'),
(105, 353, 26, '2020-02-18 23:18:11'),
(106, 353, 22, '2020-02-18 23:18:11'),
(107, 354, 26, '2020-02-18 23:18:11'),
(108, 354, 22, '2020-02-18 23:18:11'),
(109, 355, 26, '2020-02-18 23:18:11'),
(110, 355, 22, '2020-02-18 23:18:11'),
(111, 356, 26, '2020-02-18 23:18:11'),
(112, 356, 22, '2020-02-18 23:18:11'),
(113, 357, 26, '2020-02-18 23:18:11'),
(114, 357, 22, '2020-02-18 23:18:11'),
(115, 358, 26, '2020-02-18 23:18:11'),
(116, 358, 22, '2020-02-18 23:18:11'),
(117, 359, 26, '2020-02-18 23:18:11'),
(118, 359, 22, '2020-02-18 23:18:11'),
(119, 360, 26, '2020-02-18 23:18:11'),
(120, 360, 22, '2020-02-18 23:18:11'),
(121, 361, 26, '2020-02-18 23:18:11'),
(122, 361, 22, '2020-02-18 23:18:11'),
(123, 362, 26, '2020-02-18 23:18:11'),
(124, 362, 22, '2020-02-18 23:18:11'),
(125, 363, 26, '2020-02-18 23:18:11'),
(126, 363, 22, '2020-02-18 23:18:11'),
(127, 364, 26, '2020-02-18 23:18:11'),
(128, 364, 22, '2020-02-18 23:18:11'),
(129, 365, 26, '2020-02-18 23:18:11'),
(130, 365, 22, '2020-02-18 23:18:11'),
(131, 366, 26, '2020-02-18 23:18:11'),
(132, 366, 22, '2020-02-18 23:18:11'),
(133, 367, 26, '2020-02-18 23:18:11'),
(134, 367, 22, '2020-02-18 23:18:11'),
(135, 368, 26, '2020-02-18 23:18:11'),
(136, 368, 22, '2020-02-18 23:18:11'),
(137, 369, 26, '2020-02-18 23:18:11'),
(138, 369, 22, '2020-02-18 23:18:11'),
(139, 370, 26, '2020-02-18 23:18:11'),
(140, 370, 22, '2020-02-18 23:18:11'),
(141, 371, 26, '2020-02-18 23:18:11'),
(142, 371, 22, '2020-02-18 23:18:11'),
(143, 372, 26, '2020-02-18 23:18:11'),
(144, 372, 22, '2020-02-18 23:18:11'),
(145, 373, 26, '2020-02-18 23:18:11'),
(146, 373, 22, '2020-02-18 23:18:11'),
(147, 374, 26, '2020-02-18 23:18:11'),
(148, 374, 22, '2020-02-18 23:18:11'),
(149, 375, 26, '2020-02-18 23:18:11'),
(150, 375, 22, '2020-02-18 23:18:11'),
(151, 376, 26, '2020-02-18 23:18:11'),
(152, 376, 22, '2020-02-18 23:18:11'),
(153, 377, 26, '2020-02-18 23:18:11'),
(154, 377, 22, '2020-02-18 23:18:11'),
(155, 378, 26, '2020-02-18 23:18:11'),
(156, 378, 22, '2020-02-18 23:18:11'),
(157, 379, 26, '2020-02-18 23:18:11'),
(158, 379, 22, '2020-02-18 23:18:11'),
(159, 380, 26, '2020-02-18 23:18:11'),
(160, 380, 22, '2020-02-18 23:18:11'),
(161, 381, 26, '2020-02-18 23:18:11'),
(162, 381, 22, '2020-02-18 23:18:11'),
(163, 382, 26, '2020-02-18 23:18:11'),
(164, 382, 22, '2020-02-18 23:18:11'),
(165, 383, 26, '2020-02-18 23:18:11'),
(166, 383, 22, '2020-02-18 23:18:11'),
(167, 384, 26, '2020-02-18 23:18:11'),
(168, 384, 22, '2020-02-18 23:18:11'),
(169, 385, 26, '2020-02-18 23:18:11'),
(170, 385, 22, '2020-02-18 23:18:11'),
(171, 386, 26, '2020-02-18 23:18:11'),
(172, 386, 22, '2020-02-18 23:18:11'),
(173, 387, 26, '2020-02-18 23:18:11'),
(174, 387, 22, '2020-02-18 23:18:11'),
(175, 388, 26, '2020-02-18 23:18:11'),
(176, 388, 22, '2020-02-18 23:18:11'),
(177, 389, 26, '2020-02-18 23:18:11'),
(178, 389, 22, '2020-02-18 23:18:11'),
(179, 390, 26, '2020-02-18 23:18:11'),
(180, 390, 22, '2020-02-18 23:18:11'),
(181, 391, 26, '2020-02-18 23:18:11'),
(182, 391, 22, '2020-02-18 23:18:11'),
(183, 392, 26, '2020-02-18 23:18:11'),
(184, 392, 22, '2020-02-18 23:18:11'),
(185, 393, 26, '2020-02-18 23:18:11'),
(186, 393, 22, '2020-02-18 23:18:11'),
(187, 394, 26, '2020-02-18 23:18:11'),
(188, 394, 22, '2020-02-18 23:18:11'),
(189, 395, 26, '2020-02-18 23:18:11'),
(190, 395, 22, '2020-02-18 23:18:11'),
(191, 396, 26, '2020-02-18 23:18:11'),
(192, 396, 22, '2020-02-18 23:18:11'),
(193, 397, 26, '2020-02-18 23:18:11'),
(194, 397, 22, '2020-02-18 23:18:11'),
(195, 398, 26, '2020-02-18 23:18:11'),
(196, 398, 22, '2020-02-18 23:18:11'),
(197, 399, 26, '2020-02-18 23:18:11'),
(198, 399, 22, '2020-02-18 23:18:11'),
(199, 400, 26, '2020-02-18 23:18:11'),
(200, 400, 22, '2020-02-18 23:18:11'),
(201, 401, 26, '2020-02-18 23:18:11'),
(202, 401, 22, '2020-02-18 23:18:11'),
(203, 402, 26, '2020-02-18 23:18:11'),
(204, 402, 22, '2020-02-18 23:18:11'),
(205, 403, 26, '2020-02-18 23:18:11'),
(206, 403, 22, '2020-02-18 23:18:11'),
(207, 404, 26, '2020-02-18 23:18:11'),
(208, 404, 22, '2020-02-18 23:18:11'),
(209, 405, 26, '2020-02-18 23:18:11'),
(210, 405, 22, '2020-02-18 23:18:11'),
(211, 406, 26, '2020-02-18 23:18:11'),
(212, 406, 22, '2020-02-18 23:18:11'),
(213, 407, 26, '2020-02-18 23:18:11'),
(214, 407, 22, '2020-02-18 23:18:11'),
(215, 408, 26, '2020-02-18 23:18:11'),
(216, 408, 22, '2020-02-18 23:18:11'),
(217, 409, 26, '2020-02-18 23:18:11'),
(218, 409, 22, '2020-02-18 23:18:11'),
(219, 410, 26, '2020-02-18 23:18:11'),
(220, 410, 22, '2020-02-18 23:18:11'),
(221, 411, 26, '2020-02-18 23:18:11'),
(222, 411, 22, '2020-02-18 23:18:11'),
(223, 412, 26, '2020-02-18 23:18:11'),
(224, 412, 22, '2020-02-18 23:18:11'),
(225, 413, 26, '2020-02-18 23:18:11'),
(226, 413, 22, '2020-02-18 23:18:11'),
(227, 414, 26, '2020-02-18 23:18:11'),
(228, 414, 22, '2020-02-18 23:18:11'),
(229, 415, 26, '2020-02-18 23:18:11'),
(230, 415, 22, '2020-02-18 23:18:11'),
(231, 416, 26, '2020-02-18 23:18:11'),
(232, 416, 22, '2020-02-18 23:18:11'),
(233, 417, 26, '2020-02-18 23:18:11'),
(234, 417, 22, '2020-02-18 23:18:11'),
(235, 418, 26, '2020-02-18 23:18:11'),
(236, 418, 22, '2020-02-18 23:18:11'),
(237, 419, 26, '2020-02-18 23:18:11'),
(238, 419, 22, '2020-02-18 23:18:11'),
(239, 420, 26, '2020-02-18 23:18:11'),
(240, 420, 22, '2020-02-18 23:18:11'),
(241, 421, 26, '2020-02-18 23:18:11'),
(242, 421, 22, '2020-02-18 23:18:11'),
(243, 422, 26, '2020-02-18 23:18:11'),
(244, 422, 22, '2020-02-18 23:18:11'),
(245, 423, 26, '2020-02-18 23:18:11'),
(246, 423, 22, '2020-02-18 23:18:11'),
(247, 424, 26, '2020-02-18 23:18:11'),
(248, 424, 22, '2020-02-18 23:18:11'),
(249, 425, 26, '2020-02-18 23:18:11'),
(250, 425, 22, '2020-02-18 23:18:11'),
(251, 426, 26, '2020-02-18 23:18:11'),
(252, 426, 22, '2020-02-18 23:18:11'),
(253, 427, 26, '2020-02-18 23:18:11'),
(254, 427, 22, '2020-02-18 23:18:11'),
(255, 428, 26, '2020-02-18 23:18:11'),
(256, 428, 22, '2020-02-18 23:18:11'),
(257, 429, 26, '2020-02-18 23:18:11'),
(258, 429, 22, '2020-02-18 23:18:11'),
(259, 430, 26, '2020-02-18 23:18:11'),
(260, 430, 22, '2020-02-18 23:18:11'),
(261, 431, 26, '2020-02-18 23:18:11'),
(262, 431, 22, '2020-02-18 23:18:11'),
(263, 432, 26, '2020-02-18 23:18:11'),
(264, 432, 22, '2020-02-18 23:18:11'),
(265, 433, 26, '2020-02-18 23:18:11'),
(266, 433, 22, '2020-02-18 23:18:11'),
(267, 434, 26, '2020-02-18 23:18:11'),
(268, 434, 22, '2020-02-18 23:18:11'),
(269, 435, 26, '2020-02-18 23:18:11'),
(270, 435, 22, '2020-02-18 23:18:11'),
(271, 436, 26, '2020-02-18 23:18:11'),
(272, 436, 22, '2020-02-18 23:18:11'),
(273, 437, 26, '2020-02-18 23:18:11'),
(274, 437, 22, '2020-02-18 23:18:11'),
(275, 438, 26, '2020-02-18 23:18:11'),
(276, 438, 22, '2020-02-18 23:18:11'),
(277, 439, 26, '2020-02-18 23:18:11'),
(278, 439, 22, '2020-02-18 23:18:11'),
(279, 440, 26, '2020-02-18 23:18:11'),
(280, 440, 22, '2020-02-18 23:18:11'),
(281, 441, 26, '2020-02-18 23:18:11'),
(282, 441, 22, '2020-02-18 23:18:11'),
(283, 442, 26, '2020-02-18 23:18:11'),
(284, 442, 22, '2020-02-18 23:18:11'),
(285, 443, 26, '2020-02-18 23:18:11'),
(286, 443, 22, '2020-02-18 23:18:11'),
(287, 444, 26, '2020-02-18 23:18:11'),
(288, 444, 22, '2020-02-18 23:18:11'),
(289, 445, 26, '2020-02-18 23:18:11'),
(290, 445, 22, '2020-02-18 23:18:11'),
(291, 446, 26, '2020-02-18 23:18:11'),
(292, 446, 22, '2020-02-18 23:18:11'),
(293, 447, 26, '2020-02-18 23:18:11'),
(294, 447, 22, '2020-02-18 23:18:11'),
(295, 448, 26, '2020-02-18 23:18:11'),
(296, 448, 22, '2020-02-18 23:18:11'),
(297, 449, 26, '2020-02-18 23:18:11'),
(298, 449, 22, '2020-02-18 23:18:11'),
(299, 450, 26, '2020-02-18 23:18:11'),
(300, 450, 22, '2020-02-18 23:18:11'),
(301, 451, 26, '2020-02-18 23:18:11'),
(302, 451, 22, '2020-02-18 23:18:11'),
(303, 452, 26, '2020-02-18 23:18:11'),
(304, 452, 22, '2020-02-18 23:18:11'),
(305, 453, 26, '2020-02-18 23:18:11'),
(306, 453, 22, '2020-02-18 23:18:11'),
(307, 454, 26, '2020-02-18 23:18:11'),
(308, 454, 22, '2020-02-18 23:18:11'),
(309, 455, 26, '2020-02-18 23:18:11'),
(310, 455, 22, '2020-02-18 23:18:11'),
(311, 456, 26, '2020-02-18 23:18:11'),
(312, 456, 22, '2020-02-18 23:18:11'),
(313, 457, 26, '2020-02-18 23:18:11'),
(314, 457, 22, '2020-02-18 23:18:11'),
(315, 458, 26, '2020-02-18 23:18:11'),
(316, 458, 22, '2020-02-18 23:18:11'),
(317, 459, 26, '2020-02-18 23:18:11'),
(318, 459, 22, '2020-02-18 23:18:11'),
(319, 460, 26, '2020-02-18 23:18:11'),
(320, 460, 22, '2020-02-18 23:18:11'),
(321, 461, 26, '2020-02-18 23:18:11'),
(322, 461, 22, '2020-02-18 23:18:11'),
(323, 462, 26, '2020-02-18 23:18:11'),
(324, 462, 22, '2020-02-18 23:18:11'),
(325, 463, 26, '2020-02-18 23:18:11'),
(326, 463, 22, '2020-02-18 23:18:11'),
(327, 464, 26, '2020-02-18 23:18:11'),
(328, 464, 22, '2020-02-18 23:18:11'),
(329, 465, 26, '2020-02-18 23:18:11'),
(330, 465, 22, '2020-02-18 23:18:11'),
(331, 466, 26, '2020-02-18 23:18:11'),
(332, 466, 22, '2020-02-18 23:18:11'),
(333, 467, 26, '2020-02-18 23:18:11'),
(334, 467, 22, '2020-02-18 23:18:11'),
(335, 468, 26, '2020-02-18 23:18:11'),
(336, 468, 22, '2020-02-18 23:18:11'),
(337, 469, 26, '2020-02-18 23:18:11'),
(338, 469, 22, '2020-02-18 23:18:11'),
(339, 470, 26, '2020-02-18 23:18:11'),
(340, 470, 22, '2020-02-18 23:18:11'),
(341, 471, 26, '2020-02-18 23:18:11'),
(342, 471, 22, '2020-02-18 23:18:11'),
(343, 472, 26, '2020-02-18 23:18:11'),
(344, 472, 22, '2020-02-18 23:18:11'),
(345, 473, 26, '2020-02-18 23:18:11'),
(346, 473, 22, '2020-02-18 23:18:11'),
(347, 474, 26, '2020-02-18 23:18:11'),
(348, 474, 22, '2020-02-18 23:18:11'),
(349, 475, 26, '2020-02-18 23:18:11'),
(350, 475, 22, '2020-02-18 23:18:11'),
(351, 476, 26, '2020-02-18 23:18:11'),
(352, 476, 22, '2020-02-18 23:18:11'),
(353, 477, 26, '2020-02-18 23:18:11'),
(354, 477, 22, '2020-02-18 23:18:11'),
(355, 478, 26, '2020-02-18 23:18:11'),
(356, 478, 22, '2020-02-18 23:18:11'),
(357, 479, 26, '2020-02-18 23:18:11'),
(358, 479, 22, '2020-02-18 23:18:11'),
(359, 480, 26, '2020-02-18 23:18:11'),
(360, 480, 22, '2020-02-18 23:18:11'),
(361, 481, 26, '2020-02-18 23:18:11'),
(362, 481, 22, '2020-02-18 23:18:11'),
(363, 482, 26, '2020-02-18 23:18:11'),
(364, 482, 22, '2020-02-18 23:18:11'),
(365, 483, 26, '2020-02-18 23:18:11'),
(366, 483, 22, '2020-02-18 23:18:11'),
(367, 484, 26, '2020-02-18 23:18:11'),
(368, 484, 22, '2020-02-18 23:18:11'),
(369, 485, 26, '2020-02-18 23:18:11'),
(370, 485, 22, '2020-02-18 23:18:11'),
(371, 486, 26, '2020-02-18 23:18:11'),
(372, 486, 22, '2020-02-18 23:18:11'),
(373, 487, 26, '2020-02-18 23:18:11'),
(374, 487, 22, '2020-02-18 23:18:11'),
(375, 488, 26, '2020-02-18 23:18:11'),
(376, 488, 22, '2020-02-18 23:18:11'),
(377, 489, 26, '2020-02-18 23:18:11'),
(378, 489, 22, '2020-02-18 23:18:11'),
(379, 490, 26, '2020-02-18 23:18:11'),
(380, 490, 22, '2020-02-18 23:18:11'),
(381, 491, 26, '2020-02-18 23:18:11'),
(382, 491, 22, '2020-02-18 23:18:11'),
(383, 492, 26, '2020-02-18 23:18:11'),
(384, 492, 22, '2020-02-18 23:18:11'),
(385, 493, 26, '2020-02-18 23:18:11'),
(386, 493, 22, '2020-02-18 23:18:11'),
(387, 494, 26, '2020-02-18 23:18:11'),
(388, 494, 22, '2020-02-18 23:18:11'),
(389, 495, 26, '2020-02-18 23:18:11'),
(390, 495, 22, '2020-02-18 23:18:11'),
(391, 496, 26, '2020-02-18 23:18:11'),
(392, 496, 22, '2020-02-18 23:18:11'),
(393, 497, 26, '2020-02-18 23:18:11'),
(394, 497, 22, '2020-02-18 23:18:11'),
(395, 498, 26, '2020-02-18 23:18:11'),
(396, 498, 22, '2020-02-18 23:18:11'),
(397, 499, 26, '2020-02-18 23:18:11'),
(398, 499, 22, '2020-02-18 23:18:11'),
(399, 500, 26, '2020-02-18 23:18:11'),
(400, 500, 22, '2020-02-18 23:18:11'),
(401, 501, 26, '2020-02-18 23:18:11'),
(402, 501, 22, '2020-02-18 23:18:11'),
(403, 502, 26, '2020-02-18 23:18:11'),
(404, 502, 22, '2020-02-18 23:18:11'),
(405, 503, 26, '2020-02-18 23:18:11'),
(406, 503, 22, '2020-02-18 23:18:11'),
(407, 504, 26, '2020-02-18 23:18:11'),
(408, 504, 22, '2020-02-18 23:18:11'),
(409, 505, 26, '2020-02-18 23:18:11'),
(410, 505, 22, '2020-02-18 23:18:11'),
(411, 506, 26, '2020-02-18 23:18:11'),
(412, 506, 22, '2020-02-18 23:18:11'),
(413, 507, 26, '2020-02-18 23:18:11'),
(414, 507, 22, '2020-02-18 23:18:11'),
(415, 508, 26, '2020-02-18 23:18:11'),
(416, 508, 22, '2020-02-18 23:18:11'),
(417, 509, 26, '2020-02-18 23:18:11'),
(418, 509, 22, '2020-02-18 23:18:11'),
(419, 510, 26, '2020-02-18 23:18:11'),
(420, 510, 22, '2020-02-18 23:18:11'),
(421, 511, 26, '2020-02-18 23:18:11'),
(422, 511, 22, '2020-02-18 23:18:11'),
(423, 512, 26, '2020-02-18 23:18:11'),
(424, 512, 22, '2020-02-18 23:18:11'),
(425, 513, 26, '2020-02-18 23:18:11'),
(426, 513, 22, '2020-02-18 23:18:11'),
(427, 514, 26, '2020-02-18 23:18:11'),
(428, 514, 22, '2020-02-18 23:18:11'),
(429, 515, 26, '2020-02-18 23:18:11'),
(430, 515, 22, '2020-02-18 23:18:11'),
(431, 516, 26, '2020-02-18 23:18:11'),
(432, 516, 22, '2020-02-18 23:18:11'),
(433, 517, 26, '2020-02-18 23:18:11'),
(434, 517, 22, '2020-02-18 23:18:11'),
(435, 518, 26, '2020-02-18 23:18:11'),
(436, 518, 22, '2020-02-18 23:18:11'),
(437, 519, 26, '2020-02-18 23:18:11'),
(438, 519, 22, '2020-02-18 23:18:11'),
(439, 520, 26, '2020-02-18 23:18:11'),
(440, 520, 22, '2020-02-18 23:18:11'),
(441, 521, 26, '2020-02-18 23:18:11'),
(442, 521, 22, '2020-02-18 23:18:11'),
(443, 522, 26, '2020-02-18 23:18:11'),
(444, 522, 22, '2020-02-18 23:18:11'),
(445, 523, 26, '2020-02-18 23:18:11'),
(446, 523, 22, '2020-02-18 23:18:11'),
(447, 524, 26, '2020-02-18 23:18:11'),
(448, 524, 22, '2020-02-18 23:18:11'),
(449, 525, 26, '2020-02-18 23:18:11'),
(450, 525, 22, '2020-02-18 23:18:11'),
(451, 526, 26, '2020-02-18 23:18:11'),
(452, 526, 22, '2020-02-18 23:18:11'),
(453, 527, 26, '2020-02-18 23:18:11'),
(454, 527, 22, '2020-02-18 23:18:11'),
(455, 528, 26, '2020-02-18 23:18:11'),
(456, 528, 22, '2020-02-18 23:18:11'),
(457, 529, 26, '2020-02-18 23:18:11'),
(458, 529, 22, '2020-02-18 23:18:11'),
(459, 530, 26, '2020-02-18 23:18:11'),
(460, 530, 22, '2020-02-18 23:18:11'),
(461, 531, 26, '2020-02-18 23:18:11'),
(462, 531, 22, '2020-02-18 23:18:11'),
(463, 532, 26, '2020-02-18 23:18:11'),
(464, 532, 22, '2020-02-18 23:18:11'),
(465, 533, 26, '2020-02-18 23:18:11'),
(466, 533, 22, '2020-02-18 23:18:11'),
(467, 534, 26, '2020-02-18 23:18:11'),
(468, 534, 22, '2020-02-18 23:18:11'),
(469, 535, 26, '2020-02-18 23:18:11'),
(470, 535, 22, '2020-02-18 23:18:11'),
(471, 536, 26, '2020-02-18 23:18:11'),
(472, 536, 22, '2020-02-18 23:18:11'),
(473, 537, 26, '2020-02-18 23:18:11'),
(474, 537, 22, '2020-02-18 23:18:11'),
(475, 538, 26, '2020-02-18 23:18:11'),
(476, 538, 22, '2020-02-18 23:18:11'),
(477, 539, 26, '2020-02-18 23:18:11'),
(478, 539, 22, '2020-02-18 23:18:11'),
(479, 540, 26, '2020-02-18 23:18:11'),
(480, 540, 22, '2020-02-18 23:18:11'),
(481, 541, 26, '2020-02-18 23:18:11'),
(482, 541, 22, '2020-02-18 23:18:11'),
(483, 542, 26, '2020-02-18 23:18:11'),
(484, 542, 22, '2020-02-18 23:18:11'),
(485, 543, 26, '2020-02-18 23:18:11'),
(486, 543, 22, '2020-02-18 23:18:11'),
(487, 544, 26, '2020-02-18 23:18:11'),
(488, 544, 22, '2020-02-18 23:18:11'),
(489, 545, 26, '2020-02-18 23:18:11'),
(490, 545, 22, '2020-02-18 23:18:11'),
(491, 546, 26, '2020-02-18 23:18:11'),
(492, 546, 22, '2020-02-18 23:18:11'),
(493, 547, 26, '2020-02-18 23:18:11'),
(494, 547, 22, '2020-02-18 23:18:11'),
(495, 548, 26, '2020-02-18 23:18:11'),
(496, 548, 22, '2020-02-18 23:18:11'),
(497, 549, 26, '2020-02-18 23:18:11'),
(498, 549, 22, '2020-02-18 23:18:11'),
(499, 550, 26, '2020-02-18 23:18:11'),
(500, 550, 22, '2020-02-18 23:18:11'),
(501, 551, 26, '2020-02-18 23:18:11'),
(502, 551, 22, '2020-02-18 23:18:11'),
(503, 552, 26, '2020-02-18 23:18:11'),
(504, 552, 22, '2020-02-18 23:18:11'),
(505, 553, 26, '2020-02-18 23:18:11'),
(506, 553, 22, '2020-02-18 23:18:11'),
(507, 554, 26, '2020-02-18 23:18:11'),
(508, 554, 22, '2020-02-18 23:18:11'),
(509, 555, 26, '2020-02-18 23:18:11'),
(510, 555, 22, '2020-02-18 23:18:11'),
(511, 556, 26, '2020-02-18 23:18:11'),
(512, 556, 22, '2020-02-18 23:18:11'),
(513, 557, 26, '2020-02-18 23:18:11'),
(514, 557, 22, '2020-02-18 23:18:11'),
(515, 558, 26, '2020-02-18 23:18:11'),
(516, 558, 22, '2020-02-18 23:18:11'),
(517, 559, 26, '2020-02-18 23:18:11'),
(518, 559, 22, '2020-02-18 23:18:11'),
(519, 560, 26, '2020-02-18 23:18:11'),
(520, 560, 22, '2020-02-18 23:18:11'),
(521, 561, 26, '2020-02-18 23:18:11'),
(522, 561, 22, '2020-02-18 23:18:11'),
(523, 562, 26, '2020-02-18 23:18:11'),
(524, 562, 22, '2020-02-18 23:18:11'),
(525, 563, 26, '2020-02-18 23:18:11'),
(526, 563, 22, '2020-02-18 23:18:11'),
(527, 564, 26, '2020-02-18 23:18:11'),
(528, 564, 22, '2020-02-18 23:18:11'),
(529, 565, 26, '2020-02-18 23:18:11'),
(530, 565, 22, '2020-02-18 23:18:11'),
(531, 566, 26, '2020-02-18 23:18:11'),
(532, 566, 22, '2020-02-18 23:18:11'),
(533, 567, 26, '2020-02-18 23:18:11'),
(534, 567, 22, '2020-02-18 23:18:11'),
(535, 568, 26, '2020-02-18 23:18:11'),
(536, 568, 22, '2020-02-18 23:18:11'),
(537, 569, 26, '2020-02-18 23:18:11'),
(538, 569, 22, '2020-02-18 23:18:11'),
(539, 570, 26, '2020-02-18 23:18:11'),
(540, 570, 22, '2020-02-18 23:18:11'),
(541, 571, 26, '2020-02-18 23:18:11'),
(542, 571, 22, '2020-02-18 23:18:11'),
(543, 572, 26, '2020-02-18 23:18:11'),
(544, 572, 22, '2020-02-18 23:18:11'),
(545, 573, 26, '2020-02-18 23:18:11'),
(546, 573, 22, '2020-02-18 23:18:11'),
(547, 574, 26, '2020-02-18 23:18:11'),
(548, 574, 22, '2020-02-18 23:18:11'),
(549, 575, 26, '2020-02-18 23:18:11'),
(550, 575, 22, '2020-02-18 23:18:11'),
(551, 576, 26, '2020-02-18 23:18:11'),
(552, 576, 22, '2020-02-18 23:18:11'),
(553, 577, 26, '2020-02-18 23:18:11'),
(554, 577, 22, '2020-02-18 23:18:11'),
(555, 578, 26, '2020-02-18 23:18:11'),
(556, 578, 22, '2020-02-18 23:18:11'),
(557, 579, 26, '2020-02-18 23:18:11'),
(558, 579, 22, '2020-02-18 23:18:11'),
(559, 580, 26, '2020-02-18 23:18:11'),
(560, 580, 22, '2020-02-18 23:18:11'),
(561, 581, 26, '2020-02-18 23:18:11'),
(562, 581, 22, '2020-02-18 23:18:11'),
(563, 582, 26, '2020-02-18 23:18:11'),
(564, 582, 22, '2020-02-18 23:18:11'),
(565, 583, 26, '2020-02-18 23:18:11'),
(566, 583, 22, '2020-02-18 23:18:11'),
(567, 584, 26, '2020-02-18 23:18:11'),
(568, 584, 22, '2020-02-18 23:18:11'),
(569, 585, 26, '2020-02-18 23:18:11'),
(570, 585, 22, '2020-02-18 23:18:11'),
(571, 586, 26, '2020-02-18 23:18:11'),
(572, 586, 22, '2020-02-18 23:18:11'),
(573, 587, 26, '2020-02-18 23:18:11'),
(574, 587, 22, '2020-02-18 23:18:11'),
(575, 588, 26, '2020-02-18 23:18:11'),
(576, 588, 22, '2020-02-18 23:18:11'),
(577, 589, 26, '2020-02-18 23:18:11'),
(578, 589, 22, '2020-02-18 23:18:11'),
(579, 590, 26, '2020-02-18 23:18:11'),
(580, 590, 22, '2020-02-18 23:18:11'),
(581, 591, 26, '2020-02-18 23:18:11'),
(582, 591, 22, '2020-02-18 23:18:11'),
(583, 592, 26, '2020-02-18 23:18:11'),
(584, 592, 22, '2020-02-18 23:18:11'),
(585, 593, 26, '2020-02-18 23:18:11'),
(586, 593, 22, '2020-02-18 23:18:11'),
(587, 594, 26, '2020-02-18 23:18:11'),
(588, 594, 22, '2020-02-18 23:18:11'),
(589, 595, 26, '2020-02-18 23:18:11'),
(590, 595, 22, '2020-02-18 23:18:11'),
(591, 596, 26, '2020-02-18 23:18:11'),
(592, 596, 22, '2020-02-18 23:18:11'),
(593, 597, 26, '2020-02-18 23:18:11'),
(594, 597, 22, '2020-02-18 23:18:11'),
(595, 598, 26, '2020-02-18 23:18:11'),
(596, 598, 22, '2020-02-18 23:18:11'),
(597, 599, 26, '2020-02-18 23:18:11'),
(598, 599, 22, '2020-02-18 23:18:11'),
(599, 600, 26, '2020-02-18 23:18:11'),
(600, 600, 22, '2020-02-18 23:18:11'),
(601, 601, 26, '2020-02-18 23:18:11'),
(602, 601, 22, '2020-02-18 23:18:11'),
(603, 602, 26, '2020-02-18 23:18:11'),
(604, 602, 22, '2020-02-18 23:18:11'),
(605, 603, 26, '2020-02-18 23:18:11'),
(606, 603, 22, '2020-02-18 23:18:11'),
(607, 604, 26, '2020-02-18 23:18:11'),
(608, 604, 22, '2020-02-18 23:18:11'),
(609, 605, 26, '2020-02-18 23:18:11'),
(610, 605, 22, '2020-02-18 23:18:11'),
(611, 606, 26, '2020-02-18 23:18:11'),
(612, 606, 22, '2020-02-18 23:18:11'),
(613, 607, 26, '2020-02-18 23:18:11'),
(614, 607, 22, '2020-02-18 23:18:11'),
(615, 608, 26, '2020-02-18 23:18:11'),
(616, 608, 22, '2020-02-18 23:18:11'),
(617, 609, 26, '2020-02-18 23:18:11'),
(618, 609, 22, '2020-02-18 23:18:11'),
(619, 610, 26, '2020-02-18 23:18:11'),
(620, 610, 22, '2020-02-18 23:18:11'),
(621, 611, 26, '2020-02-18 23:18:11'),
(622, 611, 22, '2020-02-18 23:18:11'),
(623, 612, 26, '2020-02-18 23:18:11'),
(624, 612, 22, '2020-02-18 23:18:11'),
(625, 613, 26, '2020-02-18 23:18:11'),
(626, 613, 22, '2020-02-18 23:18:11'),
(627, 614, 26, '2020-02-18 23:18:11'),
(628, 614, 22, '2020-02-18 23:18:11'),
(629, 615, 26, '2020-02-18 23:18:11'),
(630, 615, 22, '2020-02-18 23:18:11'),
(631, 616, 26, '2020-02-18 23:18:11'),
(632, 616, 22, '2020-02-18 23:18:11'),
(633, 617, 26, '2020-02-18 23:18:11'),
(634, 617, 22, '2020-02-18 23:18:11'),
(635, 618, 26, '2020-02-18 23:18:11'),
(636, 618, 22, '2020-02-18 23:18:11'),
(637, 619, 26, '2020-02-18 23:18:11'),
(638, 619, 22, '2020-02-18 23:18:11'),
(639, 620, 26, '2020-02-18 23:18:11'),
(640, 620, 22, '2020-02-18 23:18:11'),
(641, 621, 26, '2020-02-18 23:18:11'),
(642, 621, 22, '2020-02-18 23:18:11'),
(643, 622, 26, '2020-02-18 23:18:11'),
(644, 622, 22, '2020-02-18 23:18:11'),
(645, 623, 26, '2020-02-18 23:18:11'),
(646, 623, 22, '2020-02-18 23:18:11'),
(647, 624, 26, '2020-02-18 23:18:11'),
(648, 624, 22, '2020-02-18 23:18:11'),
(649, 625, 26, '2020-02-18 23:18:11'),
(650, 625, 22, '2020-02-18 23:18:11'),
(651, 626, 26, '2020-02-18 23:18:11'),
(652, 626, 22, '2020-02-18 23:18:11'),
(653, 627, 26, '2020-02-18 23:18:11'),
(654, 627, 22, '2020-02-18 23:18:11'),
(655, 628, 26, '2020-02-18 23:18:11'),
(656, 628, 22, '2020-02-18 23:18:11'),
(657, 629, 26, '2020-02-18 23:18:11'),
(658, 629, 22, '2020-02-18 23:18:11'),
(659, 630, 26, '2020-02-18 23:18:11'),
(660, 630, 22, '2020-02-18 23:18:11'),
(661, 631, 26, '2020-02-18 23:18:11'),
(662, 631, 22, '2020-02-18 23:18:11'),
(663, 632, 26, '2020-02-18 23:18:11'),
(664, 632, 22, '2020-02-18 23:18:11'),
(665, 633, 26, '2020-02-18 23:18:11'),
(666, 633, 22, '2020-02-18 23:18:11'),
(667, 634, 26, '2020-02-18 23:18:11'),
(668, 634, 22, '2020-02-18 23:18:11'),
(669, 635, 26, '2020-02-18 23:18:11'),
(670, 635, 22, '2020-02-18 23:18:11'),
(671, 636, 26, '2020-02-18 23:18:11'),
(672, 636, 22, '2020-02-18 23:18:11'),
(673, 637, 26, '2020-02-18 23:18:11'),
(674, 637, 22, '2020-02-18 23:18:11'),
(675, 638, 26, '2020-02-18 23:18:11'),
(676, 638, 22, '2020-02-18 23:18:11'),
(677, 639, 26, '2020-02-18 23:18:11'),
(678, 639, 22, '2020-02-18 23:18:11'),
(679, 640, 26, '2020-02-18 23:18:11'),
(680, 640, 22, '2020-02-18 23:18:11'),
(681, 641, 26, '2020-02-18 23:18:11'),
(682, 641, 22, '2020-02-18 23:18:11'),
(683, 642, 26, '2020-02-18 23:18:11'),
(684, 642, 22, '2020-02-18 23:18:11'),
(685, 643, 26, '2020-02-18 23:18:11'),
(686, 643, 22, '2020-02-18 23:18:11'),
(687, 644, 26, '2020-02-18 23:18:11'),
(688, 644, 22, '2020-02-18 23:18:11'),
(689, 645, 26, '2020-02-18 23:18:11'),
(690, 645, 22, '2020-02-18 23:18:11'),
(691, 646, 26, '2020-02-18 23:18:11'),
(692, 646, 22, '2020-02-18 23:18:11'),
(693, 647, 26, '2020-02-18 23:18:11'),
(694, 647, 22, '2020-02-18 23:18:11'),
(695, 648, 26, '2020-02-18 23:18:11'),
(696, 648, 22, '2020-02-18 23:18:11'),
(697, 649, 26, '2020-02-18 23:18:11'),
(698, 649, 22, '2020-02-18 23:18:11'),
(699, 650, 26, '2020-02-18 23:18:11'),
(700, 650, 22, '2020-02-18 23:18:11'),
(701, 651, 26, '2020-02-18 23:18:11'),
(702, 651, 22, '2020-02-18 23:18:11'),
(703, 652, 26, '2020-02-18 23:18:11'),
(704, 652, 22, '2020-02-18 23:18:11'),
(705, 653, 26, '2020-02-18 23:18:11'),
(706, 653, 22, '2020-02-18 23:18:11'),
(707, 654, 26, '2020-02-18 23:18:11'),
(708, 654, 22, '2020-02-18 23:18:11'),
(709, 655, 26, '2020-02-18 23:18:11'),
(710, 655, 22, '2020-02-18 23:18:11'),
(711, 656, 26, '2020-02-18 23:18:11'),
(712, 656, 22, '2020-02-18 23:18:11'),
(713, 657, 26, '2020-02-18 23:18:11'),
(714, 657, 22, '2020-02-18 23:18:11'),
(715, 658, 26, '2020-02-18 23:18:11'),
(716, 658, 22, '2020-02-18 23:18:11'),
(717, 659, 26, '2020-02-18 23:18:11'),
(718, 659, 22, '2020-02-18 23:18:11'),
(719, 660, 26, '2020-02-18 23:18:11'),
(720, 660, 22, '2020-02-18 23:18:11'),
(721, 661, 26, '2020-02-18 23:18:11'),
(722, 661, 22, '2020-02-18 23:18:11'),
(723, 662, 26, '2020-02-18 23:18:11'),
(724, 662, 22, '2020-02-18 23:18:11'),
(725, 663, 26, '2020-02-18 23:18:11'),
(726, 663, 22, '2020-02-18 23:18:11'),
(727, 664, 26, '2020-02-18 23:18:11'),
(728, 664, 22, '2020-02-18 23:18:11'),
(729, 665, 26, '2020-02-18 23:18:11'),
(730, 665, 22, '2020-02-18 23:18:11'),
(731, 666, 26, '2020-02-18 23:18:11'),
(732, 666, 22, '2020-02-18 23:18:11'),
(733, 667, 26, '2020-02-18 23:18:11'),
(734, 667, 22, '2020-02-18 23:18:11'),
(735, 668, 26, '2020-02-18 23:18:11'),
(736, 668, 22, '2020-02-18 23:18:11'),
(737, 669, 26, '2020-02-18 23:18:11'),
(738, 669, 22, '2020-02-18 23:18:11'),
(739, 670, 26, '2020-02-18 23:18:11'),
(740, 670, 22, '2020-02-18 23:18:11'),
(741, 671, 26, '2020-02-18 23:18:11'),
(742, 671, 22, '2020-02-18 23:18:11'),
(743, 672, 26, '2020-02-18 23:18:11'),
(744, 672, 22, '2020-02-18 23:18:11'),
(745, 673, 26, '2020-02-18 23:18:11'),
(746, 673, 22, '2020-02-18 23:18:11'),
(747, 674, 26, '2020-02-18 23:18:11'),
(748, 674, 22, '2020-02-18 23:18:11'),
(749, 675, 26, '2020-02-18 23:18:11'),
(750, 675, 22, '2020-02-18 23:18:11'),
(751, 676, 26, '2020-02-18 23:18:11'),
(752, 676, 22, '2020-02-18 23:18:11'),
(753, 677, 26, '2020-02-18 23:18:11'),
(754, 677, 22, '2020-02-18 23:18:11'),
(755, 678, 26, '2020-02-18 23:18:11'),
(756, 678, 22, '2020-02-18 23:18:11'),
(757, 679, 26, '2020-02-18 23:18:11'),
(758, 679, 22, '2020-02-18 23:18:11'),
(759, 680, 26, '2020-02-18 23:18:11'),
(760, 680, 22, '2020-02-18 23:18:11'),
(761, 681, 26, '2020-02-18 23:18:11'),
(762, 681, 22, '2020-02-18 23:18:11'),
(763, 682, 26, '2020-02-18 23:18:11'),
(764, 682, 22, '2020-02-18 23:18:11'),
(765, 683, 26, '2020-02-18 23:18:11'),
(766, 683, 22, '2020-02-18 23:18:11'),
(767, 684, 26, '2020-02-18 23:18:11'),
(768, 684, 22, '2020-02-18 23:18:11'),
(769, 685, 26, '2020-02-18 23:18:11'),
(770, 685, 22, '2020-02-18 23:18:11'),
(771, 686, 26, '2020-02-18 23:18:11'),
(772, 686, 22, '2020-02-18 23:18:11'),
(773, 687, 26, '2020-02-18 23:18:11'),
(774, 687, 22, '2020-02-18 23:18:11'),
(775, 688, 26, '2020-02-18 23:18:11'),
(776, 688, 22, '2020-02-18 23:18:11'),
(777, 689, 26, '2020-02-18 23:18:11'),
(778, 689, 22, '2020-02-18 23:18:11'),
(779, 690, 26, '2020-02-18 23:18:11'),
(780, 690, 22, '2020-02-18 23:18:11'),
(781, 691, 26, '2020-02-18 23:18:11'),
(782, 691, 22, '2020-02-18 23:18:11'),
(783, 692, 26, '2020-02-18 23:18:11'),
(784, 692, 22, '2020-02-18 23:18:11'),
(785, 693, 26, '2020-02-18 23:18:11'),
(786, 693, 22, '2020-02-18 23:18:11'),
(787, 694, 26, '2020-02-18 23:18:11'),
(788, 694, 22, '2020-02-18 23:18:11'),
(789, 695, 26, '2020-02-18 23:18:11'),
(790, 695, 22, '2020-02-18 23:18:11'),
(791, 696, 26, '2020-02-18 23:18:11'),
(792, 696, 22, '2020-02-18 23:18:11'),
(793, 697, 26, '2020-02-18 23:18:11'),
(794, 697, 22, '2020-02-18 23:18:11'),
(795, 698, 26, '2020-02-18 23:18:11'),
(796, 698, 22, '2020-02-18 23:18:11'),
(797, 699, 26, '2020-02-18 23:18:11'),
(798, 699, 22, '2020-02-18 23:18:11'),
(799, 700, 26, '2020-02-18 23:18:11'),
(800, 700, 22, '2020-02-18 23:18:11'),
(801, 701, 26, '2020-02-18 23:18:11'),
(802, 701, 22, '2020-02-18 23:18:11'),
(803, 702, 26, '2020-02-18 23:18:11'),
(804, 702, 22, '2020-02-18 23:18:11'),
(805, 703, 26, '2020-02-18 23:18:11'),
(806, 703, 22, '2020-02-18 23:18:11'),
(807, 704, 26, '2020-02-18 23:18:11'),
(808, 704, 22, '2020-02-18 23:18:11'),
(809, 705, 26, '2020-02-18 23:18:11'),
(810, 705, 22, '2020-02-18 23:18:11'),
(811, 706, 26, '2020-02-18 23:18:11'),
(812, 706, 22, '2020-02-18 23:18:11'),
(813, 707, 26, '2020-02-18 23:18:11'),
(814, 707, 22, '2020-02-18 23:18:11'),
(815, 708, 26, '2020-02-18 23:18:11'),
(816, 708, 22, '2020-02-18 23:18:11'),
(817, 709, 26, '2020-02-18 23:18:11'),
(818, 709, 22, '2020-02-18 23:18:11'),
(819, 710, 26, '2020-02-18 23:18:11'),
(820, 710, 22, '2020-02-18 23:18:11'),
(821, 711, 26, '2020-02-18 23:18:11'),
(822, 711, 22, '2020-02-18 23:18:11'),
(823, 712, 26, '2020-02-18 23:18:11'),
(824, 712, 22, '2020-02-18 23:18:11'),
(825, 713, 26, '2020-02-18 23:18:11'),
(826, 713, 22, '2020-02-18 23:18:11'),
(827, 714, 26, '2020-02-18 23:18:11'),
(828, 714, 22, '2020-02-18 23:18:11'),
(829, 715, 26, '2020-02-18 23:18:11'),
(830, 715, 22, '2020-02-18 23:18:11'),
(831, 716, 26, '2020-02-18 23:18:11'),
(832, 716, 22, '2020-02-18 23:18:11'),
(833, 717, 26, '2020-02-18 23:18:11'),
(834, 717, 22, '2020-02-18 23:18:11'),
(835, 718, 26, '2020-02-18 23:18:11'),
(836, 718, 22, '2020-02-18 23:18:11'),
(837, 719, 26, '2020-02-18 23:18:11'),
(838, 719, 22, '2020-02-18 23:18:11'),
(839, 720, 26, '2020-02-18 23:18:11'),
(840, 720, 22, '2020-02-18 23:18:11'),
(841, 721, 26, '2020-02-18 23:18:11'),
(842, 721, 22, '2020-02-18 23:18:11'),
(843, 722, 26, '2020-02-18 23:18:11'),
(844, 722, 22, '2020-02-18 23:18:11'),
(845, 723, 26, '2020-02-18 23:18:11'),
(846, 723, 22, '2020-02-18 23:18:11'),
(847, 724, 26, '2020-02-18 23:18:11'),
(848, 724, 22, '2020-02-18 23:18:11'),
(849, 725, 26, '2020-02-18 23:18:11'),
(850, 725, 22, '2020-02-18 23:18:11'),
(851, 726, 26, '2020-02-18 23:18:11'),
(852, 726, 22, '2020-02-18 23:18:11'),
(853, 727, 26, '2020-02-18 23:18:11'),
(854, 727, 22, '2020-02-18 23:18:11'),
(855, 728, 26, '2020-02-18 23:18:11'),
(856, 728, 22, '2020-02-18 23:18:11'),
(857, 729, 26, '2020-02-18 23:18:11'),
(858, 729, 22, '2020-02-18 23:18:11'),
(859, 730, 26, '2020-02-18 23:18:11'),
(860, 730, 22, '2020-02-18 23:18:11'),
(861, 731, 26, '2020-02-18 23:18:11'),
(862, 731, 22, '2020-02-18 23:18:11'),
(863, 732, 26, '2020-02-18 23:18:11'),
(864, 732, 22, '2020-02-18 23:18:11'),
(865, 733, 26, '2020-02-18 23:18:11'),
(866, 733, 22, '2020-02-18 23:18:11'),
(867, 734, 26, '2020-02-18 23:18:11'),
(868, 734, 22, '2020-02-18 23:18:11'),
(869, 735, 26, '2020-02-18 23:18:11'),
(870, 735, 22, '2020-02-18 23:18:11'),
(871, 736, 26, '2020-02-18 23:18:11'),
(872, 736, 22, '2020-02-18 23:18:11'),
(873, 737, 26, '2020-02-18 23:18:11'),
(874, 737, 22, '2020-02-18 23:18:11'),
(875, 738, 26, '2020-02-18 23:18:11'),
(876, 738, 22, '2020-02-18 23:18:11'),
(877, 739, 26, '2020-02-18 23:18:11'),
(878, 739, 22, '2020-02-18 23:18:11'),
(879, 740, 26, '2020-02-18 23:18:11'),
(880, 740, 22, '2020-02-18 23:18:11'),
(881, 741, 26, '2020-02-18 23:18:11'),
(882, 741, 22, '2020-02-18 23:18:11'),
(883, 742, 26, '2020-02-18 23:18:11'),
(884, 742, 22, '2020-02-18 23:18:11'),
(885, 743, 26, '2020-02-18 23:18:11'),
(886, 743, 22, '2020-02-18 23:18:11'),
(887, 744, 26, '2020-02-18 23:18:11'),
(888, 744, 22, '2020-02-18 23:18:11'),
(889, 745, 26, '2020-02-18 23:18:11'),
(890, 745, 22, '2020-02-18 23:18:11'),
(891, 746, 26, '2020-02-18 23:18:11'),
(892, 746, 22, '2020-02-18 23:18:11'),
(893, 747, 26, '2020-02-18 23:18:11'),
(894, 747, 22, '2020-02-18 23:18:11'),
(895, 748, 26, '2020-02-18 23:18:11'),
(896, 748, 22, '2020-02-18 23:18:11'),
(897, 749, 26, '2020-02-18 23:18:11'),
(898, 749, 22, '2020-02-18 23:18:11'),
(899, 750, 26, '2020-02-18 23:18:11'),
(900, 750, 22, '2020-02-18 23:18:11'),
(901, 751, 26, '2020-02-18 23:18:11'),
(902, 751, 22, '2020-02-18 23:18:11'),
(903, 752, 26, '2020-02-18 23:18:11'),
(904, 752, 22, '2020-02-18 23:18:11'),
(905, 753, 26, '2020-02-18 23:18:11'),
(906, 753, 22, '2020-02-18 23:18:11'),
(907, 754, 26, '2020-02-18 23:18:11'),
(908, 754, 22, '2020-02-18 23:18:11'),
(909, 755, 26, '2020-02-18 23:18:11'),
(910, 755, 22, '2020-02-18 23:18:11'),
(911, 756, 26, '2020-02-18 23:18:11'),
(912, 756, 22, '2020-02-18 23:18:11'),
(913, 757, 26, '2020-02-18 23:18:11'),
(914, 757, 22, '2020-02-18 23:18:11'),
(915, 758, 26, '2020-02-18 23:18:11'),
(916, 758, 22, '2020-02-18 23:18:11'),
(917, 759, 26, '2020-02-18 23:18:11'),
(918, 759, 22, '2020-02-18 23:18:11'),
(919, 760, 26, '2020-02-18 23:18:11'),
(920, 760, 22, '2020-02-18 23:18:11'),
(921, 761, 26, '2020-02-18 23:18:11'),
(922, 761, 22, '2020-02-18 23:18:11'),
(923, 762, 26, '2020-02-18 23:18:11'),
(924, 762, 22, '2020-02-18 23:18:11'),
(925, 763, 26, '2020-02-18 23:18:11'),
(926, 763, 22, '2020-02-18 23:18:11'),
(927, 764, 26, '2020-02-18 23:18:11'),
(928, 764, 22, '2020-02-18 23:18:11'),
(929, 765, 26, '2020-02-18 23:18:11'),
(930, 765, 22, '2020-02-18 23:18:11'),
(931, 766, 26, '2020-02-18 23:18:11'),
(932, 766, 22, '2020-02-18 23:18:11'),
(933, 767, 26, '2020-02-18 23:18:11'),
(934, 767, 22, '2020-02-18 23:18:11'),
(935, 768, 26, '2020-02-18 23:18:11'),
(936, 768, 22, '2020-02-18 23:18:11'),
(937, 769, 26, '2020-02-18 23:18:11'),
(938, 769, 22, '2020-02-18 23:18:11'),
(939, 770, 26, '2020-02-18 23:18:11'),
(940, 770, 22, '2020-02-18 23:18:11'),
(941, 771, 26, '2020-02-18 23:18:11'),
(942, 771, 22, '2020-02-18 23:18:11'),
(943, 772, 26, '2020-02-18 23:18:11'),
(944, 772, 22, '2020-02-18 23:18:11'),
(945, 773, 26, '2020-02-18 23:18:11'),
(946, 773, 22, '2020-02-18 23:18:11'),
(947, 774, 26, '2020-02-18 23:18:11'),
(948, 774, 22, '2020-02-18 23:18:11'),
(949, 775, 26, '2020-02-18 23:18:11'),
(950, 775, 22, '2020-02-18 23:18:11'),
(951, 776, 26, '2020-02-18 23:18:11'),
(952, 776, 22, '2020-02-18 23:18:11'),
(953, 777, 26, '2020-02-18 23:18:11'),
(954, 777, 22, '2020-02-18 23:18:11'),
(955, 778, 26, '2020-02-18 23:18:11'),
(956, 778, 22, '2020-02-18 23:18:11'),
(957, 779, 26, '2020-02-18 23:18:11'),
(958, 779, 22, '2020-02-18 23:18:11'),
(959, 322, 26, '2020-02-18 23:18:11'),
(960, 780, 26, '2020-02-18 23:18:11'),
(961, 780, 22, '2020-02-18 23:18:11'),
(962, 781, 26, '2020-02-18 23:18:11'),
(963, 781, 22, '2020-02-18 23:18:11'),
(964, 782, 26, '2020-02-18 23:18:11'),
(965, 782, 22, '2020-02-18 23:18:11'),
(966, 783, 26, '2020-02-18 23:18:11'),
(967, 783, 22, '2020-02-18 23:18:11'),
(968, 784, 26, '2020-02-18 23:18:11'),
(969, 784, 22, '2020-02-18 23:18:11'),
(970, 785, 26, '2020-02-18 23:18:11'),
(971, 785, 22, '2020-02-18 23:18:11'),
(972, 786, 26, '2020-02-18 23:18:11'),
(973, 786, 22, '2020-02-18 23:18:11'),
(974, 787, 26, '2020-02-18 23:18:11'),
(975, 787, 22, '2020-02-18 23:18:11'),
(976, 788, 26, '2020-02-18 23:18:11'),
(977, 788, 22, '2020-02-18 23:18:11'),
(978, 789, 26, '2020-02-18 23:18:11'),
(979, 789, 22, '2020-02-18 23:18:11'),
(980, 790, 26, '2020-02-18 23:18:11'),
(981, 790, 22, '2020-02-18 23:18:11'),
(982, 791, 26, '2020-02-18 23:18:11'),
(983, 791, 22, '2020-02-18 23:18:11'),
(984, 792, 26, '2020-02-18 23:18:11'),
(985, 792, 22, '2020-02-18 23:18:11'),
(986, 793, 26, '2020-02-18 23:18:11'),
(987, 793, 22, '2020-02-18 23:18:11'),
(988, 323, 26, '2020-02-18 23:18:11'),
(989, 794, 26, '2020-02-18 23:18:11'),
(990, 794, 22, '2020-02-18 23:18:11'),
(991, 795, 26, '2020-02-18 23:18:11'),
(992, 795, 22, '2020-02-18 23:18:11'),
(993, 796, 26, '2020-02-18 23:18:11'),
(994, 796, 22, '2020-02-18 23:18:11'),
(995, 797, 26, '2020-02-18 23:18:11'),
(996, 797, 22, '2020-02-18 23:18:11'),
(997, 798, 26, '2020-02-18 23:18:11'),
(998, 798, 22, '2020-02-18 23:18:11'),
(999, 799, 26, '2020-02-18 23:18:11'),
(1000, 799, 22, '2020-02-18 23:18:11'),
(1001, 800, 26, '2020-02-18 23:18:11'),
(1002, 800, 22, '2020-02-18 23:18:11'),
(1003, 801, 26, '2020-02-18 23:18:11'),
(1004, 801, 22, '2020-02-18 23:18:11'),
(1005, 802, 26, '2020-02-18 23:18:11'),
(1006, 802, 22, '2020-02-18 23:18:11'),
(1007, 803, 26, '2020-02-18 23:18:11'),
(1008, 803, 22, '2020-02-18 23:18:11'),
(1009, 804, 26, '2020-02-18 23:18:11'),
(1010, 804, 22, '2020-02-18 23:18:11'),
(1011, 805, 26, '2020-02-18 23:18:11'),
(1012, 805, 22, '2020-02-18 23:18:11'),
(1013, 806, 26, '2020-02-18 23:18:11'),
(1014, 806, 22, '2020-02-18 23:18:11'),
(1015, 807, 26, '2020-02-18 23:18:11'),
(1016, 807, 22, '2020-02-18 23:18:11'),
(1017, 808, 26, '2020-02-18 23:18:11'),
(1018, 808, 22, '2020-02-18 23:18:11'),
(1019, 809, 26, '2020-02-18 23:18:11'),
(1020, 809, 22, '2020-02-18 23:18:11'),
(1021, 810, 26, '2020-02-18 23:18:11'),
(1022, 810, 22, '2020-02-18 23:18:11'),
(1023, 811, 26, '2020-02-18 23:18:11'),
(1024, 811, 22, '2020-02-18 23:18:11'),
(1025, 812, 26, '2020-02-18 23:18:11'),
(1026, 812, 22, '2020-02-18 23:18:11'),
(1027, 813, 26, '2020-02-18 23:18:11'),
(1028, 813, 22, '2020-02-18 23:18:11'),
(1029, 814, 26, '2020-02-18 23:18:11'),
(1030, 814, 22, '2020-02-18 23:18:11'),
(1031, 815, 26, '2020-02-18 23:18:11'),
(1032, 815, 22, '2020-02-18 23:18:11'),
(1033, 816, 26, '2020-02-18 23:18:11'),
(1034, 816, 22, '2020-02-18 23:18:11'),
(1035, 817, 26, '2020-02-18 23:18:11'),
(1036, 817, 22, '2020-02-18 23:18:11'),
(1037, 818, 26, '2020-02-18 23:18:11'),
(1038, 818, 22, '2020-02-18 23:18:11'),
(1039, 819, 26, '2020-02-18 23:18:11'),
(1040, 819, 22, '2020-02-18 23:18:11'),
(1041, 820, 26, '2020-02-18 23:18:11'),
(1042, 820, 22, '2020-02-18 23:18:11'),
(1043, 821, 26, '2020-02-18 23:18:11'),
(1044, 821, 22, '2020-02-18 23:18:11'),
(1045, 822, 26, '2020-02-18 23:18:11'),
(1046, 822, 22, '2020-02-18 23:18:11'),
(1047, 823, 26, '2020-02-18 23:18:11'),
(1048, 823, 22, '2020-02-18 23:18:11'),
(1049, 824, 26, '2020-02-18 23:18:11'),
(1050, 824, 22, '2020-02-18 23:18:11'),
(1051, 825, 26, '2020-02-18 23:18:11'),
(1052, 825, 22, '2020-02-18 23:18:11'),
(1053, 826, 26, '2020-02-18 23:18:11'),
(1054, 826, 22, '2020-02-18 23:18:11'),
(1055, 827, 26, '2020-02-18 23:18:11'),
(1056, 827, 22, '2020-02-18 23:18:11'),
(1057, 828, 26, '2020-02-18 23:18:11'),
(1058, 828, 22, '2020-02-18 23:18:11'),
(1059, 829, 26, '2020-02-18 23:18:11'),
(1060, 829, 22, '2020-02-18 23:18:11'),
(1061, 830, 26, '2020-02-18 23:18:11'),
(1062, 830, 22, '2020-02-18 23:18:11'),
(1063, 831, 26, '2020-02-18 23:18:11'),
(1064, 831, 22, '2020-02-18 23:18:11'),
(1065, 832, 26, '2020-02-18 23:18:11'),
(1066, 832, 22, '2020-02-18 23:18:11'),
(1067, 833, 26, '2020-02-18 23:18:11'),
(1068, 833, 22, '2020-02-18 23:18:11'),
(1069, 834, 26, '2020-02-18 23:18:11'),
(1070, 834, 22, '2020-02-18 23:18:11'),
(1071, 835, 26, '2020-02-18 23:18:11'),
(1072, 835, 22, '2020-02-18 23:18:11'),
(1073, 836, 26, '2020-02-18 23:18:11'),
(1074, 836, 22, '2020-02-18 23:18:11'),
(1075, 837, 26, '2020-02-18 23:18:11'),
(1076, 837, 22, '2020-02-18 23:18:11'),
(1077, 838, 26, '2020-02-18 23:18:11'),
(1078, 838, 22, '2020-02-18 23:18:11'),
(1079, 839, 26, '2020-02-18 23:18:11'),
(1080, 839, 22, '2020-02-18 23:18:11'),
(1081, 840, 26, '2020-02-18 23:18:11'),
(1082, 840, 22, '2020-02-18 23:18:11'),
(1083, 841, 26, '2020-02-18 23:18:11'),
(1084, 841, 22, '2020-02-18 23:18:11'),
(1085, 842, 26, '2020-02-18 23:18:11'),
(1086, 842, 22, '2020-02-18 23:18:11'),
(1087, 843, 26, '2020-02-18 23:18:11'),
(1088, 843, 22, '2020-02-18 23:18:11'),
(1089, 844, 26, '2020-02-18 23:18:11'),
(1090, 844, 22, '2020-02-18 23:18:11'),
(1091, 845, 26, '2020-02-18 23:18:11'),
(1092, 845, 22, '2020-02-18 23:18:11'),
(1093, 846, 26, '2020-02-18 23:18:11'),
(1094, 846, 22, '2020-02-18 23:18:11'),
(1095, 847, 26, '2020-02-18 23:18:11'),
(1096, 847, 22, '2020-02-18 23:18:11'),
(1097, 848, 26, '2020-02-18 23:18:11'),
(1098, 848, 22, '2020-02-18 23:18:11'),
(1099, 849, 26, '2020-02-18 23:18:11'),
(1100, 849, 22, '2020-02-18 23:18:11'),
(1101, 850, 26, '2020-02-18 23:18:11'),
(1102, 850, 22, '2020-02-18 23:18:11'),
(1103, 851, 26, '2020-02-18 23:18:11'),
(1104, 851, 22, '2020-02-18 23:18:11'),
(1105, 852, 26, '2020-02-18 23:18:11'),
(1106, 852, 22, '2020-02-18 23:18:11'),
(1107, 853, 26, '2020-02-18 23:18:11'),
(1108, 853, 22, '2020-02-18 23:18:11'),
(1109, 854, 26, '2020-02-18 23:18:11'),
(1110, 854, 22, '2020-02-18 23:18:11'),
(1111, 855, 26, '2020-02-18 23:18:11'),
(1112, 855, 22, '2020-02-18 23:18:11'),
(1113, 856, 26, '2020-02-18 23:18:11'),
(1114, 856, 22, '2020-02-18 23:18:11'),
(1115, 857, 26, '2020-02-18 23:18:11'),
(1116, 857, 22, '2020-02-18 23:18:11'),
(1117, 858, 26, '2020-02-18 23:18:11'),
(1118, 858, 22, '2020-02-18 23:18:11'),
(1119, 859, 26, '2020-02-18 23:18:11'),
(1120, 859, 22, '2020-02-18 23:18:11'),
(1121, 860, 26, '2020-02-18 23:18:11'),
(1122, 860, 22, '2020-02-18 23:18:11'),
(1123, 861, 26, '2020-02-18 23:18:11'),
(1124, 861, 22, '2020-02-18 23:18:11'),
(1125, 862, 26, '2020-02-18 23:18:11'),
(1126, 862, 22, '2020-02-18 23:18:11'),
(1127, 863, 26, '2020-02-18 23:18:11'),
(1128, 863, 22, '2020-02-18 23:18:11'),
(1129, 864, 26, '2020-02-18 23:18:11'),
(1130, 864, 22, '2020-02-18 23:18:11'),
(1131, 865, 26, '2020-02-18 23:18:11'),
(1132, 865, 22, '2020-02-18 23:18:11'),
(1133, 866, 26, '2020-02-18 23:18:11'),
(1134, 866, 22, '2020-02-18 23:18:11'),
(1135, 867, 26, '2020-02-18 23:18:11'),
(1136, 867, 22, '2020-02-18 23:18:11'),
(1137, 868, 26, '2020-02-18 23:18:11'),
(1138, 868, 22, '2020-02-18 23:18:11'),
(1139, 869, 26, '2020-02-18 23:18:11'),
(1140, 869, 22, '2020-02-18 23:18:11'),
(1141, 870, 26, '2020-02-18 23:18:11'),
(1142, 870, 22, '2020-02-18 23:18:11'),
(1143, 871, 26, '2020-02-18 23:18:11'),
(1144, 871, 22, '2020-02-18 23:18:11'),
(1145, 872, 26, '2020-02-18 23:18:11'),
(1146, 872, 22, '2020-02-18 23:18:11'),
(1147, 873, 26, '2020-02-18 23:18:11'),
(1148, 873, 22, '2020-02-18 23:18:11'),
(1149, 874, 26, '2020-02-18 23:18:11'),
(1150, 874, 22, '2020-02-18 23:18:11'),
(1151, 875, 26, '2020-02-18 23:18:11'),
(1152, 875, 22, '2020-02-18 23:18:11'),
(1153, 876, 26, '2020-02-18 23:18:11'),
(1154, 876, 22, '2020-02-18 23:18:11'),
(1155, 877, 26, '2020-02-18 23:18:11'),
(1156, 877, 22, '2020-02-18 23:18:11'),
(1157, 878, 26, '2020-02-18 23:18:11'),
(1158, 878, 22, '2020-02-18 23:18:11'),
(1159, 879, 26, '2020-02-18 23:18:11'),
(1160, 879, 22, '2020-02-18 23:18:11'),
(1161, 880, 26, '2020-02-18 23:18:11'),
(1162, 880, 22, '2020-02-18 23:18:11'),
(1163, 881, 26, '2020-02-18 23:18:11'),
(1164, 881, 22, '2020-02-18 23:18:11'),
(1165, 882, 26, '2020-02-18 23:18:11'),
(1166, 882, 22, '2020-02-18 23:18:11'),
(1167, 883, 26, '2020-02-18 23:18:11'),
(1168, 883, 22, '2020-02-18 23:18:11'),
(1169, 884, 26, '2020-02-18 23:18:11'),
(1170, 884, 22, '2020-02-18 23:18:11'),
(1171, 885, 26, '2020-02-18 23:18:11'),
(1172, 885, 22, '2020-02-18 23:18:11'),
(1173, 886, 26, '2020-02-18 23:18:11'),
(1174, 886, 22, '2020-02-18 23:18:11'),
(1175, 887, 26, '2020-02-18 23:18:11'),
(1176, 887, 22, '2020-02-18 23:18:11'),
(1177, 888, 26, '2020-02-18 23:18:11'),
(1178, 888, 22, '2020-02-18 23:18:11'),
(1179, 889, 26, '2020-02-18 23:18:11'),
(1180, 889, 22, '2020-02-18 23:18:11'),
(1181, 890, 26, '2020-02-18 23:18:11'),
(1182, 890, 22, '2020-02-18 23:18:11'),
(1183, 891, 26, '2020-02-18 23:18:11'),
(1184, 891, 22, '2020-02-18 23:18:11'),
(1185, 892, 26, '2020-02-18 23:18:11'),
(1186, 892, 22, '2020-02-18 23:18:11'),
(1187, 893, 26, '2020-02-18 23:18:11'),
(1188, 893, 22, '2020-02-18 23:18:11'),
(1189, 894, 26, '2020-02-18 23:18:11'),
(1190, 894, 22, '2020-02-18 23:18:11'),
(1191, 895, 26, '2020-02-18 23:18:11'),
(1192, 895, 22, '2020-02-18 23:18:11'),
(1193, 896, 26, '2020-02-18 23:18:11'),
(1194, 896, 22, '2020-02-18 23:18:11'),
(1195, 897, 26, '2020-02-18 23:18:11'),
(1196, 897, 22, '2020-02-18 23:18:11'),
(1197, 898, 26, '2020-02-18 23:18:11'),
(1198, 898, 22, '2020-02-18 23:18:11'),
(1199, 899, 26, '2020-02-18 23:18:11'),
(1200, 899, 22, '2020-02-18 23:18:11'),
(1201, 900, 26, '2020-02-18 23:18:11'),
(1202, 900, 22, '2020-02-18 23:18:11'),
(1203, 901, 26, '2020-02-18 23:18:11'),
(1204, 901, 22, '2020-02-18 23:18:11'),
(1205, 902, 26, '2020-02-18 23:18:11'),
(1206, 902, 22, '2020-02-18 23:18:11'),
(1207, 903, 26, '2020-02-18 23:18:11'),
(1208, 903, 22, '2020-02-18 23:18:11'),
(1209, 904, 26, '2020-02-18 23:18:11'),
(1210, 904, 22, '2020-02-18 23:18:11'),
(1211, 905, 26, '2020-02-18 23:18:11'),
(1212, 905, 22, '2020-02-18 23:18:11'),
(1213, 906, 26, '2020-02-18 23:18:11'),
(1214, 906, 22, '2020-02-18 23:18:11'),
(1215, 907, 26, '2020-02-18 23:18:11'),
(1216, 907, 22, '2020-02-18 23:18:11'),
(1217, 908, 26, '2020-02-18 23:18:11'),
(1218, 908, 22, '2020-02-18 23:18:11'),
(1219, 909, 26, '2020-02-18 23:18:11'),
(1220, 909, 22, '2020-02-18 23:18:11'),
(1221, 910, 26, '2020-02-18 23:18:11'),
(1222, 910, 22, '2020-02-18 23:18:11'),
(1223, 911, 26, '2020-02-18 23:18:11'),
(1224, 911, 22, '2020-02-18 23:18:11'),
(1225, 912, 26, '2020-02-18 23:18:11'),
(1226, 912, 22, '2020-02-18 23:18:11'),
(1227, 913, 26, '2020-02-18 23:18:11'),
(1228, 913, 22, '2020-02-18 23:18:11'),
(1229, 914, 26, '2020-02-18 23:18:11'),
(1230, 914, 22, '2020-02-18 23:18:11'),
(1231, 915, 26, '2020-02-18 23:18:11'),
(1232, 915, 22, '2020-02-18 23:18:11'),
(1233, 916, 26, '2020-02-18 23:18:11'),
(1234, 916, 22, '2020-02-18 23:18:11'),
(1235, 917, 26, '2020-02-18 23:18:11'),
(1236, 917, 22, '2020-02-18 23:18:11'),
(1237, 918, 26, '2020-02-18 23:18:11'),
(1238, 918, 22, '2020-02-18 23:18:11'),
(1239, 919, 26, '2020-02-18 23:18:11'),
(1240, 919, 22, '2020-02-18 23:18:11'),
(1241, 920, 26, '2020-02-18 23:18:11'),
(1242, 920, 22, '2020-02-18 23:18:11'),
(1243, 921, 26, '2020-02-18 23:18:11'),
(1244, 921, 22, '2020-02-18 23:18:11'),
(1245, 922, 26, '2020-02-18 23:18:11'),
(1246, 922, 22, '2020-02-18 23:18:11'),
(1247, 923, 26, '2020-02-18 23:18:11'),
(1248, 923, 22, '2020-02-18 23:18:11'),
(1249, 924, 26, '2020-02-18 23:18:11'),
(1250, 924, 22, '2020-02-18 23:18:11'),
(1251, 925, 26, '2020-02-18 23:18:11'),
(1252, 925, 22, '2020-02-18 23:18:11'),
(1253, 926, 26, '2020-02-18 23:18:11'),
(1254, 926, 22, '2020-02-18 23:18:11'),
(1255, 927, 26, '2020-02-18 23:18:11'),
(1256, 927, 22, '2020-02-18 23:18:11'),
(1257, 928, 26, '2020-02-18 23:18:11'),
(1258, 928, 22, '2020-02-18 23:18:11'),
(1259, 929, 26, '2020-02-18 23:18:11'),
(1260, 929, 22, '2020-02-18 23:18:11'),
(1261, 930, 26, '2020-02-18 23:18:11'),
(1262, 930, 22, '2020-02-18 23:18:11'),
(1263, 931, 26, '2020-02-18 23:18:11'),
(1264, 931, 22, '2020-02-18 23:18:11'),
(1265, 932, 26, '2020-02-18 23:18:11'),
(1266, 932, 22, '2020-02-18 23:18:11'),
(1267, 933, 26, '2020-02-18 23:18:11'),
(1268, 933, 22, '2020-02-18 23:18:11'),
(1269, 934, 26, '2020-02-18 23:18:11'),
(1270, 934, 22, '2020-02-18 23:18:11'),
(1271, 935, 26, '2020-02-18 23:18:11'),
(1272, 935, 22, '2020-02-18 23:18:11'),
(1273, 936, 26, '2020-02-18 23:18:11'),
(1274, 936, 22, '2020-02-18 23:18:11'),
(1275, 937, 26, '2020-02-18 23:18:11'),
(1276, 937, 22, '2020-02-18 23:18:11'),
(1277, 938, 26, '2020-02-18 23:18:11'),
(1278, 938, 22, '2020-02-18 23:18:11'),
(1279, 939, 26, '2020-02-18 23:18:11'),
(1280, 939, 22, '2020-02-18 23:18:11'),
(1281, 940, 26, '2020-02-18 23:18:11'),
(1282, 940, 22, '2020-02-18 23:18:11'),
(1283, 941, 26, '2020-02-18 23:18:11'),
(1284, 941, 22, '2020-02-18 23:18:11'),
(1285, 942, 26, '2020-02-18 23:18:11'),
(1286, 942, 22, '2020-02-18 23:18:11'),
(1287, 943, 26, '2020-02-18 23:18:11'),
(1288, 943, 22, '2020-02-18 23:18:11'),
(1289, 944, 26, '2020-02-18 23:18:11'),
(1290, 944, 22, '2020-02-18 23:18:11'),
(1291, 945, 26, '2020-02-18 23:18:11'),
(1292, 945, 22, '2020-02-18 23:18:11'),
(1293, 946, 26, '2020-02-18 23:18:11'),
(1294, 946, 22, '2020-02-18 23:18:11'),
(1295, 947, 26, '2020-02-18 23:18:11'),
(1296, 947, 22, '2020-02-18 23:18:11'),
(1297, 948, 26, '2020-02-18 23:18:11'),
(1298, 948, 22, '2020-02-18 23:18:11'),
(1299, 949, 26, '2020-02-18 23:18:11'),
(1300, 949, 22, '2020-02-18 23:18:11'),
(1301, 950, 26, '2020-02-18 23:18:11'),
(1302, 950, 22, '2020-02-18 23:18:11'),
(1303, 951, 26, '2020-02-18 23:18:11'),
(1304, 951, 22, '2020-02-18 23:18:11'),
(1305, 952, 26, '2020-02-18 23:18:11'),
(1306, 952, 22, '2020-02-18 23:18:11'),
(1307, 953, 26, '2020-02-18 23:18:11'),
(1308, 953, 22, '2020-02-18 23:18:11'),
(1309, 954, 26, '2020-02-18 23:18:11'),
(1310, 954, 22, '2020-02-18 23:18:11'),
(1311, 325, 26, '2020-02-18 23:18:11'),
(1312, 955, 26, '2020-02-18 23:18:11'),
(1313, 955, 22, '2020-02-18 23:18:11'),
(1314, 956, 26, '2020-02-18 23:18:11'),
(1315, 956, 22, '2020-02-18 23:18:11'),
(1316, 957, 26, '2020-02-18 23:18:11'),
(1317, 957, 22, '2020-02-18 23:18:11'),
(1318, 958, 26, '2020-02-18 23:18:11'),
(1319, 958, 22, '2020-02-18 23:18:11'),
(1320, 959, 26, '2020-02-18 23:18:11'),
(1321, 959, 22, '2020-02-18 23:18:11'),
(1322, 960, 26, '2020-02-18 23:18:11'),
(1323, 960, 22, '2020-02-18 23:18:11'),
(1324, 961, 26, '2020-02-18 23:18:11'),
(1325, 961, 22, '2020-02-18 23:18:11'),
(1326, 962, 26, '2020-02-18 23:18:11'),
(1327, 962, 22, '2020-02-18 23:18:11'),
(1328, 963, 26, '2020-02-18 23:18:11'),
(1329, 963, 22, '2020-02-18 23:18:11'),
(1330, 964, 26, '2020-02-18 23:18:11'),
(1331, 964, 22, '2020-02-18 23:18:11'),
(1332, 965, 26, '2020-02-18 23:18:11'),
(1333, 965, 22, '2020-02-18 23:18:11'),
(1334, 966, 26, '2020-02-18 23:18:11'),
(1335, 966, 22, '2020-02-18 23:18:11'),
(1336, 967, 26, '2020-02-18 23:18:11'),
(1337, 967, 22, '2020-02-18 23:18:11'),
(1338, 968, 26, '2020-02-18 23:18:11'),
(1339, 968, 22, '2020-02-18 23:18:11'),
(1340, 969, 26, '2020-02-18 23:18:11'),
(1341, 969, 22, '2020-02-18 23:18:11'),
(1342, 970, 26, '2020-02-18 23:18:11'),
(1343, 970, 22, '2020-02-18 23:18:11'),
(1344, 971, 26, '2020-02-18 23:18:11'),
(1345, 971, 22, '2020-02-18 23:18:11'),
(1346, 972, 26, '2020-02-18 23:18:11'),
(1347, 972, 22, '2020-02-18 23:18:11'),
(1348, 973, 26, '2020-02-18 23:18:11'),
(1349, 973, 22, '2020-02-18 23:18:11'),
(1350, 974, 26, '2020-02-18 23:18:11'),
(1351, 974, 22, '2020-02-18 23:18:11'),
(1352, 975, 26, '2020-02-18 23:18:11'),
(1353, 975, 22, '2020-02-18 23:18:11'),
(1354, 976, 26, '2020-02-18 23:18:11'),
(1355, 976, 22, '2020-02-18 23:18:11'),
(1356, 977, 26, '2020-02-18 23:18:11'),
(1357, 977, 22, '2020-02-18 23:18:11'),
(1358, 978, 26, '2020-02-18 23:18:11'),
(1359, 978, 22, '2020-02-18 23:18:11'),
(1360, 979, 26, '2020-02-18 23:18:11'),
(1361, 979, 22, '2020-02-18 23:18:11'),
(1362, 980, 26, '2020-02-18 23:18:11'),
(1363, 980, 22, '2020-02-18 23:18:11'),
(1364, 981, 26, '2020-02-18 23:18:11'),
(1365, 981, 22, '2020-02-18 23:18:11'),
(1366, 982, 26, '2020-02-18 23:18:11'),
(1367, 982, 22, '2020-02-18 23:18:11'),
(1368, 983, 26, '2020-02-18 23:18:11'),
(1369, 983, 22, '2020-02-18 23:18:11'),
(1370, 984, 26, '2020-02-18 23:18:11'),
(1371, 984, 22, '2020-02-18 23:18:11'),
(1372, 985, 26, '2020-02-18 23:18:11'),
(1373, 985, 22, '2020-02-18 23:18:11'),
(1374, 986, 26, '2020-02-18 23:18:11'),
(1375, 986, 22, '2020-02-18 23:18:11'),
(1376, 987, 26, '2020-02-18 23:18:11'),
(1377, 987, 22, '2020-02-18 23:18:11'),
(1378, 988, 26, '2020-02-18 23:18:11'),
(1379, 988, 22, '2020-02-18 23:18:11'),
(1380, 989, 26, '2020-02-18 23:18:11'),
(1381, 989, 22, '2020-02-18 23:18:11'),
(1382, 990, 26, '2020-02-18 23:18:11');
INSERT INTO `usuario_rol` (`id`, `id_usuario`, `id_rol`, `creado`) VALUES
(1383, 990, 22, '2020-02-18 23:18:11'),
(1384, 991, 26, '2020-02-18 23:18:11'),
(1385, 991, 22, '2020-02-18 23:18:11'),
(1386, 992, 26, '2020-02-18 23:18:11'),
(1387, 992, 22, '2020-02-18 23:18:11'),
(1388, 993, 26, '2020-02-18 23:18:11'),
(1389, 993, 22, '2020-02-18 23:18:11'),
(1390, 994, 26, '2020-02-18 23:18:11'),
(1391, 994, 22, '2020-02-18 23:18:11'),
(1392, 995, 26, '2020-02-18 23:18:11'),
(1393, 995, 22, '2020-02-18 23:18:11'),
(1394, 996, 26, '2020-02-18 23:18:11'),
(1395, 996, 22, '2020-02-18 23:18:11'),
(1396, 997, 26, '2020-02-18 23:18:11'),
(1397, 997, 22, '2020-02-18 23:18:11'),
(1398, 998, 26, '2020-02-18 23:18:11'),
(1399, 998, 22, '2020-02-18 23:18:11'),
(1400, 999, 26, '2020-02-18 23:18:11'),
(1401, 999, 22, '2020-02-18 23:18:11'),
(1402, 1000, 26, '2020-02-18 23:18:11'),
(1403, 1000, 22, '2020-02-18 23:18:11'),
(1404, 1001, 26, '2020-02-18 23:18:11'),
(1405, 1001, 22, '2020-02-18 23:18:11'),
(1406, 1002, 26, '2020-02-18 23:18:11'),
(1407, 1002, 22, '2020-02-18 23:18:11'),
(1408, 1003, 26, '2020-02-18 23:18:11'),
(1409, 1003, 22, '2020-02-18 23:18:11'),
(1410, 1004, 26, '2020-02-18 23:18:11'),
(1411, 1004, 22, '2020-02-18 23:18:11'),
(1412, 1005, 26, '2020-02-18 23:18:11'),
(1413, 1005, 22, '2020-02-18 23:18:11'),
(1414, 1006, 26, '2020-02-18 23:18:11'),
(1415, 1006, 22, '2020-02-18 23:18:11'),
(1416, 1007, 26, '2020-02-18 23:18:11'),
(1417, 1007, 22, '2020-02-18 23:18:11'),
(1418, 1008, 26, '2020-02-18 23:18:11'),
(1419, 1008, 22, '2020-02-18 23:18:11'),
(1420, 1009, 26, '2020-02-18 23:18:11'),
(1421, 1009, 22, '2020-02-18 23:18:11'),
(1422, 1010, 26, '2020-02-18 23:18:11'),
(1423, 1010, 22, '2020-02-18 23:18:11'),
(1424, 1011, 26, '2020-02-18 23:18:11'),
(1425, 1011, 22, '2020-02-18 23:18:11'),
(1426, 1012, 26, '2020-02-18 23:18:11'),
(1427, 1012, 22, '2020-02-18 23:18:11'),
(1428, 1013, 26, '2020-02-18 23:18:11'),
(1429, 1013, 22, '2020-02-18 23:18:11'),
(1430, 1014, 26, '2020-02-18 23:18:11'),
(1431, 1014, 22, '2020-02-18 23:18:11'),
(1432, 1015, 26, '2020-02-18 23:18:11'),
(1433, 1015, 22, '2020-02-18 23:18:11'),
(1434, 1016, 26, '2020-02-18 23:18:11'),
(1435, 1016, 22, '2020-02-18 23:18:11'),
(1436, 1017, 26, '2020-02-18 23:18:11'),
(1437, 1017, 22, '2020-02-18 23:18:11'),
(1438, 1018, 26, '2020-02-18 23:18:11'),
(1439, 1018, 22, '2020-02-18 23:18:11'),
(1440, 324, 26, '2020-02-18 23:18:11'),
(1441, 1019, 26, '2020-02-18 23:18:11'),
(1442, 1019, 22, '2020-02-18 23:18:11'),
(1443, 1020, 26, '2020-02-18 23:18:11'),
(1444, 1020, 22, '2020-02-18 23:18:11'),
(1445, 1021, 26, '2020-02-18 23:18:11'),
(1446, 1021, 22, '2020-02-18 23:18:11'),
(1447, 1022, 26, '2020-02-18 23:18:11'),
(1448, 1022, 22, '2020-02-18 23:18:11'),
(1449, 1023, 26, '2020-02-18 23:18:11'),
(1450, 1023, 22, '2020-02-18 23:18:11'),
(1451, 1024, 26, '2020-02-18 23:18:11'),
(1452, 1024, 22, '2020-02-18 23:18:11'),
(1453, 1025, 26, '2020-02-18 23:18:11'),
(1454, 1025, 22, '2020-02-18 23:18:11'),
(1455, 1026, 26, '2020-02-18 23:18:11'),
(1456, 1026, 22, '2020-02-18 23:18:11'),
(1457, 1027, 26, '2020-02-18 23:18:11'),
(1458, 1027, 22, '2020-02-18 23:18:11'),
(1459, 1028, 26, '2020-02-18 23:18:11'),
(1460, 1028, 22, '2020-02-18 23:18:11'),
(1461, 1029, 26, '2020-02-18 23:18:11'),
(1462, 1029, 22, '2020-02-18 23:18:11'),
(1463, 1030, 26, '2020-02-18 23:18:11'),
(1464, 1030, 22, '2020-02-18 23:18:11'),
(1465, 1031, 26, '2020-02-18 23:18:11'),
(1466, 1031, 22, '2020-02-18 23:18:11'),
(1467, 1032, 26, '2020-02-18 23:18:11'),
(1468, 1032, 22, '2020-02-18 23:18:11'),
(1469, 1033, 26, '2020-02-18 23:18:11'),
(1470, 1033, 22, '2020-02-18 23:18:11'),
(1471, 1034, 26, '2020-02-18 23:18:11'),
(1472, 1034, 22, '2020-02-18 23:18:11'),
(1473, 1035, 26, '2020-02-18 23:18:11'),
(1474, 1035, 22, '2020-02-18 23:18:11'),
(1475, 1036, 26, '2020-02-18 23:18:11'),
(1476, 1036, 22, '2020-02-18 23:18:11'),
(1477, 1037, 26, '2020-02-18 23:18:11'),
(1478, 1037, 22, '2020-02-18 23:18:11'),
(1479, 1038, 26, '2020-02-18 23:18:11'),
(1480, 1038, 22, '2020-02-18 23:18:11'),
(1481, 1039, 26, '2020-02-18 23:18:11'),
(1482, 1039, 22, '2020-02-18 23:18:11'),
(1483, 1040, 26, '2020-02-18 23:18:11'),
(1484, 1040, 22, '2020-02-18 23:18:11'),
(1485, 1041, 26, '2020-02-18 23:18:11'),
(1486, 1041, 22, '2020-02-18 23:18:11'),
(1487, 1042, 26, '2020-02-18 23:18:11'),
(1488, 1042, 22, '2020-02-18 23:18:11'),
(1489, 1043, 26, '2020-02-18 23:18:11'),
(1490, 1043, 22, '2020-02-18 23:18:11'),
(1491, 1044, 26, '2020-02-18 23:18:11'),
(1492, 1044, 22, '2020-02-18 23:18:11'),
(1493, 1045, 26, '2020-02-18 23:18:11'),
(1494, 1045, 22, '2020-02-18 23:18:11'),
(1495, 1046, 26, '2020-02-18 23:18:11'),
(1496, 1046, 22, '2020-02-18 23:18:11'),
(1497, 1047, 26, '2020-02-18 23:18:11'),
(1498, 1047, 22, '2020-02-18 23:18:11'),
(1499, 1048, 26, '2020-02-18 23:18:11'),
(1500, 1048, 22, '2020-02-18 23:18:11'),
(1501, 1049, 26, '2020-02-18 23:18:11'),
(1502, 1049, 22, '2020-02-18 23:18:11'),
(1503, 1050, 26, '2020-02-18 23:18:11'),
(1504, 1050, 22, '2020-02-18 23:18:11'),
(1505, 1051, 26, '2020-02-18 23:18:11'),
(1506, 1051, 22, '2020-02-18 23:18:11'),
(1507, 1052, 26, '2020-02-18 23:18:11'),
(1508, 1052, 22, '2020-02-18 23:18:11'),
(1509, 1053, 26, '2020-02-18 23:18:11'),
(1510, 1053, 22, '2020-02-18 23:18:11'),
(1511, 1054, 26, '2020-02-18 23:18:11'),
(1512, 1054, 22, '2020-02-18 23:18:11'),
(1513, 1055, 26, '2020-02-18 23:18:11'),
(1514, 1055, 22, '2020-02-18 23:18:11'),
(1515, 1056, 26, '2020-02-18 23:18:11'),
(1516, 1056, 22, '2020-02-18 23:18:11'),
(1517, 1057, 26, '2020-02-18 23:18:11'),
(1518, 1057, 22, '2020-02-18 23:18:11'),
(1519, 1058, 26, '2020-02-18 23:18:11'),
(1520, 1058, 22, '2020-02-18 23:18:11'),
(1521, 1059, 26, '2020-02-18 23:18:11'),
(1522, 1059, 22, '2020-02-18 23:18:11'),
(1523, 1060, 26, '2020-02-18 23:18:11'),
(1524, 1060, 22, '2020-02-18 23:18:11'),
(1525, 1061, 26, '2020-02-18 23:18:11'),
(1526, 1061, 22, '2020-02-18 23:18:11'),
(1527, 1062, 26, '2020-02-18 23:18:11'),
(1528, 1062, 22, '2020-02-18 23:18:11'),
(1529, 1063, 26, '2020-02-18 23:18:11'),
(1530, 1063, 22, '2020-02-18 23:18:11'),
(1531, 1064, 26, '2020-02-18 23:18:11'),
(1532, 1064, 22, '2020-02-18 23:18:11'),
(1533, 1065, 26, '2020-02-18 23:18:11'),
(1534, 1065, 22, '2020-02-18 23:18:11'),
(1535, 1066, 26, '2020-02-18 23:18:11'),
(1536, 1066, 22, '2020-02-18 23:18:11'),
(1537, 1067, 26, '2020-02-18 23:18:11'),
(1538, 1067, 22, '2020-02-18 23:18:11'),
(1539, 1068, 26, '2020-02-18 23:18:11'),
(1540, 1068, 22, '2020-02-18 23:18:11'),
(1541, 1069, 26, '2020-02-18 23:18:11'),
(1542, 1069, 22, '2020-02-18 23:18:11'),
(1543, 1070, 26, '2020-02-18 23:18:11'),
(1544, 1070, 22, '2020-02-18 23:18:11'),
(1545, 1071, 26, '2020-02-18 23:18:11'),
(1546, 1071, 22, '2020-02-18 23:18:11'),
(1547, 1072, 26, '2020-02-18 23:18:11'),
(1548, 1072, 22, '2020-02-18 23:18:11'),
(1549, 1073, 26, '2020-02-18 23:18:11'),
(1550, 1073, 22, '2020-02-18 23:18:11'),
(1551, 1074, 26, '2020-02-18 23:18:11'),
(1552, 1074, 22, '2020-02-18 23:18:11'),
(1553, 1075, 26, '2020-02-18 23:18:11'),
(1554, 1075, 22, '2020-02-18 23:18:11'),
(1555, 1076, 26, '2020-02-18 23:18:11'),
(1556, 1076, 22, '2020-02-18 23:18:11'),
(1557, 1077, 26, '2020-02-18 23:18:11'),
(1558, 1077, 22, '2020-02-18 23:18:11'),
(1559, 1078, 26, '2020-02-18 23:18:11'),
(1560, 1078, 22, '2020-02-18 23:18:11'),
(1561, 1079, 26, '2020-02-18 23:18:11'),
(1562, 1079, 22, '2020-02-18 23:18:11'),
(1563, 1080, 26, '2020-02-18 23:18:11'),
(1564, 1080, 22, '2020-02-18 23:18:11'),
(1565, 1081, 26, '2020-02-18 23:18:11'),
(1566, 1081, 22, '2020-02-18 23:18:11'),
(1567, 1082, 26, '2020-02-18 23:18:11'),
(1568, 1082, 22, '2020-02-18 23:18:11'),
(1569, 1083, 26, '2020-02-18 23:18:11'),
(1570, 1083, 22, '2020-02-18 23:18:11'),
(1571, 1084, 26, '2020-02-18 23:18:11'),
(1572, 1084, 22, '2020-02-18 23:18:11'),
(1573, 1085, 26, '2020-02-18 23:18:11'),
(1574, 1085, 22, '2020-02-18 23:18:11'),
(1575, 1086, 26, '2020-02-18 23:18:11'),
(1576, 1086, 22, '2020-02-18 23:18:11'),
(1577, 1087, 26, '2020-02-18 23:18:11'),
(1578, 1087, 22, '2020-02-18 23:18:11'),
(1579, 1088, 26, '2020-02-18 23:18:11'),
(1580, 1088, 22, '2020-02-18 23:18:11'),
(1581, 1089, 26, '2020-02-18 23:18:11'),
(1582, 1089, 22, '2020-02-18 23:18:11'),
(1583, 1090, 26, '2020-02-18 23:18:11'),
(1584, 1090, 22, '2020-02-18 23:18:11'),
(1585, 1091, 26, '2020-02-18 23:18:11'),
(1586, 1091, 22, '2020-02-18 23:18:11'),
(1587, 1092, 26, '2020-02-18 23:18:11'),
(1588, 1092, 22, '2020-02-18 23:18:11'),
(1589, 1093, 26, '2020-02-18 23:18:11'),
(1590, 1093, 22, '2020-02-18 23:18:11'),
(1591, 1094, 26, '2020-02-18 23:18:11'),
(1592, 1094, 22, '2020-02-18 23:18:11'),
(1593, 1095, 26, '2020-02-18 23:18:11'),
(1594, 1095, 22, '2020-02-18 23:18:11'),
(1595, 1096, 26, '2020-02-18 23:18:11'),
(1596, 1096, 22, '2020-02-18 23:18:11'),
(1597, 1097, 26, '2020-02-18 23:18:11'),
(1598, 1097, 22, '2020-02-18 23:18:11'),
(1599, 1098, 26, '2020-02-18 23:18:11'),
(1600, 1098, 22, '2020-02-18 23:18:11'),
(1601, 1099, 26, '2020-02-18 23:18:11'),
(1602, 1099, 22, '2020-02-18 23:18:11'),
(1603, 1100, 26, '2020-02-18 23:18:11'),
(1604, 1100, 22, '2020-02-18 23:18:11'),
(1605, 1101, 26, '2020-02-18 23:18:11'),
(1606, 1101, 22, '2020-02-18 23:18:11'),
(1607, 1102, 26, '2020-02-18 23:18:11'),
(1608, 1102, 22, '2020-02-18 23:18:11'),
(1609, 1103, 26, '2020-02-18 23:18:11'),
(1610, 1103, 22, '2020-02-18 23:18:11'),
(1611, 1104, 26, '2020-02-18 23:18:11'),
(1612, 1104, 22, '2020-02-18 23:18:11'),
(1613, 1105, 26, '2020-02-18 23:18:11'),
(1614, 1105, 22, '2020-02-18 23:18:11'),
(1615, 1106, 26, '2020-02-18 23:18:11'),
(1616, 1106, 22, '2020-02-18 23:18:11'),
(1617, 1107, 26, '2020-02-18 23:18:11'),
(1618, 1107, 22, '2020-02-18 23:18:11'),
(1619, 1108, 26, '2020-02-18 23:18:11'),
(1620, 1108, 22, '2020-02-18 23:18:11'),
(1621, 1109, 26, '2020-02-18 23:18:11'),
(1622, 1109, 22, '2020-02-18 23:18:11'),
(1623, 1110, 26, '2020-02-18 23:18:11'),
(1624, 1110, 22, '2020-02-18 23:18:11'),
(1625, 1111, 26, '2020-02-18 23:18:11'),
(1626, 1111, 22, '2020-02-18 23:18:11'),
(1627, 1112, 26, '2020-02-18 23:18:11'),
(1628, 1112, 22, '2020-02-18 23:18:11'),
(1629, 1113, 26, '2020-02-18 23:18:11'),
(1630, 1113, 22, '2020-02-18 23:18:11'),
(1631, 1114, 26, '2020-02-18 23:18:11'),
(1632, 1114, 22, '2020-02-18 23:18:11'),
(1633, 1115, 26, '2020-02-18 23:18:11'),
(1634, 1115, 22, '2020-02-18 23:18:11'),
(1635, 1116, 26, '2020-02-18 23:18:11'),
(1636, 1116, 22, '2020-02-18 23:18:11'),
(1637, 1117, 26, '2020-02-18 23:18:11'),
(1638, 1117, 22, '2020-02-18 23:18:11'),
(1639, 1118, 26, '2020-02-18 23:18:11'),
(1640, 1118, 22, '2020-02-18 23:18:11'),
(1641, 1119, 26, '2020-02-18 23:18:11'),
(1642, 1119, 22, '2020-02-18 23:18:11'),
(1643, 1120, 26, '2020-02-18 23:18:11'),
(1644, 1120, 22, '2020-02-18 23:18:11'),
(1645, 1121, 26, '2020-02-18 23:18:11'),
(1646, 1121, 22, '2020-02-18 23:18:11'),
(1647, 1122, 26, '2020-02-18 23:18:11'),
(1648, 1122, 22, '2020-02-18 23:18:11'),
(1649, 1123, 26, '2020-02-18 23:18:11'),
(1650, 1123, 22, '2020-02-18 23:18:11'),
(1651, 1124, 26, '2020-02-18 23:18:11'),
(1652, 1124, 22, '2020-02-18 23:18:11'),
(1653, 1125, 26, '2020-02-18 23:18:11'),
(1654, 1125, 22, '2020-02-18 23:18:11'),
(1655, 1126, 26, '2020-02-18 23:18:11'),
(1656, 1126, 22, '2020-02-18 23:18:11'),
(1657, 1127, 26, '2020-02-18 23:18:11'),
(1658, 1127, 22, '2020-02-18 23:18:11'),
(1659, 1128, 26, '2020-02-18 23:18:11'),
(1660, 1128, 22, '2020-02-18 23:18:11'),
(1661, 1129, 26, '2020-02-18 23:18:11'),
(1662, 1129, 22, '2020-02-18 23:18:11'),
(1663, 1130, 26, '2020-02-18 23:18:11'),
(1664, 1130, 22, '2020-02-18 23:18:11'),
(1665, 1131, 26, '2020-02-18 23:18:11'),
(1666, 1131, 22, '2020-02-18 23:18:11'),
(1667, 1132, 26, '2020-02-18 23:18:11'),
(1668, 1132, 22, '2020-02-18 23:18:11'),
(1669, 1133, 26, '2020-02-18 23:18:11'),
(1670, 1133, 22, '2020-02-18 23:18:11'),
(1671, 1134, 26, '2020-02-18 23:18:11'),
(1672, 1134, 22, '2020-02-18 23:18:11'),
(1673, 1135, 26, '2020-02-18 23:18:11'),
(1674, 1135, 22, '2020-02-18 23:18:11'),
(1675, 1136, 26, '2020-02-18 23:18:11'),
(1676, 1136, 22, '2020-02-18 23:18:11'),
(1677, 1137, 26, '2020-02-18 23:18:11'),
(1678, 1137, 22, '2020-02-18 23:18:11'),
(1679, 1138, 26, '2020-02-18 23:18:11'),
(1680, 1138, 22, '2020-02-18 23:18:11'),
(1681, 1139, 26, '2020-02-18 23:18:11'),
(1682, 1139, 22, '2020-02-18 23:18:11'),
(1683, 1140, 26, '2020-02-18 23:18:11'),
(1684, 1140, 22, '2020-02-18 23:18:11'),
(1685, 1141, 26, '2020-02-18 23:18:11'),
(1686, 1141, 22, '2020-02-18 23:18:11'),
(1687, 1142, 26, '2020-02-18 23:18:11'),
(1688, 1142, 22, '2020-02-18 23:18:11'),
(1689, 1143, 26, '2020-02-18 23:18:11'),
(1690, 1143, 22, '2020-02-18 23:18:11'),
(1691, 1144, 26, '2020-02-18 23:18:11'),
(1692, 1144, 22, '2020-02-18 23:18:11'),
(1693, 1145, 26, '2020-02-18 23:18:11'),
(1694, 1145, 22, '2020-02-18 23:18:11'),
(1695, 1146, 26, '2020-02-18 23:18:11'),
(1696, 1146, 22, '2020-02-18 23:18:11'),
(1697, 1147, 26, '2020-02-18 23:18:11'),
(1698, 1147, 22, '2020-02-18 23:18:11'),
(1699, 1148, 26, '2020-02-18 23:18:11'),
(1700, 1148, 22, '2020-02-18 23:18:11'),
(1701, 1149, 26, '2020-02-18 23:18:11'),
(1702, 1149, 22, '2020-02-18 23:18:11'),
(1703, 1150, 26, '2020-02-18 23:18:11'),
(1704, 1150, 22, '2020-02-18 23:18:11'),
(1705, 1151, 26, '2020-02-18 23:18:11'),
(1706, 1151, 22, '2020-02-18 23:18:11'),
(1707, 1152, 26, '2020-02-18 23:18:11'),
(1708, 1152, 22, '2020-02-18 23:18:11'),
(1709, 1153, 26, '2020-02-18 23:18:11'),
(1710, 1153, 22, '2020-02-18 23:18:11'),
(1711, 1154, 26, '2020-02-18 23:18:11'),
(1712, 1154, 22, '2020-02-18 23:18:11'),
(1713, 1155, 26, '2020-02-18 23:18:11'),
(1714, 1155, 22, '2020-02-18 23:18:11'),
(1715, 1156, 26, '2020-02-18 23:18:11'),
(1716, 1156, 22, '2020-02-18 23:18:11'),
(1717, 1157, 26, '2020-02-18 23:18:11'),
(1718, 1157, 22, '2020-02-18 23:18:11'),
(1719, 1158, 26, '2020-02-18 23:18:11'),
(1720, 1158, 22, '2020-02-18 23:18:11'),
(1721, 1159, 26, '2020-02-18 23:18:11'),
(1722, 1159, 22, '2020-02-18 23:18:11'),
(1723, 1160, 26, '2020-02-18 23:18:11'),
(1724, 1160, 22, '2020-02-18 23:18:11'),
(1725, 1161, 26, '2020-02-18 23:18:11'),
(1726, 1161, 22, '2020-02-18 23:18:11'),
(1727, 1162, 26, '2020-02-18 23:18:11'),
(1728, 1162, 22, '2020-02-18 23:18:11'),
(1729, 1163, 26, '2020-02-18 23:18:11'),
(1730, 1163, 22, '2020-02-18 23:18:11'),
(1731, 1164, 26, '2020-02-18 23:18:11'),
(1732, 1164, 22, '2020-02-18 23:18:11'),
(1733, 1165, 26, '2020-02-18 23:18:11'),
(1734, 1165, 22, '2020-02-18 23:18:11'),
(1735, 1166, 26, '2020-02-18 23:18:11'),
(1736, 1166, 22, '2020-02-18 23:18:11'),
(1737, 1167, 26, '2020-02-18 23:18:11'),
(1738, 1167, 22, '2020-02-18 23:18:11'),
(1739, 1168, 26, '2020-02-18 23:18:11'),
(1740, 1168, 22, '2020-02-18 23:18:11'),
(1741, 1169, 26, '2020-02-18 23:18:11'),
(1742, 1169, 22, '2020-02-18 23:18:11'),
(1743, 1170, 26, '2020-02-18 23:18:11'),
(1744, 1170, 22, '2020-02-18 23:18:11'),
(1745, 1171, 26, '2020-02-18 23:18:11'),
(1746, 1171, 22, '2020-02-18 23:18:11'),
(1747, 1172, 26, '2020-02-18 23:18:11'),
(1748, 1172, 22, '2020-02-18 23:18:11'),
(1749, 1173, 26, '2020-02-18 23:18:11'),
(1750, 1173, 22, '2020-02-18 23:18:11'),
(1751, 1174, 26, '2020-02-18 23:18:11'),
(1752, 1174, 22, '2020-02-18 23:18:11'),
(1753, 1175, 26, '2020-02-18 23:18:11'),
(1754, 1175, 22, '2020-02-18 23:18:11'),
(1755, 1176, 26, '2020-02-18 23:18:11'),
(1756, 1176, 22, '2020-02-18 23:18:11'),
(1757, 1177, 26, '2020-02-18 23:18:11'),
(1758, 1177, 22, '2020-02-18 23:18:11'),
(1759, 1178, 26, '2020-02-18 23:18:11'),
(1760, 1178, 22, '2020-02-18 23:18:11'),
(1761, 1179, 26, '2020-02-18 23:18:11'),
(1762, 1179, 22, '2020-02-18 23:18:11'),
(1763, 1180, 26, '2020-02-18 23:18:11'),
(1764, 1180, 22, '2020-02-18 23:18:11'),
(1765, 1181, 26, '2020-02-18 23:18:11'),
(1766, 1181, 22, '2020-02-18 23:18:11'),
(1767, 1182, 26, '2020-02-18 23:18:11'),
(1768, 1182, 22, '2020-02-18 23:18:11'),
(1769, 1183, 26, '2020-02-18 23:18:11'),
(1770, 1183, 22, '2020-02-18 23:18:11'),
(1771, 1184, 26, '2020-02-18 23:18:11'),
(1772, 1184, 22, '2020-02-18 23:18:11'),
(1773, 1185, 26, '2020-02-18 23:18:11'),
(1774, 1185, 22, '2020-02-18 23:18:11'),
(1775, 1186, 26, '2020-02-18 23:18:11'),
(1776, 1186, 22, '2020-02-18 23:18:11'),
(1777, 1187, 26, '2020-02-18 23:18:11'),
(1778, 1187, 22, '2020-02-18 23:18:11'),
(1779, 1188, 26, '2020-02-18 23:18:11'),
(1780, 1188, 22, '2020-02-18 23:18:11'),
(1781, 1189, 26, '2020-02-18 23:18:11'),
(1782, 1189, 22, '2020-02-18 23:18:11'),
(1783, 1190, 26, '2020-02-18 23:18:11'),
(1784, 1190, 22, '2020-02-18 23:18:11'),
(1785, 1191, 26, '2020-02-18 23:18:11'),
(1786, 1191, 22, '2020-02-18 23:18:11'),
(1787, 1192, 26, '2020-02-18 23:18:11'),
(1788, 1192, 22, '2020-02-18 23:18:11'),
(1789, 1193, 26, '2020-02-18 23:18:11'),
(1790, 1193, 22, '2020-02-18 23:18:11'),
(1791, 1194, 26, '2020-02-18 23:18:11'),
(1792, 1194, 22, '2020-02-18 23:18:11'),
(1793, 1195, 26, '2020-02-18 23:18:11'),
(1794, 1195, 22, '2020-02-18 23:18:11'),
(1795, 1196, 26, '2020-02-18 23:18:11'),
(1796, 1196, 22, '2020-02-18 23:18:11'),
(1797, 1197, 26, '2020-02-18 23:18:11'),
(1798, 1197, 22, '2020-02-18 23:18:11'),
(1799, 1198, 26, '2020-02-18 23:18:11'),
(1800, 1198, 22, '2020-02-18 23:18:11'),
(1801, 1199, 26, '2020-02-18 23:18:11'),
(1802, 1199, 22, '2020-02-18 23:18:11'),
(1803, 1200, 26, '2020-02-18 23:18:11'),
(1804, 1200, 22, '2020-02-18 23:18:11'),
(1805, 1201, 26, '2020-02-18 23:18:11'),
(1806, 1201, 22, '2020-02-18 23:18:11'),
(1807, 1202, 26, '2020-02-18 23:18:11'),
(1808, 1202, 22, '2020-02-18 23:18:11'),
(1809, 1203, 26, '2020-02-18 23:18:11'),
(1810, 1203, 22, '2020-02-18 23:18:11'),
(1811, 1204, 26, '2020-02-18 23:18:11'),
(1812, 1204, 22, '2020-02-18 23:18:11'),
(1813, 1205, 26, '2020-02-18 23:18:11'),
(1814, 1205, 22, '2020-02-18 23:18:11'),
(1815, 1206, 26, '2020-02-18 23:18:11'),
(1816, 1206, 22, '2020-02-18 23:18:11'),
(1817, 1207, 26, '2020-02-18 23:18:11'),
(1818, 1207, 22, '2020-02-18 23:18:11'),
(1819, 1208, 26, '2020-02-18 23:18:11'),
(1820, 1208, 22, '2020-02-18 23:18:11'),
(1821, 1209, 26, '2020-02-18 23:18:11'),
(1822, 1209, 22, '2020-02-18 23:18:11'),
(1823, 1210, 26, '2020-02-18 23:18:11'),
(1824, 1210, 22, '2020-02-18 23:18:11'),
(1825, 1211, 26, '2020-02-18 23:18:11'),
(1826, 1211, 22, '2020-02-18 23:18:11'),
(1827, 1212, 26, '2020-02-18 23:18:11'),
(1828, 1212, 22, '2020-02-18 23:18:11'),
(1829, 1213, 26, '2020-02-18 23:18:11'),
(1830, 1213, 22, '2020-02-18 23:18:11'),
(1831, 1214, 26, '2020-02-18 23:18:11'),
(1832, 1214, 22, '2020-02-18 23:18:11'),
(1833, 1215, 26, '2020-02-18 23:18:11'),
(1834, 1215, 22, '2020-02-18 23:18:11'),
(1835, 1216, 26, '2020-02-18 23:18:11'),
(1836, 1216, 22, '2020-02-18 23:18:11'),
(1837, 1217, 26, '2020-02-18 23:18:11'),
(1838, 1217, 22, '2020-02-18 23:18:11'),
(1839, 1218, 26, '2020-02-18 23:18:11'),
(1840, 1218, 22, '2020-02-18 23:18:11'),
(1841, 1219, 26, '2020-02-18 23:18:11'),
(1842, 1219, 22, '2020-02-18 23:18:11'),
(1843, 1220, 26, '2020-02-18 23:18:11'),
(1844, 1220, 22, '2020-02-18 23:18:11'),
(1845, 1221, 26, '2020-02-18 23:18:11'),
(1846, 1221, 22, '2020-02-18 23:18:11'),
(1847, 1222, 26, '2020-02-18 23:18:11'),
(1848, 1222, 22, '2020-02-18 23:18:11'),
(1849, 1223, 26, '2020-02-18 23:18:11'),
(1850, 1223, 22, '2020-02-18 23:18:11'),
(1851, 1224, 26, '2020-02-18 23:18:11'),
(1852, 1224, 22, '2020-02-18 23:18:11'),
(1853, 1225, 26, '2020-02-18 23:18:11'),
(1854, 1225, 22, '2020-02-18 23:18:11'),
(1855, 1226, 26, '2020-02-18 23:18:11'),
(1856, 1226, 22, '2020-02-18 23:18:11'),
(1857, 1227, 26, '2020-02-18 23:18:11'),
(1858, 1227, 22, '2020-02-18 23:18:11'),
(1859, 1228, 26, '2020-02-18 23:18:11'),
(1860, 1228, 22, '2020-02-18 23:18:11'),
(1861, 1229, 26, '2020-02-18 23:18:11'),
(1862, 1229, 22, '2020-02-18 23:18:11'),
(1863, 1230, 26, '2020-02-18 23:18:11'),
(1864, 1230, 22, '2020-02-18 23:18:11'),
(1865, 1231, 26, '2020-02-18 23:18:11'),
(1866, 1231, 22, '2020-02-18 23:18:11'),
(1867, 1232, 26, '2020-02-18 23:18:11'),
(1868, 1232, 22, '2020-02-18 23:18:11'),
(1869, 1233, 26, '2020-02-18 23:18:11'),
(1870, 1233, 22, '2020-02-18 23:18:11'),
(1871, 1234, 26, '2020-02-18 23:18:11'),
(1872, 1234, 22, '2020-02-18 23:18:11'),
(1873, 1235, 26, '2020-02-18 23:18:11'),
(1874, 1235, 22, '2020-02-18 23:18:11'),
(1875, 1236, 26, '2020-02-18 23:18:11'),
(1876, 1236, 22, '2020-02-18 23:18:11'),
(1877, 1237, 26, '2020-02-18 23:18:11'),
(1878, 1237, 22, '2020-02-18 23:18:11'),
(1879, 1238, 26, '2020-02-18 23:18:11'),
(1880, 1238, 22, '2020-02-18 23:18:11'),
(1881, 1239, 26, '2020-02-18 23:18:11'),
(1882, 1239, 22, '2020-02-18 23:18:11'),
(1883, 1240, 26, '2020-02-18 23:18:11'),
(1884, 1240, 22, '2020-02-18 23:18:11'),
(1885, 1241, 26, '2020-02-18 23:18:11'),
(1886, 1241, 22, '2020-02-18 23:18:11'),
(1887, 1242, 26, '2020-02-18 23:18:11'),
(1888, 1242, 22, '2020-02-18 23:18:11'),
(1889, 1243, 26, '2020-02-18 23:18:11'),
(1890, 1243, 22, '2020-02-18 23:18:11'),
(1891, 1244, 26, '2020-02-18 23:18:11'),
(1892, 1244, 22, '2020-02-18 23:18:11'),
(1893, 1245, 26, '2020-02-18 23:18:11'),
(1894, 1245, 22, '2020-02-18 23:18:11'),
(1895, 1246, 26, '2020-02-18 23:18:11'),
(1896, 1246, 22, '2020-02-18 23:18:11');

--
-- Indexes for dumped tables
--

--
-- Indexes for table `catalogo`
--
ALTER TABLE `catalogo`
  ADD PRIMARY KEY (`id`),
  ADD UNIQUE KEY `codigo` (`codigo`),
  ADD KEY `fk_catalogo_padre` (`id_padre`),
  ADD KEY `fk_catalogo_tipo` (`id_catalogo_tipo`);

--
-- Indexes for table `catalogo_tipo`
--
ALTER TABLE `catalogo_tipo`
  ADD PRIMARY KEY (`id`),
  ADD UNIQUE KEY `codigo` (`codigo`),
  ADD KEY `fk_catalogo_tipo_padre` (`id_padre`);

--
-- Indexes for table `cuenta`
--
ALTER TABLE `cuenta`
  ADD PRIMARY KEY (`id`);

--
-- Indexes for table `direccion`
--
ALTER TABLE `direccion`
  ADD PRIMARY KEY (`id`),
  ADD KEY `fk_direccion_cuenta` (`id_cuenta`),
  ADD KEY `fk_direccion_tipo` (`id_direccion_tipo`),
  ADD KEY `fk_division_politica` (`id_division_politica`),
  ADD KEY `fk_direccion_area` (`id_direccion_area`);

--
-- Indexes for table `email`
--
ALTER TABLE `email`
  ADD PRIMARY KEY (`id`),
  ADD KEY `fk_email_cuenta` (`id_cuenta`);

--
-- Indexes for table `institucion`
--
ALTER TABLE `institucion`
  ADD PRIMARY KEY (`id`),
  ADD UNIQUE KEY `codigo` (`codigo`),
  ADD KEY `fk_institucion_cuenta` (`id_cuenta`),
  ADD KEY `fk_institucion_padre` (`id_padre`);

--
-- Indexes for table `institucion_tipo_asociado`
--
ALTER TABLE `institucion_tipo_asociado`
  ADD PRIMARY KEY (`id`),
  ADD UNIQUE KEY `unique_institucion_tipo_asociado` (`id_institucion`,`id_institucion_tipo`),
  ADD KEY `fk_tipo_asociado_institucion` (`id_institucion_tipo`);

--
-- Indexes for table `menu`
--
ALTER TABLE `menu`
  ADD PRIMARY KEY (`id`),
  ADD KEY `fk_menu_padre` (`id_padre`);

--
-- Indexes for table `menu_permiso`
--
ALTER TABLE `menu_permiso`
  ADD PRIMARY KEY (`id`),
  ADD KEY `fk_menu_permiso` (`id_menu`),
  ADD KEY `fk_permiso_menu` (`id_permiso`);

--
-- Indexes for table `migration_versions`
--
ALTER TABLE `migration_versions`
  ADD PRIMARY KEY (`version`);

--
-- Indexes for table `permiso`
--
ALTER TABLE `permiso`
  ADD PRIMARY KEY (`id`),
  ADD UNIQUE KEY `codigo` (`codigo`);

--
-- Indexes for table `persona`
--
ALTER TABLE `persona`
  ADD PRIMARY KEY (`id`),
  ADD UNIQUE KEY `dui` (`dui`),
  ADD UNIQUE KEY `nit` (`nit`),
  ADD KEY `fk_persona_cuenta` (`id_cuenta`);

--
-- Indexes for table `persona_atributo`
--
ALTER TABLE `persona_atributo`
  ADD PRIMARY KEY (`id`),
  ADD UNIQUE KEY `unique_persona_atributo` (`id_persona`,`id_atributo`),
  ADD KEY `fk_atributo_persona` (`id_atributo`);

--
-- Indexes for table `rol`
--
ALTER TABLE `rol`
  ADD PRIMARY KEY (`id`),
  ADD UNIQUE KEY `codigo` (`codigo`);

--
-- Indexes for table `rol_permiso`
--
ALTER TABLE `rol_permiso`
  ADD PRIMARY KEY (`id`),
  ADD UNIQUE KEY `unique_rol_permiso` (`id_rol`,`id_permiso`),
  ADD KEY `fk_permiso_rol` (`id_permiso`);

--
-- Indexes for table `telefono`
--
ALTER TABLE `telefono`
  ADD PRIMARY KEY (`id`),
  ADD KEY `fk_telefono_cuenta` (`id_cuenta`),
  ADD KEY `fk_telefono_tipo` (`id_telefono_tipo`);

--
-- Indexes for table `usuario`
--
ALTER TABLE `usuario`
  ADD PRIMARY KEY (`id`),
  ADD UNIQUE KEY `username` (`username`),
  ADD UNIQUE KEY `email` (`email`),
  ADD KEY `fk_usuario_cuenta` (`id_cuenta`);

--
-- Indexes for table `usuario_rol`
--
ALTER TABLE `usuario_rol`
  ADD PRIMARY KEY (`id`),
  ADD UNIQUE KEY `unique_usuario_rol` (`id_usuario`,`id_rol`),
  ADD KEY `fk_rol_usuario` (`id_rol`);

--
-- AUTO_INCREMENT for dumped tables
--

--
-- AUTO_INCREMENT for table `catalogo`
--
ALTER TABLE `catalogo`
  MODIFY `id` int(11) NOT NULL AUTO_INCREMENT, AUTO_INCREMENT=165;
--
-- AUTO_INCREMENT for table `catalogo_tipo`
--
ALTER TABLE `catalogo_tipo`
  MODIFY `id` int(11) NOT NULL AUTO_INCREMENT, AUTO_INCREMENT=45;
--
-- AUTO_INCREMENT for table `cuenta`
--
ALTER TABLE `cuenta`
  MODIFY `id` int(11) NOT NULL AUTO_INCREMENT, AUTO_INCREMENT=1373;
--
-- AUTO_INCREMENT for table `direccion`
--
ALTER TABLE `direccion`
  MODIFY `id` int(11) NOT NULL AUTO_INCREMENT, AUTO_INCREMENT=6;
--
-- AUTO_INCREMENT for table `email`
--
ALTER TABLE `email`
  MODIFY `id` int(11) NOT NULL AUTO_INCREMENT, AUTO_INCREMENT=8;
--
-- AUTO_INCREMENT for table `institucion`
--
ALTER TABLE `institucion`
  MODIFY `id` int(11) NOT NULL AUTO_INCREMENT, AUTO_INCREMENT=117;
--
-- AUTO_INCREMENT for table `institucion_tipo_asociado`
--
ALTER TABLE `institucion_tipo_asociado`
  MODIFY `id` int(11) NOT NULL AUTO_INCREMENT;
--
-- AUTO_INCREMENT for table `menu`
--
ALTER TABLE `menu`
  MODIFY `id` int(11) NOT NULL AUTO_INCREMENT, AUTO_INCREMENT=81;
--
-- AUTO_INCREMENT for table `menu_permiso`
--
ALTER TABLE `menu_permiso`
  MODIFY `id` int(11) NOT NULL AUTO_INCREMENT, AUTO_INCREMENT=101;
--
-- AUTO_INCREMENT for table `permiso`
--
ALTER TABLE `permiso`
  MODIFY `id` int(11) NOT NULL AUTO_INCREMENT, AUTO_INCREMENT=81;
--
-- AUTO_INCREMENT for table `persona`
--
ALTER TABLE `persona`
  MODIFY `id` int(11) NOT NULL AUTO_INCREMENT, AUTO_INCREMENT=930;
--
-- AUTO_INCREMENT for table `persona_atributo`
--
ALTER TABLE `persona_atributo`
  MODIFY `id` int(11) NOT NULL AUTO_INCREMENT, AUTO_INCREMENT=19;
--
-- AUTO_INCREMENT for table `rol`
--
ALTER TABLE `rol`
  MODIFY `id` int(11) NOT NULL AUTO_INCREMENT, AUTO_INCREMENT=29;
--
-- AUTO_INCREMENT for table `rol_permiso`
--
ALTER TABLE `rol_permiso`
  MODIFY `id` int(11) NOT NULL AUTO_INCREMENT, AUTO_INCREMENT=325;
--
-- AUTO_INCREMENT for table `telefono`
--
ALTER TABLE `telefono`
  MODIFY `id` int(11) NOT NULL AUTO_INCREMENT, AUTO_INCREMENT=10;
--
-- AUTO_INCREMENT for table `usuario`
--
ALTER TABLE `usuario`
  MODIFY `id` int(11) NOT NULL AUTO_INCREMENT, AUTO_INCREMENT=1247;
--
-- AUTO_INCREMENT for table `usuario_rol`
--
ALTER TABLE `usuario_rol`
  MODIFY `id` int(11) NOT NULL AUTO_INCREMENT, AUTO_INCREMENT=1897;
--
-- Constraints for dumped tables
--

--
-- Constraints for table `catalogo`
--
ALTER TABLE `catalogo`
  ADD CONSTRAINT `fk_catalogo_padre` FOREIGN KEY (`id_padre`) REFERENCES `catalogo` (`id`) ON DELETE SET NULL,
  ADD CONSTRAINT `fk_catalogo_tipo` FOREIGN KEY (`id_catalogo_tipo`) REFERENCES `catalogo_tipo` (`id`);

--
-- Constraints for table `catalogo_tipo`
--
ALTER TABLE `catalogo_tipo`
  ADD CONSTRAINT `fk_catalogo_tipo_padre` FOREIGN KEY (`id_padre`) REFERENCES `catalogo_tipo` (`id`) ON DELETE SET NULL;

--
-- Constraints for table `direccion`
--
ALTER TABLE `direccion`
  ADD CONSTRAINT `fk_direccion_area` FOREIGN KEY (`id_direccion_area`) REFERENCES `catalogo` (`id`),
  ADD CONSTRAINT `fk_direccion_cuenta` FOREIGN KEY (`id_cuenta`) REFERENCES `cuenta` (`id`),
  ADD CONSTRAINT `fk_direccion_tipo` FOREIGN KEY (`id_direccion_tipo`) REFERENCES `catalogo` (`id`),
  ADD CONSTRAINT `fk_division_politica` FOREIGN KEY (`id_division_politica`) REFERENCES `catalogo` (`id`);

--
-- Constraints for table `email`
--
ALTER TABLE `email`
  ADD CONSTRAINT `fk_email_cuenta` FOREIGN KEY (`id_cuenta`) REFERENCES `cuenta` (`id`);

--
-- Constraints for table `institucion`
--
ALTER TABLE `institucion`
  ADD CONSTRAINT `fk_institucion_cuenta` FOREIGN KEY (`id_cuenta`) REFERENCES `cuenta` (`id`),
  ADD CONSTRAINT `fk_institucion_padre` FOREIGN KEY (`id_padre`) REFERENCES `institucion` (`id`) ON DELETE SET NULL;

--
-- Constraints for table `institucion_tipo_asociado`
--
ALTER TABLE `institucion_tipo_asociado`
  ADD CONSTRAINT `fk_institucion_tipo_asociado` FOREIGN KEY (`id_institucion`) REFERENCES `institucion` (`id`),
  ADD CONSTRAINT `fk_tipo_asociado_institucion` FOREIGN KEY (`id_institucion_tipo`) REFERENCES `catalogo` (`id`);

--
-- Constraints for table `menu`
--
ALTER TABLE `menu`
  ADD CONSTRAINT `fk_menu_padre` FOREIGN KEY (`id_padre`) REFERENCES `menu` (`id`) ON DELETE CASCADE ON UPDATE CASCADE;

--
-- Constraints for table `menu_permiso`
--
ALTER TABLE `menu_permiso`
  ADD CONSTRAINT `fk_menu_permiso` FOREIGN KEY (`id_menu`) REFERENCES `menu` (`id`) ON DELETE CASCADE ON UPDATE CASCADE,
  ADD CONSTRAINT `fk_permiso_menu` FOREIGN KEY (`id_permiso`) REFERENCES `permiso` (`id`) ON DELETE CASCADE ON UPDATE CASCADE;

--
-- Constraints for table `persona`
--
ALTER TABLE `persona`
  ADD CONSTRAINT `fk_persona_cuenta` FOREIGN KEY (`id_cuenta`) REFERENCES `cuenta` (`id`);

--
-- Constraints for table `persona_atributo`
--
ALTER TABLE `persona_atributo`
  ADD CONSTRAINT `fk_atributo_persona` FOREIGN KEY (`id_atributo`) REFERENCES `catalogo` (`id`),
  ADD CONSTRAINT `fk_persona_atributo` FOREIGN KEY (`id_persona`) REFERENCES `persona` (`id`);

--
-- Constraints for table `rol_permiso`
--
ALTER TABLE `rol_permiso`
  ADD CONSTRAINT `fk_permiso_rol` FOREIGN KEY (`id_permiso`) REFERENCES `permiso` (`id`),
  ADD CONSTRAINT `fk_rol_permiso` FOREIGN KEY (`id_rol`) REFERENCES `rol` (`id`);

--
-- Constraints for table `telefono`
--
ALTER TABLE `telefono`
  ADD CONSTRAINT `fk_telefono_cuenta` FOREIGN KEY (`id_cuenta`) REFERENCES `cuenta` (`id`),
  ADD CONSTRAINT `fk_telefono_tipo` FOREIGN KEY (`id_telefono_tipo`) REFERENCES `catalogo` (`id`);

--
-- Constraints for table `usuario`
--
ALTER TABLE `usuario`
  ADD CONSTRAINT `fk_usuario_cuenta` FOREIGN KEY (`id_cuenta`) REFERENCES `cuenta` (`id`);

--
-- Constraints for table `usuario_rol`
--
ALTER TABLE `usuario_rol`
  ADD CONSTRAINT `fk_rol_usuario` FOREIGN KEY (`id_rol`) REFERENCES `rol` (`id`),
  ADD CONSTRAINT `fk_usuario_rol` FOREIGN KEY (`id_usuario`) REFERENCES `usuario` (`id`);

/*!40101 SET CHARACTER_SET_CLIENT=@OLD_CHARACTER_SET_CLIENT */;
/*!40101 SET CHARACTER_SET_RESULTS=@OLD_CHARACTER_SET_RESULTS */;
/*!40101 SET COLLATION_CONNECTION=@OLD_COLLATION_CONNECTION */;
