-- phpMyAdmin SQL Dump
-- version 4.9.2
-- https://www.phpmyadmin.net/
--
-- Host: 127.0.0.1:3306
-- Generation Time: Jul 14, 2020 at 09:33 AM
-- Server version: 10.3.20-MariaDB
-- PHP Version: 7.3.12

SET SQL_MODE = "NO_AUTO_VALUE_ON_ZERO";
SET AUTOCOMMIT = 0;
START TRANSACTION;
SET time_zone = "+00:00";


/*!40101 SET @OLD_CHARACTER_SET_CLIENT=@@CHARACTER_SET_CLIENT */;
/*!40101 SET @OLD_CHARACTER_SET_RESULTS=@@CHARACTER_SET_RESULTS */;
/*!40101 SET @OLD_COLLATION_CONNECTION=@@COLLATION_CONNECTION */;
/*!40101 SET NAMES utf8mb4 */;

--
-- Database: `clinico`
--

-- --------------------------------------------------------

--
-- Table structure for table `categoria`
--

DROP TABLE IF EXISTS `categoria`;
CREATE TABLE IF NOT EXISTS `categoria` (
  `id` int(11) UNSIGNED NOT NULL AUTO_INCREMENT,
  `nombre_cat` varchar(500) COLLATE utf8mb4_unicode_ci NOT NULL,
  PRIMARY KEY (`id`)
) ENGINE=InnoDB AUTO_INCREMENT=17 DEFAULT CHARSET=utf8mb4 COLLATE=utf8mb4_unicode_ci;

--
-- Dumping data for table `categoria`
--

INSERT INTO `categoria` (`id`, `nombre_cat`) VALUES
(1, 'Antecedentes Familiares'),
(2, 'Antecendentes Odontologicos'),
(3, 'Historia Prenatal y Neonatal'),
(4, 'Historia Medica'),
(5, 'Enfermedades Infecciosas Padecidas'),
(6, 'Tratamiento Medico'),
(7, 'Historia Odontologica'),
(8, 'Encuesta de Dieta'),
(9, 'Examen Clinico Extra Oral'),
(10, 'Examen Clinico Intra Oral'),
(11, 'Examen Funcional'),
(12, 'Habitos Parafuncionales'),
(13, 'Examen Ortodontico'),
(14, 'Personales'),
(15, 'Historia Psico-Conductual'),
(16, 'Diagnóstico Integral');

-- --------------------------------------------------------

--
-- Table structure for table `control_sellante`
--

DROP TABLE IF EXISTS `control_sellante`;
CREATE TABLE IF NOT EXISTS `control_sellante` (
  `id` int(11) NOT NULL AUTO_INCREMENT,
  `id_ficha` int(11) NOT NULL,
  `id_tratamiento` int(11) NOT NULL,
  `id_estado_sellante` int(11) NOT NULL,
  `fecha_sellante` date NOT NULL,
  `fecha_control` date NOT NULL,
  `creado` timestamp NOT NULL DEFAULT current_timestamp() ON UPDATE current_timestamp(),
  PRIMARY KEY (`id`),
  KEY `fk_control_sellante_ficha` (`id_ficha`),
  KEY `fk_control_sellante_tratamiento` (`id_tratamiento`),
  KEY `fk_sellante_estado` (`id_estado_sellante`)
) ENGINE=InnoDB DEFAULT CHARSET=utf8mb4 COLLATE=utf8mb4_unicode_ci;

-- --------------------------------------------------------

--
-- Table structure for table `datos_clinicos`
--

DROP TABLE IF EXISTS `datos_clinicos`;
CREATE TABLE IF NOT EXISTS `datos_clinicos` (
  `id` int(11) NOT NULL AUTO_INCREMENT,
  `id_ficha` int(11) NOT NULL,
  `semanas_embarazo` int(11) DEFAULT NULL,
  `numero_embarazos` int(11) DEFAULT NULL,
  `fur` int(11) DEFAULT NULL,
  `cuartos` int(11) DEFAULT NULL,
  `habitantes` int(11) DEFAULT NULL,
  `personas` int(11) DEFAULT NULL,
  `leche` int(11) DEFAULT NULL,
  `huevo` int(11) DEFAULT NULL,
  `carne` int(11) DEFAULT NULL,
  `frutas` int(11) DEFAULT NULL,
  `verduras` int(11) DEFAULT NULL,
  `legumbres` int(11) DEFAULT NULL,
  `cereales` int(11) DEFAULT NULL,
  `bano` int(11) DEFAULT NULL,
  `ropa` int(11) DEFAULT NULL,
  `cepillo` int(11) DEFAULT NULL,
  `hilo` int(11) DEFAULT NULL,
  `enjuague` int(11) DEFAULT NULL,
  `localizacion_lesion` varchar(25) COLLATE utf8mb4_unicode_ci DEFAULT NULL,
  `color_lesion` varchar(25) COLLATE utf8mb4_unicode_ci DEFAULT NULL,
  `tamano_lesion` varchar(25) COLLATE utf8mb4_unicode_ci DEFAULT NULL,
  `pulso` int(11) DEFAULT NULL,
  `frecuencia_respiratoria` int(11) DEFAULT NULL,
  `frecuencia_cardiaca` int(11) DEFAULT NULL,
  `presion_arterial` int(11) DEFAULT NULL,
  `peso` int(11) DEFAULT NULL,
  `estatura` int(11) DEFAULT NULL,
  `numero_abortos` int(11) DEFAULT NULL,
  PRIMARY KEY (`id`),
  KEY `fk_ficha_datos` (`id_ficha`)
) ENGINE=InnoDB AUTO_INCREMENT=6 DEFAULT CHARSET=utf8mb4 COLLATE=utf8mb4_unicode_ci;

--
-- Dumping data for table `datos_clinicos`
--

INSERT INTO `datos_clinicos` (`id`, `id_ficha`, `semanas_embarazo`, `numero_embarazos`, `fur`, `cuartos`, `habitantes`, `personas`, `leche`, `huevo`, `carne`, `frutas`, `verduras`, `legumbres`, `cereales`, `bano`, `ropa`, `cepillo`, `hilo`, `enjuague`, `localizacion_lesion`, `color_lesion`, `tamano_lesion`, `pulso`, `frecuencia_respiratoria`, `frecuencia_cardiaca`, `presion_arterial`, `peso`, `estatura`, `numero_abortos`) VALUES
(1, 2, NULL, NULL, NULL, NULL, NULL, NULL, NULL, NULL, NULL, NULL, NULL, NULL, NULL, NULL, NULL, NULL, NULL, NULL, NULL, NULL, NULL, NULL, NULL, NULL, NULL, NULL, NULL, NULL),
(2, 3, NULL, NULL, NULL, NULL, NULL, NULL, NULL, NULL, NULL, NULL, NULL, NULL, NULL, NULL, NULL, NULL, NULL, NULL, NULL, NULL, NULL, NULL, NULL, NULL, NULL, NULL, NULL, NULL),
(3, 4, NULL, NULL, NULL, NULL, NULL, NULL, NULL, NULL, NULL, NULL, NULL, NULL, NULL, NULL, NULL, NULL, NULL, NULL, NULL, NULL, NULL, NULL, NULL, NULL, NULL, NULL, NULL, NULL),
(4, 5, NULL, NULL, NULL, NULL, NULL, NULL, NULL, NULL, NULL, NULL, NULL, NULL, NULL, NULL, NULL, NULL, NULL, NULL, NULL, NULL, NULL, NULL, NULL, NULL, NULL, NULL, NULL, NULL),
(5, 6, NULL, NULL, NULL, NULL, NULL, NULL, NULL, NULL, NULL, NULL, NULL, NULL, NULL, NULL, NULL, NULL, NULL, NULL, NULL, NULL, NULL, NULL, NULL, NULL, NULL, NULL, NULL, NULL);

-- --------------------------------------------------------

--
-- Table structure for table `evaluacion_dental`
--

DROP TABLE IF EXISTS `evaluacion_dental`;
CREATE TABLE IF NOT EXISTS `evaluacion_dental` (
  `id` int(11) NOT NULL AUTO_INCREMENT,
  `id_ficha` int(11) NOT NULL,
  `id_pieza_dental_estado` int(11) NOT NULL,
  `creado` timestamp NOT NULL DEFAULT current_timestamp() ON UPDATE current_timestamp(),
  `realizado` tinyint(3) DEFAULT 0,
  `id_tratamiento` int(11) NOT NULL,
  `pieza_dental` varchar(10) COLLATE utf8mb4_unicode_ci NOT NULL,
  `superficie_dental` varchar(15) COLLATE utf8mb4_unicode_ci NOT NULL,
  `prioridad` tinyint(3) DEFAULT 0,
  `retratamiento` tinyint(1) DEFAULT 0,
  PRIMARY KEY (`id`),
  UNIQUE KEY `unique_evaluacion_dental` (`id_ficha`,`id_tratamiento`,`id_pieza_dental_estado`,`pieza_dental`,`superficie_dental`),
  KEY `fk_evaluacion_dental_tratamiento` (`id_tratamiento`),
  KEY `fk_evaluacion_pieza_dental_estado` (`id_pieza_dental_estado`)
) ENGINE=InnoDB AUTO_INCREMENT=10 DEFAULT CHARSET=utf8mb4 COLLATE=utf8mb4_unicode_ci;

--
-- Dumping data for table `evaluacion_dental`
--

INSERT INTO `evaluacion_dental` (`id`, `id_ficha`, `id_pieza_dental_estado`, `creado`, `realizado`, `id_tratamiento`, `pieza_dental`, `superficie_dental`, `prioridad`, `retratamiento`) VALUES
(1, 2, 1342, '2020-06-16 21:20:28', 1, 161, '31', 'distal', 1, NULL),
(2, 2, 1350, '2020-06-16 07:04:27', 0, 167, '21', 'distal', 0, NULL),
(3, 2, 1331, '2020-06-16 06:38:49', 0, 147, '43', 'mesial', 0, NULL),
(4, 2, 1358, '2020-06-16 21:19:53', 1, 150, '43', 'distal', 1, NULL),
(6, 2, 1390, '2020-06-16 21:20:50', 1, 156, '13', 'completo', 1, NULL),
(7, 2, 1346, '2020-06-16 21:20:13', 1, 150, '46', 'oclusal', 1, NULL),
(8, 2, 1334, '2020-06-16 21:15:59', 0, 161, '22', 'distal', 0, NULL),
(9, 2, 1334, '2020-06-16 21:16:23', 0, 176, '32', 'completo', 0, NULL);

-- --------------------------------------------------------

--
-- Table structure for table `expediente_clinico`
--

DROP TABLE IF EXISTS `expediente_clinico`;
CREATE TABLE IF NOT EXISTS `expediente_clinico` (
  `id` int(11) NOT NULL AUTO_INCREMENT,
  `id_persona` int(11) NOT NULL,
  `id_expediente_clinico_tipo` int(11) NOT NULL,
  `creado` timestamp NOT NULL DEFAULT current_timestamp() ON UPDATE current_timestamp(),
  `codigo_expediente` varchar(25) COLLATE utf8mb4_unicode_ci DEFAULT NULL,
  PRIMARY KEY (`id`),
  KEY `fk_expediente_clinico_persona` (`id_persona`),
  KEY `fk_expediente_clinico_tipo` (`id_expediente_clinico_tipo`)
) ENGINE=InnoDB AUTO_INCREMENT=8 DEFAULT CHARSET=utf8mb4 COLLATE=utf8mb4_unicode_ci;

--
-- Dumping data for table `expediente_clinico`
--

INSERT INTO `expediente_clinico` (`id`, `id_persona`, `id_expediente_clinico_tipo`, `creado`, `codigo_expediente`) VALUES
(1, 1, 1499, '2020-02-18 23:18:02', '1'),
(3, 925, 1498, '2020-02-18 23:32:51', 'II-2020-01'),
(4, 926, 1498, '2020-06-16 07:31:14', 'II-2020-04'),
(5, 927, 1498, '2020-06-16 16:12:25', 'II-2020-05'),
(6, 928, 1499, '2020-06-16 20:41:26', 'II-2020-06'),
(7, 929, 1498, '2020-06-16 20:45:34', 'II-2020-07');

-- --------------------------------------------------------

--
-- Table structure for table `ficha`
--

DROP TABLE IF EXISTS `ficha`;
CREATE TABLE IF NOT EXISTS `ficha` (
  `id` int(11) NOT NULL AUTO_INCREMENT,
  `id_cuenta` int(11) NOT NULL,
  `id_expediente_clinico` int(11) NOT NULL,
  `id_referencia` int(11) DEFAULT NULL,
  `id_frecuencia_cepillado` int(11) NOT NULL,
  `id_indice_riesgo_cariogenico` int(11) DEFAULT NULL,
  `fecha_control` date NOT NULL,
  `visita_odontologo` tinyint(3) NOT NULL,
  `trauma_dentoalveolar` tinyint(3) NOT NULL,
  `reacciones_adversas` tinyint(3) NOT NULL,
  `pieza` varchar(255) COLLATE utf8mb4_unicode_ci DEFAULT NULL,
  `tipo_reaccion` varchar(255) COLLATE utf8mb4_unicode_ci DEFAULT NULL,
  `motivo_consulta` varchar(999) COLLATE utf8mb4_unicode_ci DEFAULT NULL,
  `historia_enfermedad` varchar(999) COLLATE utf8mb4_unicode_ci NOT NULL,
  `anotaciones_varias` varchar(999) COLLATE utf8mb4_unicode_ci DEFAULT NULL,
  `creado` timestamp NOT NULL DEFAULT current_timestamp() ON UPDATE current_timestamp(),
  `actualizado` timestamp NOT NULL DEFAULT current_timestamp(),
  `finalizada` tinyint(3) DEFAULT 0,
  `curso` varchar(10) COLLATE utf8mb4_unicode_ci DEFAULT NULL,
  `ciclo` varchar(10) COLLATE utf8mb4_unicode_ci DEFAULT NULL,
  `embarazada` tinyint(3) DEFAULT 0,
  `id_indice_riesgo_real` int(11) DEFAULT NULL,
  `id_transfusiones` int(11) DEFAULT NULL,
  `id_orientacion_sexual` int(11) DEFAULT NULL,
  `id_material_casa` int(11) DEFAULT NULL,
  `id_lesion` int(11) DEFAULT NULL,
  `id_tipo_lesion` int(11) DEFAULT NULL,
  `id_consistencia_lesion` int(11) DEFAULT NULL,
  PRIMARY KEY (`id`),
  KEY `fk_ficha_expediente_clinico` (`id_expediente_clinico`),
  KEY `fk_referencia` (`id_referencia`),
  KEY `fk_frecuencia_cepillado` (`id_frecuencia_cepillado`),
  KEY `fk_indice_riesgo_cariogenico` (`id_indice_riesgo_cariogenico`),
  KEY `fk_indice_riesgo_real` (`id_indice_riesgo_real`),
  KEY `fk_ficha_evaluacion_cuenta` (`id_cuenta`),
  KEY `fk_transfusiones` (`id_transfusiones`),
  KEY `fk_orientacion_sexual` (`id_orientacion_sexual`),
  KEY `fk_material_casa` (`id_material_casa`),
  KEY `fk_lesion` (`id_lesion`),
  KEY `fk_tipo_lesion` (`id_tipo_lesion`),
  KEY `fk_consistencia_lesion` (`id_consistencia_lesion`)
) ENGINE=InnoDB AUTO_INCREMENT=7 DEFAULT CHARSET=utf8mb4 COLLATE=utf8mb4_unicode_ci;

--
-- Dumping data for table `ficha`
--

INSERT INTO `ficha` (`id`, `id_cuenta`, `id_expediente_clinico`, `id_referencia`, `id_frecuencia_cepillado`, `id_indice_riesgo_cariogenico`, `fecha_control`, `visita_odontologo`, `trauma_dentoalveolar`, `reacciones_adversas`, `pieza`, `tipo_reaccion`, `motivo_consulta`, `historia_enfermedad`, `anotaciones_varias`, `creado`, `actualizado`, `finalizada`, `curso`, `ciclo`, `embarazada`, `id_indice_riesgo_real`, `id_transfusiones`, `id_orientacion_sexual`, `id_material_casa`, `id_lesion`, `id_tipo_lesion`, `id_consistencia_lesion`) VALUES
(1, 1, 1, NULL, 1422, NULL, '2020-02-18', 0, 0, 0, NULL, NULL, 'Indefinido', 'Indefinido', NULL, '2020-02-18 06:00:00', '2020-02-18 06:00:00', 0, NULL, NULL, 0, NULL, NULL, NULL, NULL, NULL, NULL, NULL),
(2, 411, 3, NULL, 1419, 1494, '2020-02-18', 1, 0, 0, '', '', 'Motivo', 'Historia', NULL, '2020-06-16 21:19:27', '2020-02-18 23:34:39', 0, 'EST117', 'I', 0, 1494, NULL, NULL, NULL, NULL, NULL, NULL),
(3, 411, 3, NULL, 1419, NULL, '2020-03-01', 0, 0, 0, NULL, NULL, 'Motivo2', 'Historia2', NULL, '2020-03-02 01:47:18', '2020-03-02 01:47:18', 0, 'EST117', 'Impar 2018', 1, NULL, NULL, NULL, NULL, NULL, NULL, NULL),
(4, 411, 3, NULL, 1419, NULL, '2020-04-17', 0, 0, 0, NULL, NULL, NULL, 'historia3', NULL, '2020-04-17 08:23:11', '2020-04-17 08:23:11', 0, 'EST117', 'Impar 2017', 0, NULL, NULL, NULL, NULL, NULL, NULL, NULL),
(5, 411, 5, NULL, 1419, NULL, '2020-06-16', 1, 0, 0, NULL, NULL, NULL, 'explicar historia', NULL, '2020-06-16 16:17:15', '2020-06-16 16:17:15', 0, 'EST117', 'Impar 2017', 0, NULL, NULL, NULL, NULL, NULL, NULL, NULL),
(6, 411, 6, NULL, 1420, NULL, '2020-06-16', 0, 0, 0, NULL, NULL, NULL, 'historia', NULL, '2020-06-16 20:43:57', '2020-06-16 18:20:54', 0, 'EST117', 'Impar 2017', 0, NULL, NULL, NULL, NULL, NULL, NULL, NULL);

-- --------------------------------------------------------

--
-- Table structure for table `ficha_atributo`
--

DROP TABLE IF EXISTS `ficha_atributo`;
CREATE TABLE IF NOT EXISTS `ficha_atributo` (
  `id` int(11) NOT NULL AUTO_INCREMENT,
  `id_ficha` int(11) NOT NULL,
  `id_atributo` int(11) NOT NULL,
  `creado` timestamp NOT NULL DEFAULT current_timestamp() ON UPDATE current_timestamp(),
  PRIMARY KEY (`id`),
  KEY `fk_ficha_atributo` (`id_ficha`),
  KEY `fk_atributo_ficha` (`id_atributo`)
) ENGINE=InnoDB AUTO_INCREMENT=17 DEFAULT CHARSET=utf8mb4 COLLATE=utf8mb4_unicode_ci;

--
-- Dumping data for table `ficha_atributo`
--

INSERT INTO `ficha_atributo` (`id`, `id_ficha`, `id_atributo`, `creado`) VALUES
(2, 2, 1314, '2020-02-21 07:00:34'),
(3, 3, 1313, '2020-03-02 01:47:18'),
(10, 5, 1313, '2020-06-16 16:17:15'),
(11, 6, 1315, '2020-06-16 18:20:54'),
(12, 2, 1436, '2020-06-16 21:19:27'),
(13, 2, 1437, '2020-06-16 21:19:27'),
(14, 2, 1440, '2020-06-16 21:19:27'),
(15, 2, 1439, '2020-06-16 21:19:27'),
(16, 2, 1441, '2020-06-16 21:19:27');

-- --------------------------------------------------------

--
-- Table structure for table `ficha_catalogo`
--

DROP TABLE IF EXISTS `ficha_catalogo`;
CREATE TABLE IF NOT EXISTS `ficha_catalogo` (
  `id` int(11) NOT NULL AUTO_INCREMENT,
  `codigo` varchar(50) COLLATE utf8mb4_unicode_ci NOT NULL,
  `nombre` varchar(255) COLLATE utf8mb4_unicode_ci NOT NULL,
  `descripcion` varchar(500) COLLATE utf8mb4_unicode_ci DEFAULT NULL,
  `creado` timestamp NOT NULL DEFAULT current_timestamp() ON UPDATE current_timestamp(),
  `id_tipo` int(11) DEFAULT NULL,
  PRIMARY KEY (`id`),
  UNIQUE KEY `codigo` (`codigo`),
  KEY `fk_ficha_catalogo_tipo` (`id_tipo`)
) ENGINE=InnoDB AUTO_INCREMENT=1755 DEFAULT CHARSET=utf8mb4 COLLATE=utf8mb4_unicode_ci;

--
-- Dumping data for table `ficha_catalogo`
--

INSERT INTO `ficha_catalogo` (`id`, `codigo`, `nombre`, `descripcion`, `creado`, `id_tipo`) VALUES
(1312, 'aditamentos', 'Aditamentos de Higiene Bucal', NULL, '2020-02-18 23:18:02', NULL),
(1313, 'adita_cepillos', 'Cepillo', NULL, '2020-02-18 23:18:02', 1312),
(1314, 'adita_pasta', 'Pasta Dental', NULL, '2020-02-18 23:18:02', 1312),
(1315, 'adita_hilo', 'Hilo Dental', NULL, '2020-02-18 23:18:02', 1312),
(1316, 'adita_enjuague', 'Enjuage Bucal', NULL, '2020-02-18 23:18:02', 1312),
(1317, 'icdas_caries', 'Código ICDAS para caries', NULL, '2020-02-18 23:18:02', NULL),
(1318, '0', '0', 'No evidencia de caries', '2020-02-18 23:18:02', 1317),
(1319, '1', '1', 'Primer cambio visible en el esmalte', '2020-02-18 23:18:02', 1317),
(1320, '2', '2', 'Lesión de caries observada cuando está húmedo', '2020-02-18 23:18:02', 1317),
(1321, '3', '3', 'Ruptura localizada del esmalte debida a caries sin dentina visible', '2020-02-18 23:18:02', 1317),
(1322, '4', '4', 'Sombra oscura subyacente de dentina', '2020-02-18 23:18:02', 1317),
(1323, '5', '5', 'Cavidad detectable con detina visible', '2020-02-18 23:18:02', 1317),
(1324, '6', '6', 'Cavidad detectable extensa con dentina visible', '2020-02-18 23:18:02', 1317),
(1325, 'icdas_estados', 'Código ICDAS para una pieza o superficie', NULL, '2020-02-18 23:18:02', NULL),
(1326, '00', 'Sano, no obturado ni sellado', 'diente-sano', '2020-02-18 23:18:02', 1325),
(1327, '01', 'Cambio en el esmalte, no obturado ni sellado', 'diente-amarillo', '2020-02-18 23:18:02', 1325),
(1328, '02', 'Lesión, no obturado ni sellado', 'diente-amarillo', '2020-02-18 23:18:02', 1325),
(1329, '03', 'Ruptura, no obturado ni sellado', 'diente-naranja', '2020-02-18 23:18:02', 1325),
(1330, '04', 'Sombra oscura, no obturado ni sellado', 'diente-naranja', '2020-02-18 23:18:02', 1325),
(1331, '05', 'Cavidad, no obturado ni sellado', 'diente-rojo', '2020-02-18 23:18:02', 1325),
(1332, '06', 'Cavidad extensa, no obturado ni sellado', 'diente-rojo', '2020-02-18 23:18:02', 1325),
(1333, '10', 'Sano, con sellante parcial', 'diente-marcado', '2020-02-18 23:18:02', 1325),
(1334, '11', 'Cambio en el esmalte, con sellante parcial', 'diente-marcado', '2020-02-18 23:18:02', 1325),
(1335, '12', 'Lesión, con sellante parcial', 'diente-marcado', '2020-02-18 23:18:02', 1325),
(1336, '13', 'Ruptura, con sellante parcial', 'diente-marcado', '2020-02-18 23:18:02', 1325),
(1337, '14', 'Sombra oscura, con sellante parcial', 'diente-marcado', '2020-02-18 23:18:02', 1325),
(1338, '15', 'Cavidad, con sellante parcial', 'diente-marcado', '2020-02-18 23:18:02', 1325),
(1339, '16', 'Cavidad extensa, con sellante parcial', 'diente-marcado', '2020-02-18 23:18:02', 1325),
(1340, '20', 'Sano, con sellante completo', 'diente-marcado', '2020-02-18 23:18:02', 1325),
(1341, '21', 'Cambio en el esmalte, con sellante completo', 'diente-marcado', '2020-02-18 23:18:02', 1325),
(1342, '22', 'Lesión, con sellante completo', 'diente-marcado', '2020-02-18 23:18:02', 1325),
(1343, '23', 'Ruptura, con sellante completo', 'diente-marcado', '2020-02-18 23:18:02', 1325),
(1344, '24', 'Sombra oscura, con sellante completo', 'diente-marcado', '2020-02-18 23:18:02', 1325),
(1345, '25', 'Cavidad, con sellante completo', 'diente-marcado', '2020-02-18 23:18:02', 1325),
(1346, '26', 'Cavidad extensa, con sellante completo', 'diente-marcado', '2020-02-18 23:18:02', 1325),
(1347, '30', 'Sano, con obturación de color de diente', 'diente-obturado-sano', '2020-02-18 23:18:02', 1325),
(1348, '31', 'Cambio en el esmalte, con obturación de color de diente', 'diente-obturado-caries', '2020-02-18 23:18:02', 1325),
(1349, '32', 'Lesión, con obturación de color de diente', 'diente-obturado-caries', '2020-02-18 23:18:02', 1325),
(1350, '33', 'Ruptura, con obturación de color de diente', 'diente-obturado-caries', '2020-02-18 23:18:02', 1325),
(1351, '34', 'Sombra oscura, con obturación de color de diente', 'diente-obturado-caries', '2020-02-18 23:18:02', 1325),
(1352, '35', 'Cavidad, con obturación de color de diente', 'diente-obturado-caries', '2020-02-18 23:18:02', 1325),
(1353, '36', 'Cavidad extensa, con obturación de color de diente', 'diente-obturado-caries', '2020-02-18 23:18:02', 1325),
(1354, '40', 'Sano, con obturación en amalgama', 'diente-obturado-sano', '2020-02-18 23:18:02', 1325),
(1355, '41', 'Cambio en el esmalte, con obturación en amalgama', 'diente-obturado-caries', '2020-02-18 23:18:02', 1325),
(1356, '42', 'Lesión, con obturación en amalgama', 'diente-obturado-caries', '2020-02-18 23:18:02', 1325),
(1357, '43', 'Ruptura, con obturación en amalgama', 'diente-obturado-caries', '2020-02-18 23:18:02', 1325),
(1358, '44', 'Sombra oscura, con obturación en amalgama', 'diente-obturado-caries', '2020-02-18 23:18:02', 1325),
(1359, '45', 'Cavidad, con obturación en amalgama', 'diente-obturado-caries', '2020-02-18 23:18:02', 1325),
(1360, '46', 'Cavidad extensa, con obturación en amalgama', 'diente-obturado-caries', '2020-02-18 23:18:02', 1325),
(1361, '50', 'Sano, con corona de acero', 'diente-marcado', '2020-02-18 23:18:02', 1325),
(1362, '51', 'Cambio en el esmalte, con corona de acero', 'diente-marcado', '2020-02-18 23:18:02', 1325),
(1363, '52', 'Lesión, con corona de acero', 'diente-marcado', '2020-02-18 23:18:02', 1325),
(1364, '53', 'Ruptura, con corona de acero', 'diente-marcado', '2020-02-18 23:18:02', 1325),
(1365, '54', 'Sombra oscura, con corona de acero', 'diente-marcado', '2020-02-18 23:18:02', 1325),
(1366, '55', 'Cavidad, con corona de acero', 'diente-marcado', '2020-02-18 23:18:02', 1325),
(1367, '56', 'Cavidad extensa, con corona de acero', 'diente-marcado', '2020-02-18 23:18:02', 1325),
(1368, '60', 'Sano, con corona en porcelana u otro metal', 'diente-marcado', '2020-02-18 23:18:02', 1325),
(1369, '61', 'Cambio en el esmalte, con corona en porcelana u otro metal', 'diente-marcado', '2020-02-18 23:18:02', 1325),
(1370, '62', 'Lesión, con corona en porcelana u otro metal', 'diente-marcado', '2020-02-18 23:18:02', 1325),
(1371, '63', 'Ruptura, con corona en porcelana u otro metal', 'diente-marcado', '2020-02-18 23:18:02', 1325),
(1372, '64', 'Sombra oscura, con corona en porcelana u otro metal', 'diente-marcado', '2020-02-18 23:18:02', 1325),
(1373, '65', 'Cavidad, con corona en porcelana u otro metal', 'diente-marcado', '2020-02-18 23:18:02', 1325),
(1374, '66', 'Cavidad extensa, con corona en porcelana u otro metal', 'diente-marcado', '2020-02-18 23:18:02', 1325),
(1375, '70', 'Sano, con obturación perdida o fracturada', 'obturacion-perdida', '2020-02-18 23:18:02', 1325),
(1376, '71', 'Cambio en el esmalte, con obturación perdida o fracturada', 'diente-marcado', '2020-02-18 23:18:02', 1325),
(1377, '72', 'Lesión, con obturación perdida o fracturada', 'diente-marcado', '2020-02-18 23:18:02', 1325),
(1378, '73', 'Ruptura, con obturación perdida o fracturada', 'diente-marcado', '2020-02-18 23:18:02', 1325),
(1379, '74', 'Sombra oscura, con obturación perdida o fracturada', 'diente-marcado', '2020-02-18 23:18:02', 1325),
(1380, '75', 'Cavidad, con obturación perdida o fracturada', 'diente-marcado', '2020-02-18 23:18:02', 1325),
(1381, '76', 'Cavidad extensa, con obturación perdida o fracturada', 'diente-marcado', '2020-02-18 23:18:02', 1325),
(1382, '80', 'Sano, con obturación temporal', 'obturacion-perdida', '2020-02-18 23:18:02', 1325),
(1383, '81', 'Cambio en el esmalte, con obturación temporal', 'diente-marcado', '2020-02-18 23:18:02', 1325),
(1384, '82', 'Lesión, con obturación temporal', 'diente-marcado', '2020-02-18 23:18:02', 1325),
(1385, '83', 'Ruptura, con obturación temporal', 'diente-marcado', '2020-02-18 23:18:02', 1325),
(1386, '84', 'Sombra oscura, con obturación temporal', 'diente-marcado', '2020-02-18 23:18:02', 1325),
(1387, '85', 'Cavidad, con obturación temporal', 'diente-marcado', '2020-02-18 23:18:02', 1325),
(1388, '86', 'Cavidad extensa, con obturación temporal', 'diente-marcado', '2020-02-18 23:18:02', 1325),
(1389, '96', 'Excluido', 'diente-marcado', '2020-02-18 23:18:02', 1325),
(1390, '97', 'Perdido por caries', 'diente-perdido-caries', '2020-02-18 23:18:02', 1325),
(1391, '98', 'Perdido por otras causas', 'diente-perdido-otros', '2020-02-18 23:18:02', 1325),
(1392, '99', 'No erupcionado', 'diente-marcado', '2020-02-18 23:18:02', 1325),
(1393, 'icdas_estados_bc', 'Código ICDAS para una pieza completa', NULL, '2020-02-18 23:18:02', NULL),
(1394, 'BC01', 'Ejemplo estado BC 1', 'Estado de la boca completa 1', '2020-02-18 23:18:02', 1393),
(1395, 'BC02', 'Ejemplo estado BC 2', 'Estado de la boca completa 2', '2020-02-18 23:18:02', 1393),
(1396, 'BC03', 'Ejemplo estado BC 3', 'Estado de la boca completa 3', '2020-02-18 23:18:02', 1393),
(1397, 'BC04', 'Ejemplo estado BC 4', 'Estado de la boca completa 4', '2020-02-18 23:18:02', 1393),
(1398, 'BC05', 'Ejemplo estado BC 5', 'Estado de la boca completa 5', '2020-02-18 23:18:02', 1393),
(1399, 'icdas_restauracion', 'Código ICDAS para restauraciones y sellantes', NULL, '2020-02-18 23:18:02', NULL),
(1400, '000', '0', 'No sellado, no restaurado', '2020-02-18 23:18:02', 1399),
(1401, '001', '1', 'Sellante, Parcial', '2020-02-18 23:18:02', 1399),
(1402, '002', '2', 'Sellante, Completo', '2020-02-18 23:18:02', 1399),
(1403, '003', '3', 'Restauración color del diente', '2020-02-18 23:18:02', 1399),
(1404, '004', '4', 'Restauración en amalgama', '2020-02-18 23:18:02', 1399),
(1405, '005', '5', 'Corona de acero inoxidable', '2020-02-18 23:18:02', 1399),
(1406, '006', '6', 'Corona o Carilla en porcelona, oro o metal porcelana', '2020-02-18 23:18:02', 1399),
(1407, '007', '7', 'Restauración perdida o fracturada', '2020-02-18 23:18:02', 1399),
(1408, '008', '8', 'Restauración Temporal', '2020-02-18 23:18:02', 1399),
(1409, 'evaluaciones', 'Evaluaciones Sistemicas', NULL, '2020-02-18 23:18:02', NULL),
(1410, 'eval_sist_hiperte', 'Hipertension', NULL, '2020-02-18 23:18:02', 1409),
(1411, 'eval_sist_diabetes', 'Diabetes', NULL, '2020-02-18 23:18:02', 1409),
(1412, 'eval_sist_angina', 'Angina de Pecho', NULL, '2020-02-18 23:18:02', 1409),
(1413, 'eval_sist_soplo', 'Soplo Cardiaco', NULL, '2020-02-18 23:18:02', 1409),
(1414, 'eval_sist_arritmia', 'Arritmia', NULL, '2020-02-18 23:18:02', 1409),
(1415, 'eval_sist_colesterol', 'Colesterol Alto', NULL, '2020-02-18 23:18:02', 1409),
(1416, 'eval_sist_obesidad', 'Obesidad', NULL, '2020-02-18 23:18:02', 1409),
(1417, 'eval_sist_hipertirio', 'Hipertirioidismo', NULL, '2020-02-18 23:18:02', 1409),
(1418, 'frecuencia_cepillado', 'Frecuencia Cepillado', NULL, '2020-02-18 23:18:02', NULL),
(1419, 'frec_cepi_3', '3 veces', NULL, '2020-02-18 23:18:02', 1418),
(1420, 'frec_cepi_2', '2 veces', NULL, '2020-02-18 23:18:02', 1418),
(1421, 'frec_cepi_1', '1 vez', NULL, '2020-02-18 23:18:02', 1418),
(1422, 'frec_cepi_0', 'Ninguna', NULL, '2020-02-18 23:18:02', 1418),
(1423, 'habitos_bucales', 'Habitos Bucales', NULL, '2020-02-18 23:18:02', NULL),
(1424, 'hab_buc_respirador', 'Respirador Bucal', NULL, '2020-02-18 23:18:02', 1423),
(1425, 'hab_buc_onico', 'Onicofagia', NULL, '2020-02-18 23:18:02', 1423),
(1426, 'hab_buc_bruxismo', 'Bruxismo', NULL, '2020-02-18 23:18:02', 1423),
(1427, 'hab_buc_fumar', 'Fumar', NULL, '2020-02-18 23:18:02', 1423),
(1428, 'hab_buc_succion', 'Succion del Dedo', NULL, '2020-02-18 23:18:02', 1423),
(1429, 'hab_buc_deglu', 'Deglucion Atipica', NULL, '2020-02-18 23:18:02', 1423),
(1430, 'historia_odontologica', 'Historia Odontologica', NULL, '2020-02-18 23:18:02', NULL),
(1431, 'hist_odon_visita', 'Visitas al Odontologo', NULL, '2020-02-18 23:18:02', 1430),
(1432, 'hist_odon_trauma', 'Trauma DentoAlveolar', NULL, '2020-02-18 23:18:02', 1430),
(1433, 'hist_odon_reacciones', 'Reacciones Adversas', NULL, '2020-02-18 23:18:02', 1430),
(1434, 'historia_ingesta', 'Historia de Ingesta', NULL, '2020-02-18 23:18:02', NULL),
(1435, 'hist_inges_desa', 'Desayuno', NULL, '2020-02-18 23:18:02', 1434),
(1436, 'hist_inges_desa_alm', 'Entre Des y Almuerzo', NULL, '2020-02-18 23:18:02', 1434),
(1437, 'hist_inges_alm', 'Almuerzo', NULL, '2020-02-18 23:18:02', 1434),
(1438, 'hist_inges_alm_cena', 'Entre Alm y Cena', NULL, '2020-02-18 23:18:02', 1434),
(1439, 'hist_inges_cena', 'Cena', NULL, '2020-02-18 23:18:02', 1434),
(1440, 'hist_inges_jarabes', 'Jarabes en la Noche', NULL, '2020-02-18 23:18:02', 1434),
(1441, 'hist_inges_desp_cena', 'Despues de Cena', NULL, '2020-02-18 23:18:02', 1434),
(1442, 'hist_inges_noche', 'Por la Noche', NULL, '2020-02-18 23:18:02', 1434),
(1443, 'lesion_02', 'Lesión radiolúcida distal', NULL, '2020-02-18 23:18:02', NULL),
(1444, 'lesion_021', 'RA1', NULL, '2020-05-22 07:50:18', 1443),
(1445, 'lesion_022', 'RA2', NULL, '2020-05-22 07:50:24', 1443),
(1446, 'lesion_023', 'RA3', NULL, '2020-05-22 07:50:26', 1443),
(1447, 'lesion_024', 'RB4', NULL, '2020-05-22 07:50:30', 1443),
(1448, 'lesion_025', 'RC5', NULL, '2020-05-22 07:50:36', 1443),
(1449, 'lesion_09', 'Ligamento periodontal (Continuidad)', NULL, '2020-02-18 23:18:02', NULL),
(1450, 'lesion_091', 'Continuo', NULL, '2020-02-18 23:18:02', 1449),
(1451, 'lesion_092', 'Discontinuo', NULL, '2020-02-18 23:18:02', 1449),
(1452, 'lesion_08', 'Ligamento periodontal (grosor)', NULL, '2020-02-18 23:18:02', NULL),
(1453, 'lesion_081', 'Aumento', NULL, '2020-02-18 23:18:02', 1452),
(1454, 'lesion_082', 'Disminución', NULL, '2020-02-18 23:18:02', 1452),
(1455, 'lesion_01', 'Lesión radiolúcida mesial', NULL, '2020-02-18 23:18:02', NULL),
(1456, 'lesion_011', 'RA1', NULL, '2020-05-22 07:34:32', 1455),
(1457, 'lesion_012', 'RA2', NULL, '2020-05-22 07:34:38', 1455),
(1458, 'lesion_013', 'RA3', NULL, '2020-05-22 07:34:43', 1455),
(1459, 'lesion_014', 'RB4', NULL, '2020-05-22 07:34:56', 1455),
(1460, 'lesion_015', 'RC5', NULL, '2020-05-22 07:35:04', 1455),
(1461, 'lesion_05', 'Obliteración de conductos', NULL, '2020-02-18 23:18:02', NULL),
(1462, 'lesion_051', 'Sí', NULL, '2020-02-18 23:18:02', 1461),
(1463, 'lesion_052', 'No', NULL, '2020-02-18 23:18:02', 1461),
(1464, 'lesion_03', 'Lesión radiolúcida oclusal', NULL, '2020-02-18 23:18:02', NULL),
(1465, 'lesion_031', 'Esmalte', NULL, '2020-02-18 23:18:02', 1464),
(1466, 'lesion_032', 'Dentina', NULL, '2020-05-22 07:36:08', 1464),
(1467, 'lesion_033', 'Pulpa', NULL, '2020-02-18 23:18:02', 1464),
(1468, 'lesion_04', 'Lesión radiolúcida', NULL, '2020-02-18 23:18:02', NULL),
(1469, 'lesion_041', 'Periapicales', NULL, '2020-02-18 23:18:02', 1468),
(1470, 'lesion_042', 'Furca', NULL, '2020-02-18 23:18:02', 1468),
(1471, 'lesion_043', 'Periapicales y furca', NULL, '2020-02-18 23:18:02', 1468),
(1472, 'lesion_10', 'Lesiones radiopacas', NULL, '2020-02-18 23:18:02', NULL),
(1473, 'lesion_101', 'Corona', NULL, '2020-02-18 23:18:02', 1472),
(1474, 'lesion_102', 'Raiz', NULL, '2020-02-18 23:18:02', 1472),
(1475, 'lesion_11', 'Lesiones radiopacas', NULL, '2020-02-18 23:18:02', NULL),
(1476, 'lesion_111', 'Periápice', NULL, '2020-02-18 23:18:02', 1475),
(1477, 'lesion_112', 'Hueso', NULL, '2020-02-18 23:18:02', 1475),
(1478, 'Deleted_lesion_06', 'Reabsorciones', NULL, '2020-05-22 07:54:40', NULL),
(1479, 'Deleted_lesion_061', 'Lámina dura', NULL, '2020-05-22 07:54:20', 1478),
(1480, 'Deleted_lesion_062', 'Cresta alveolar', NULL, '2020-05-22 07:54:28', 1478),
(1481, 'lesion_07', 'Reabsorciones', NULL, '2020-02-18 23:18:02', NULL),
(1482, 'lesion_071', 'Radicular', NULL, '2020-02-18 23:18:02', 1481),
(1483, 'lesion_072', 'Periapical', NULL, '2020-05-22 07:35:58', 1481),
(1484, 'planes_preventivos', 'Planes Preventivos', NULL, '2020-02-18 23:18:02', NULL),
(1485, 'plan_prev_periodo', 'Tratamiento Periodental', NULL, '2020-02-18 23:18:02', 1484),
(1486, 'plan_prev_endo', 'Tratamiento Endodontico', NULL, '2020-02-18 23:18:02', 1484),
(1487, 'plan_prev_quirur', 'Tratamiento Quirurgico', NULL, '2020-02-18 23:18:02', 1484),
(1488, 'plan_prev_oper', 'Operatoria Dental', NULL, '2020-02-18 23:18:02', 1484),
(1489, 'plan_prev_infecc', 'Control de Infeccion', NULL, '2020-02-18 23:18:02', 1484),
(1490, 'plan_prev_educa', 'Educacion y Motivacion', NULL, '2020-02-18 23:18:02', 1484),
(1491, 'plan_prev_fluor', 'Fluorterapia', NULL, '2020-02-18 23:18:02', 1484),
(1492, 'plan_prev_sella', 'Sellantes', NULL, '2020-02-18 23:18:02', 1484),
(1493, 'riesgo_cariogenico', 'Riesgo Cariogenico', NULL, '2020-02-18 23:18:02', NULL),
(1494, 'riesgo_alto', 'Alto', NULL, '2020-02-18 23:18:02', 1493),
(1495, 'riesgo_moderado', 'Moderado', NULL, '2020-02-18 23:18:02', 1493),
(1496, 'riesgo_bajo', 'Bajo', NULL, '2020-02-18 23:18:02', 1493),
(1497, 'tipo_expediente', 'Tipo de Expediente', NULL, '2020-02-18 23:18:02', NULL),
(1498, 'expediente_preventiva', 'Preventiva', NULL, '2020-02-18 23:18:02', 1497),
(1499, 'expediente_extramural', 'Extramural', NULL, '2020-02-18 23:18:02', 1497),
(1500, 'area_tratamiento', 'Código ICDAS para áreas de tratamiento', NULL, '2020-02-18 23:18:02', NULL),
(1501, 'area1', 'Periodontal', NULL, '2020-02-18 23:18:02', 1500),
(1502, 'area2', 'Endodónticos', NULL, '2020-02-18 23:18:02', 1500),
(1503, 'area3', 'Quirúrgicos', NULL, '2020-02-18 23:18:02', 1500),
(1504, 'area4', 'Operatorio dental', NULL, '2020-02-18 23:18:02', 1500),
(1505, 'area5', 'Educación y motivación', NULL, '2020-02-18 23:18:02', 1500),
(1506, 'area6', 'Fluorterapia', NULL, '2020-02-18 23:18:02', 1500),
(1507, 'area7', 'Sellantes o resinas preventivas', NULL, '2020-02-18 23:18:02', 1500),
(1508, 'area8', 'Control de dieta', NULL, '2020-02-18 23:18:02', 1500),
(1509, 'area9', 'Control de hábitos', NULL, '2020-02-18 23:18:02', 1500),
(1510, 'area10', 'Otras terapias complementarias', NULL, '2020-02-18 23:18:02', 1500),
(1511, 'alergia', 'Alergias', NULL, '2020-02-18 23:18:02', NULL),
(1512, 'aler_penici', 'Penicilinas', NULL, '2020-02-18 23:18:02', 1511),
(1513, 'aler_sulfas', 'Sulfas', NULL, '2020-02-18 23:18:02', 1511),
(1514, 'aler_pari', 'Parizolonas', NULL, '2020-02-18 23:18:02', 1511),
(1515, 'aler_aspi', 'Aspirina', NULL, '2020-02-18 23:18:02', 1511),
(1516, 'aler_acetam', 'Acetaminofén', NULL, '2020-02-18 23:18:02', 1511),
(1517, 'aler_sedantes', 'Sedantes', NULL, '2020-02-18 23:18:02', 1511),
(1518, 'aler_anest', 'Anestésico local', NULL, '2020-02-18 23:18:02', 1511),
(1519, 'aler_alimen', 'Alimentos', NULL, '2020-02-18 23:18:02', 1511),
(1520, 'aler_polen', 'Polen', NULL, '2020-02-18 23:18:02', 1511),
(1521, 'aler_pelo', 'Pelo o pluma de animales', NULL, '2020-02-18 23:18:02', 1511),
(1522, 'aler_otro', 'Otra', NULL, '2020-02-18 23:18:02', 1511),
(1523, 'enfermedades_ficha', 'Padecimiento actual de enfermedades', NULL, '2020-02-18 23:18:02', NULL),
(1524, 'enfer_hipertension', 'Hipertensión arterial', NULL, '2020-02-18 23:18:02', 1523),
(1525, 'enfer_diabetes', 'Diabetes Mellitus', NULL, '2020-02-18 23:18:02', 1523),
(1526, 'enfer_angina', 'Angia de pecho', NULL, '2020-02-18 23:18:02', 1523),
(1527, 'enfer_soplo', 'Soplo cardíaco', NULL, '2020-02-18 23:18:02', 1523),
(1528, 'enfer_arritmia', 'Arritmia', NULL, '2020-02-18 23:18:02', 1523),
(1529, 'enfer_colesterol', 'Colesterol alto', NULL, '2020-02-18 23:18:02', 1523),
(1530, 'enfer_obesidad', 'Obesidad', NULL, '2020-02-18 23:18:02', 1523),
(1531, 'enfer_hipertiroidimos', 'Hipertiroidismo', NULL, '2020-02-18 23:18:02', 1523),
(1532, 'enfer_hipotiroidismo', 'Hipotiroidismo', NULL, '2020-02-18 23:18:02', 1523),
(1533, 'enfer_rinitis', 'Rinitis alérgica', NULL, '2020-02-18 23:18:02', 1523),
(1534, 'enfer_asma', 'Asma bronquial', NULL, '2020-02-18 23:18:02', 1523),
(1535, 'enfer_migraña', 'Migraña', NULL, '2020-02-18 23:18:02', 1523),
(1536, 'enfer_epilepsia', 'Epilepsia', NULL, '2020-02-18 23:18:02', 1523),
(1537, 'enfer_parkinson', 'Parkinson', NULL, '2020-02-18 23:18:02', 1523),
(1538, 'enfer_alzheimer', 'Alzheimer', NULL, '2020-02-18 23:18:02', 1523),
(1539, 'enfer_depresion', 'Depresión', NULL, '2020-02-18 23:18:02', 1523),
(1540, 'enfer_gastritis', 'Gastritis', NULL, '2020-02-18 23:18:02', 1523),
(1541, 'enfer_ulcera', 'Úlcera péptica', NULL, '2020-02-18 23:18:02', 1523),
(1542, 'enfer_colitis', 'Colitis nerviosa', NULL, '2020-02-18 23:18:02', 1523),
(1543, 'enfer_hemorroides', 'Hemorroides', NULL, '2020-02-18 23:18:02', 1523),
(1544, 'enfer_anemia', 'Anemia', NULL, '2020-02-18 23:18:02', 1523),
(1545, 'enfer_vih', 'VIH+ o SIDA', NULL, '2020-02-18 23:18:02', 1523),
(1546, 'enfer_cancer', 'Cáncer', NULL, '2020-02-18 23:18:02', 1523),
(1547, 'enfer_vitigilo', 'Vitigilo', NULL, '2020-02-18 23:18:02', 1523),
(1548, 'enfer_dermatitis', 'Dermatitis atópica', NULL, '2020-02-18 23:18:02', 1523),
(1549, 'enfer_artritis', 'Artritis reumatoide', NULL, '2020-02-18 23:18:02', 1523),
(1550, 'enfer_osteoartritis', 'Osteoartritis', NULL, '2020-02-18 23:18:02', 1523),
(1551, 'enfer_osteoporosis', 'Osteoporosis', NULL, '2020-02-18 23:18:02', 1523),
(1552, 'enfer_hiperuricemia', 'Hiperuricemia', NULL, '2020-02-18 23:18:02', 1523),
(1553, 'enfer_mastopatia', 'Mastopatia fibroquistica', NULL, '2020-02-18 23:18:02', 1523),
(1554, 'enfer_quistes', 'Quistes ováricos', NULL, '2020-02-18 23:18:02', 1523),
(1555, 'enfer_urinaria', 'Infección urinaria', NULL, '2020-02-18 23:18:02', 1523),
(1556, 'enfer_calculos', 'Cálculos', NULL, '2020-02-18 23:18:02', 1523),
(1557, 'enfer_otros', 'Otros', NULL, '2020-02-18 23:18:02', 1523),
(1558, 'historial_enfermedades', 'Historial de enfermedades', NULL, '2020-02-18 23:18:02', NULL),
(1559, 'hist_enfer_sarampion', 'Sarampión', NULL, '2020-02-18 23:18:02', 1558),
(1560, 'hist_enfer_varicela', 'Varicela', NULL, '2020-02-18 23:18:02', 1558),
(1561, 'hist_enfer_fiebre', 'Fiebre reumática', NULL, '2020-02-18 23:18:02', 1558),
(1562, 'hist_enfer_hepatitis', 'Hepatitis', NULL, '2020-02-18 23:18:02', 1558),
(1563, 'hist_enfer_infarto', 'Infarto al Miocardio', NULL, '2020-02-18 23:18:02', 1558),
(1564, 'hist_enfer_cancer', 'Cáncer', NULL, '2020-02-18 23:18:02', 1558),
(1565, 'hist_enfer_tuberculosis', 'Tuberculosis', NULL, '2020-02-18 23:18:02', 1558),
(1566, 'hist_enfer_sifilis', 'Sífilis', NULL, '2020-02-18 23:18:02', 1558),
(1567, 'hist_enfer_ulcera', 'Ulcera péptica', NULL, '2020-02-18 23:18:02', 1558),
(1568, 'hist_enfer_anemia', 'Anemia', NULL, '2020-02-18 23:18:02', 1558),
(1569, 'hist_enfer_otra', 'Otra', NULL, '2020-02-18 23:18:02', 1558),
(1570, 'historial_enfermedades_familiares', 'Historial de enfermedades familiares', NULL, '2020-02-18 23:18:02', NULL),
(1571, 'hist_enfer_fam_hiper', 'Hipertensión', NULL, '2020-02-18 23:18:02', 1570),
(1572, 'hist_enfer_fam_diabetes', 'Diabetes Mellitus', NULL, '2020-02-18 23:18:02', 1570),
(1573, 'hist_enfer_fam_infarto', 'Infarto al Miocardio', NULL, '2020-02-18 23:18:02', 1570),
(1574, 'hist_enfer_fam_embolia', 'Embolia cerebral', NULL, '2020-02-18 23:18:02', 1570),
(1575, 'hist_enfer_fam_esquizofrenia', 'Esquizofrenia', NULL, '2020-02-18 23:18:02', 1570),
(1576, 'hist_enfer_fam_migraña', 'Migraña', NULL, '2020-02-18 23:18:02', 1570),
(1577, 'hist_enfer_fam_alcoholismo', 'Alcoholismo', NULL, '2020-02-18 23:18:02', 1570),
(1578, 'hist_enfer_fam_adiccion', 'Adicción a drogas', NULL, '2020-02-18 23:18:02', 1570),
(1579, 'hist_enfer_fam_cancer', 'Cáncer', NULL, '2020-02-18 23:18:02', 1570),
(1580, 'hist_enfer_fam_asma', 'Asma', NULL, '2020-02-18 23:18:02', 1570),
(1581, 'hist_enfer_fam_artritis', 'Artritis reumatoide', NULL, '2020-02-18 23:18:02', 1570),
(1582, 'hist_enfer_fam_hipertiro', 'Hipertiroidismo', NULL, '2020-02-18 23:18:02', 1570),
(1583, 'hist_enfer_fam_hipotiro', 'Hipotiroidismo', NULL, '2020-02-18 23:18:02', 1570),
(1584, 'hist_enfer_fam_obesidad', 'Obesidad', NULL, '2020-02-18 23:18:02', 1570),
(1585, 'hist_enfer_fam_vih', 'VIH+ o SIDA', NULL, '2020-02-18 23:18:02', 1570),
(1586, 'hist_enfer_fam_malfor', 'Malformación congénita', NULL, '2020-02-18 23:18:02', 1570),
(1587, 'hist_enfer_fam_otra', 'Otra', NULL, '2020-02-18 23:18:02', 1570),
(1588, 'lesiones_tejidos', 'Lesión en tejido blando', NULL, '2020-02-18 23:18:02', NULL),
(1589, 'lesion_tej_blan_si', 'Sí', NULL, '2020-02-18 23:18:02', 1588),
(1590, 'lesion_tej_blan_no', 'No', NULL, '2020-02-18 23:18:02', 1588),
(1591, 'lesion_tej_blan_exudado', 'Exudado', NULL, '2020-02-18 23:18:02', 1588),
(1592, 'lesion_tej_blan_sangrado', 'Sangramiento', NULL, '2020-02-18 23:18:02', 1588),
(1593, 'lesiones_tejido_consistencia', 'Consitencia de la lesión de tejido blando', NULL, '2020-02-18 23:18:02', NULL),
(1594, 'lesion_tej_blan_blanda', 'Blanda', NULL, '2020-02-18 23:18:02', 1593),
(1595, 'lesion_tej_blan_firme', 'Firme', NULL, '2020-02-18 23:18:02', 1593),
(1596, 'lesion_tej_blan_dura', 'Dura', NULL, '2020-02-18 23:18:02', 1593),
(1597, 'lesiones_tejido_tipo', 'Tipo de la lesión de tejido blando', NULL, '2020-02-18 23:18:02', NULL),
(1598, 'lesion_tej_blan_ulcera', 'Úlcera', NULL, '2020-02-18 23:18:02', 1597),
(1599, 'lesion_tej_blan_mancha', 'Mancha', NULL, '2020-02-18 23:18:02', 1597),
(1600, 'lesion_tej_blan_vesicula', 'Vesícula', NULL, '2020-02-18 23:18:02', 1597),
(1601, 'lesion_tej_blan_fisura', 'Fisura', NULL, '2020-02-18 23:18:02', 1597),
(1602, 'medicamentos', 'Medicamentos', NULL, '2020-02-18 23:18:02', NULL),
(1603, 'medica_aine', 'AINE', NULL, '2020-02-18 23:18:02', 1602),
(1604, 'medica_acido', 'Antiácido', NULL, '2020-02-18 23:18:02', 1602),
(1605, 'medica_arritmico', 'Antiarrítmico', NULL, '2020-02-18 23:18:02', 1602),
(1606, 'medica_biotico', 'Antibiótico', NULL, '2020-02-18 23:18:02', 1602),
(1607, 'medica_coagulante', 'Anticoagulante', NULL, '2020-02-18 23:18:02', 1602),
(1608, 'medica_conceptivo', 'Anticonceptivo', NULL, '2020-02-18 23:18:02', 1602),
(1609, 'medica_convulsivo', 'Anticonvulsivo', NULL, '2020-02-18 23:18:02', 1602),
(1610, 'medica_depresivo', 'Antidepresivo', NULL, '2020-02-18 23:18:02', 1602),
(1611, 'medica_diarreico', 'Antidiarreico', NULL, '2020-02-18 23:18:02', 1602),
(1612, 'medica_hipertensivo', 'Antihipertensivo', NULL, '2020-02-18 23:18:02', 1602),
(1613, 'medica_histaminico', 'Antihistamínico', NULL, '2020-02-18 23:18:02', 1602),
(1614, 'medica_migrañoso', 'Antimigrañoso', NULL, '2020-02-18 23:18:02', 1602),
(1615, 'medica_neoplasico', 'Antineoplásico', NULL, '2020-02-18 23:18:02', 1602),
(1616, 'medica_parkinsonimso', 'Antiparkinsonimso', NULL, '2020-02-18 23:18:02', 1602),
(1617, 'medica_psicotico', 'Antipsicótico', NULL, '2020-02-18 23:18:02', 1602),
(1618, 'medica_tiroideo', 'Antitiroideo', NULL, '2020-02-18 23:18:02', 1602),
(1619, 'medica_bronco', 'Broncodilatador', NULL, '2020-02-18 23:18:02', 1602),
(1620, 'medica_cortico', 'Corticoesteroide', NULL, '2020-02-18 23:18:02', 1602),
(1621, 'medica_digitalico', 'Digitálico', NULL, '2020-02-18 23:18:02', 1602),
(1622, 'medica_hipnotico', 'Hipnótico', NULL, '2020-02-18 23:18:02', 1602),
(1623, 'medica_gluceminante', 'Hipogluceminante', NULL, '2020-02-18 23:18:02', 1602),
(1624, 'medica_hormona', 'Hormona tiroidea', NULL, '2020-02-18 23:18:02', 1602),
(1625, 'medica_otro', 'Otro', NULL, '2020-02-18 23:18:02', 1602),
(1626, 'molestias', 'Molestias actuales', NULL, '2020-02-18 23:18:02', NULL),
(1627, 'moles_poliuria', 'Poliuria', NULL, '2020-02-18 23:18:02', 1626),
(1628, 'moles_polidipsia', 'Polidipsia', NULL, '2020-02-18 23:18:02', 1626),
(1629, 'moles_polifagia', 'Polifagia', NULL, '2020-02-18 23:18:02', 1626),
(1630, 'moles_peso', 'Pérdida de peso', NULL, '2020-02-18 23:18:02', 1626),
(1631, 'moles_sequedad', 'Sequedad bucal', NULL, '2020-02-18 23:18:02', 1626),
(1632, 'moles_nicturia', 'Nicturia', NULL, '2020-02-18 23:18:02', 1626),
(1633, 'moles_disnea', 'Disnea', NULL, '2020-02-18 23:18:02', 1626),
(1634, 'moles_tos', 'Tos', NULL, '2020-02-18 23:18:02', 1626),
(1635, 'moles_expectoracion', 'Expectoración', NULL, '2020-02-18 23:18:02', 1626),
(1636, 'moles_rinorrea', 'Rinorrea', NULL, '2020-02-18 23:18:02', 1626),
(1637, 'moles_precordial', 'Dolor precordial', NULL, '2020-02-18 23:18:02', 1626),
(1638, 'moles_palpitaciones', 'Palpitaciones', NULL, '2020-02-18 23:18:02', 1626),
(1639, 'moles_edema', 'Edema', NULL, '2020-02-18 23:18:02', 1626),
(1640, 'moles_mareo', 'Mareo o vértigo', NULL, '2020-02-18 23:18:02', 1626),
(1641, 'moles_fatiga', 'Fatiga', NULL, '2020-02-18 23:18:02', 1626),
(1642, 'moles_desmayos', 'Desmayos', NULL, '2020-02-18 23:18:02', 1626),
(1643, 'moles_fiebre', 'Fiebre', NULL, '2020-02-18 23:18:02', 1626),
(1644, 'moles_diaforesis', 'Diaforesis', NULL, '2020-02-18 23:18:02', 1626),
(1645, 'moles_intolerancia', 'Intolerancia al frio o calor', NULL, '2020-02-18 23:18:02', 1626),
(1646, 'moles_piel', 'Sequedad piel', NULL, '2020-02-18 23:18:02', 1626),
(1647, 'moles_cefalea', 'Cefalea', NULL, '2020-02-18 23:18:02', 1626),
(1648, 'moles_otalgia', 'Otalgia', NULL, '2020-02-18 23:18:02', 1626),
(1649, 'moles_parestesia', 'Parestesia', NULL, '2020-02-18 23:18:02', 1626),
(1650, 'moles_paresia', 'Paresia', NULL, '2020-02-18 23:18:02', 1626),
(1651, 'moles_nerviosismo', 'Nerviosismo', NULL, '2020-02-18 23:18:02', 1626),
(1652, 'moles_temblores', 'Temblores', NULL, '2020-02-18 23:18:02', 1626),
(1653, 'moles_diplopia', 'Diplopia', NULL, '2020-02-18 23:18:02', 1626),
(1654, 'moles_fosfenos', 'Fosfenos', NULL, '2020-02-18 23:18:02', 1626),
(1655, 'moles_escotomas', 'Escotomas', NULL, '2020-02-18 23:18:02', 1626),
(1656, 'moles_hipoacusia', 'Hipoacusia', NULL, '2020-02-18 23:18:02', 1626),
(1657, 'moles_acufenos', 'Acúfenos', NULL, '2020-02-18 23:18:02', 1626),
(1658, 'moles_disgeusia', 'Disgeusia', NULL, '2020-02-18 23:18:02', 1626),
(1659, 'moles_nausea', 'Náusea', NULL, '2020-02-18 23:18:02', 1626),
(1660, 'moles_vomito', 'Vómito', NULL, '2020-02-18 23:18:02', 1626),
(1661, 'moles_hiporexia', 'Hiporexia', NULL, '2020-02-18 23:18:02', 1626),
(1662, 'moles_diarrea', 'Diarrea', NULL, '2020-02-18 23:18:02', 1626),
(1663, 'moles_abdominal', 'Dolor abdominal', NULL, '2020-02-18 23:18:02', 1626),
(1664, 'moles_melena', 'Melena', NULL, '2020-02-18 23:18:02', 1626),
(1665, 'moles_petequias', 'Petequias', NULL, '2020-02-18 23:18:02', 1626),
(1666, 'moles_equimosis', 'Equimosis', NULL, '2020-02-18 23:18:02', 1626),
(1667, 'moles_epistaxis', 'Epistaxis', NULL, '2020-02-18 23:18:02', 1626),
(1668, 'moles_hematuria', 'Hematuria', NULL, '2020-02-18 23:18:02', 1626),
(1669, 'moles_coluria', 'Coluria', NULL, '2020-02-18 23:18:02', 1626),
(1670, 'moles_disuria', 'Disuria', NULL, '2020-02-18 23:18:02', 1626),
(1671, 'moles_prurito', 'Prurito', NULL, '2020-02-18 23:18:02', 1626),
(1672, 'moles_cutanea', 'Erupción cutánea', NULL, '2020-02-18 23:18:02', 1626),
(1673, 'moles_cambios', 'Cambios color de piel', NULL, '2020-02-18 23:18:02', 1626),
(1674, 'moles_artralgias', 'Artralgias', NULL, '2020-02-18 23:18:02', 1626),
(1675, 'moles_otros', 'Otra', NULL, '2020-02-18 23:18:02', 1626),
(1676, 'en_mujeres', 'En mujeres', NULL, '2020-02-18 23:18:02', NULL),
(1677, 'muje_embarazo', 'Embarazo', NULL, '2020-02-18 23:18:02', 1676),
(1678, 'muje_toxemia', 'Toxemia embarazo', NULL, '2020-02-18 23:18:02', 1676),
(1679, 'muje_disminorrea', 'Disminorrea', NULL, '2020-02-18 23:18:02', 1676),
(1680, 'muje_fur', 'FUR', NULL, '2020-02-18 23:18:02', 1676),
(1681, 'muje_lactancia', 'Lactancia', NULL, '2020-02-18 23:18:02', 1676),
(1682, 'muje_sangrado', 'Sangrado anormal', NULL, '2020-02-18 23:18:02', 1676),
(1683, 'muje_menopausia', 'Menopausia', NULL, '2020-02-18 23:18:02', 1676),
(1684, 'muje_papani', 'Papanicolau', NULL, '2020-02-18 23:18:02', 1676),
(1685, 'muje_menorrea', 'Menorrea', NULL, '2020-02-18 23:18:02', 1676),
(1686, 'muje_sexual', 'Actividad sexual', NULL, '2020-02-18 23:18:02', 1676),
(1687, 'orientacion_sexual', 'Orientación sexual', NULL, '2020-02-18 23:18:02', NULL),
(1688, 'orienta_hetero', 'Heterosexual', NULL, '2020-02-18 23:18:02', 1687),
(1689, 'orienta_homo', 'Homosexual', NULL, '2020-02-18 23:18:02', 1687),
(1690, 'orienta_bi', 'Bisexual', NULL, '2020-02-18 23:18:02', 1687),
(1691, 'padecimiento_bucal', 'Padecimientos Bucales', NULL, '2020-02-18 23:18:02', NULL),
(1692, 'pad_buc_revision', 'Revisión', NULL, '2020-02-18 23:18:02', 1691),
(1693, 'pad_buc_rehabilitacion', 'Rehabilitación', NULL, '2020-02-18 23:18:02', 1691),
(1694, 'pad_buc_estetica', 'Estética dental', NULL, '2020-02-18 23:18:02', 1691),
(1695, 'pad_buc_movilidad', 'Movilidad dental', NULL, '2020-02-18 23:18:02', 1691),
(1696, 'pad_buc_perdida', 'Pérdida de dientes', NULL, '2020-02-18 23:18:02', 1691),
(1697, 'pad_buc_maloclusion', 'Dientes en maloclusión', NULL, '2020-02-18 23:18:02', 1691),
(1698, 'pad_buc_caries', 'Caries', NULL, '2020-02-18 23:18:02', 1691),
(1699, 'pad_buc_dolor_dental', 'Dolor dental', NULL, '2020-02-18 23:18:02', 1691),
(1700, 'pad_buc_dolor_ATM', 'Dolor de ATM', NULL, '2020-02-18 23:18:02', 1691),
(1701, 'pad_buc_trismus', 'Trismus', NULL, '2020-02-18 23:18:02', 1691),
(1702, 'pad_buc_orofacial', 'Dolor orofacial', NULL, '2020-02-18 23:18:02', 1691),
(1703, 'pad_buc_dentoalveolar', 'Trauma dentoalveolar', NULL, '2020-02-18 23:18:02', 1691),
(1704, 'pad_buc_sangrado', 'Sangrado de encía', NULL, '2020-02-18 23:18:02', 1691),
(1705, 'pad_buc_agrandamiento', 'Agrandamiento', NULL, '2020-02-18 23:18:02', 1691),
(1706, 'pad_buc_halitosis', 'Halitosis', NULL, '2020-02-18 23:18:02', 1691),
(1707, 'pad_buc_limpieza', 'Limpieza dental', NULL, '2020-02-18 23:18:02', 1691),
(1708, 'pad_buc_tratamientos', 'Continuar tratamientos', NULL, '2020-02-18 23:18:02', 1691),
(1709, 'pad_buc_otros', 'Otros', NULL, '2020-02-18 23:18:02', 1691),
(1710, 'referencia', 'Tipo de referencia', NULL, '2020-02-18 23:18:02', NULL),
(1711, 'ref_priv', 'Privada', NULL, '2020-02-18 23:18:02', 1710),
(1712, 'ref_udes', 'UDES', NULL, '2020-02-18 23:18:02', 1710),
(1713, 'ref_hosp', 'Hospital', NULL, '2020-02-18 23:18:02', 1710),
(1714, 'ref_sani', 'Sanidad Militar', NULL, '2020-02-18 23:18:02', 1710),
(1715, 'ref_pnc', 'PNC', NULL, '2020-02-18 23:18:02', 1710),
(1716, 'ref_otros', 'Otros', NULL, '2020-02-18 23:18:02', 1710),
(1717, 'sustancias', 'Historial del consumo de sustancias', NULL, '2020-02-18 23:18:02', NULL),
(1718, 'sustan_alcohol', 'Alcohol', NULL, '2020-02-18 23:18:02', 1717),
(1719, 'sustan_tabaco', 'Tabaco', NULL, '2020-02-18 23:18:02', 1717),
(1720, 'sustan_marihuana', 'Marihuana', NULL, '2020-02-18 23:18:02', 1717),
(1721, 'sustan_cocaina', 'Cocaína', NULL, '2020-02-18 23:18:02', 1717),
(1722, 'sustan_anfetaminas', 'Anfetaminas', NULL, '2020-02-18 23:18:02', 1717),
(1723, 'sustan_otra', 'Otra', NULL, '2020-02-18 23:18:02', 1717),
(1724, 'transfuciones', 'Historial de transfuciones sanguíneas', NULL, '2020-02-18 23:18:02', NULL),
(1725, 'transfuciones_si', 'Sí', NULL, '2020-02-18 23:18:02', 1724),
(1726, 'transfuciones_no', 'No', NULL, '2020-02-18 23:18:02', 1724),
(1727, 'traumatismos', 'Historial de operaciones o traumatismos', NULL, '2020-02-18 23:18:02', NULL),
(1728, 'trauma_extracc', 'Extracción dental', NULL, '2020-02-18 23:18:02', 1727),
(1729, 'trauma_amigda', 'Amigdaloctemía', NULL, '2020-02-18 23:18:02', 1727),
(1730, 'trauma_apendi', 'Apendicectomia', NULL, '2020-02-18 23:18:02', 1727),
(1731, 'trauma_cesar', 'Cesárea', NULL, '2020-02-18 23:18:02', 1727),
(1732, 'trauma_histere', 'Histerectomía', NULL, '2020-02-18 23:18:02', 1727),
(1733, 'trauma_salpin', 'Salpingoclasia', NULL, '2020-02-18 23:18:02', 1727),
(1734, 'trauma_colecis', 'Colecistectomia', NULL, '2020-02-18 23:18:02', 1727),
(1735, 'trauma_fracturas', 'Fracturas', NULL, '2020-02-18 23:18:02', 1727),
(1736, 'trauma_quema', 'Quemaduras', NULL, '2020-02-18 23:18:02', 1727),
(1737, 'trauma_herida', 'Heridas de bala o punzantes', NULL, '2020-02-18 23:18:02', 1727),
(1738, 'trauma_otro', 'Otros', NULL, '2020-02-18 23:18:02', 1727),
(1739, 'vivienda_material', 'Material de la vivienda', NULL, '2020-02-18 23:18:02', NULL),
(1740, 'vivi_mat_concreto', 'Concreto', NULL, '2020-02-18 23:18:02', 1739),
(1741, 'vivi_mat_adobe', 'Adobe', NULL, '2020-02-18 23:18:02', 1739),
(1742, 'vivi_mat_madera', 'Madera', NULL, '2020-02-18 23:18:02', 1739),
(1743, 'vivi_mat_lamina', 'Lámina', NULL, '2020-02-18 23:18:02', 1739),
(1744, 'vivi_mat_otro', 'Otro', NULL, '2020-02-18 23:18:02', 1739),
(1745, 'vivienda_servicios', 'Servicios en la vivienda', NULL, '2020-02-18 23:18:02', NULL),
(1746, 'vivi_ser_agua', 'Agua', NULL, '2020-02-18 23:18:02', 1745),
(1747, 'vivi_ser_drenaje', 'Drenaje', NULL, '2020-02-18 23:18:02', 1745),
(1748, 'vivi_ser_ventilacion', 'Ventilación', NULL, '2020-02-18 23:18:02', 1745),
(1749, 'lesion_113', 'RC6', NULL, '2020-05-22 06:00:00', 1455),
(1750, 'lesion_114', 'RC6', NULL, '2020-05-22 06:00:00', 1443),
(1751, 'lesion_115', 'Reabsorción Interna', NULL, '2020-05-22 06:00:00', 1481),
(1752, 'lesion_116', 'Reabsorción Externa', NULL, '2020-05-22 06:00:00', 1481),
(1753, 'lesion_117', 'Furca', NULL, '2020-05-22 06:00:00', 1481),
(1754, 'lession_118', 'Supernumerarios (Ubicación)', NULL, '2020-05-22 06:00:00', 1468);

-- --------------------------------------------------------

--
-- Table structure for table `ficha_respuestas`
--

DROP TABLE IF EXISTS `ficha_respuestas`;
CREATE TABLE IF NOT EXISTS `ficha_respuestas` (
  `id` int(11) UNSIGNED NOT NULL AUTO_INCREMENT,
  `opciones_pregunta_fk` int(11) UNSIGNED DEFAULT NULL,
  `respuesta_fk` int(11) UNSIGNED DEFAULT NULL,
  `ficha_fk` int(11) DEFAULT NULL,
  `descripcion` varchar(250) COLLATE utf8mb4_unicode_ci DEFAULT NULL,
  `unidades` varchar(30) COLLATE utf8mb4_unicode_ci DEFAULT NULL,
  PRIMARY KEY (`id`),
  KEY `opciones_respuesta_fk` (`opciones_pregunta_fk`),
  KEY `ficha_fk` (`ficha_fk`),
  KEY `ficha_respuestas_ibfk_2` (`respuesta_fk`)
) ENGINE=InnoDB AUTO_INCREMENT=44810 DEFAULT CHARSET=utf8mb4 COLLATE=utf8mb4_unicode_ci;

--
-- Dumping data for table `ficha_respuestas`
--

INSERT INTO `ficha_respuestas` (`id`, `opciones_pregunta_fk`, `respuesta_fk`, `ficha_fk`, `descripcion`, `unidades`) VALUES
(43454, 542, NULL, 5, NULL, NULL),
(43455, 542, NULL, 6, NULL, NULL),
(44630, 527, NULL, 2, 'Antecedentes familiares adicionales', NULL),
(44631, 528, NULL, 2, 'Antecedentes Odontologicos', NULL),
(44632, 579, NULL, 2, 'Otros historia prenatal', NULL),
(44633, 585, NULL, 2, 'Otros medicamentos en el embarazo', NULL),
(44634, 514, NULL, 2, '2', NULL),
(44635, 37, NULL, 2, '2.1', 'Kilogramos'),
(44636, 38, NULL, 2, '24', NULL),
(44637, 529, NULL, 2, NULL, NULL),
(44638, 50, NULL, 2, '15', 'Meses'),
(44639, 52, NULL, 2, '12', 'Años'),
(44640, 54, NULL, 2, '2', 'Años'),
(44641, 56, NULL, 2, '4', 'Años'),
(44642, 57, NULL, 2, '6', 'Meses'),
(44643, 58, NULL, 2, '12', 'Meses'),
(44644, 59, NULL, 2, '3', 'Años'),
(44645, 530, NULL, 2, 'enfermedades adicionales', NULL),
(44646, 103, NULL, 2, 'dolor abdominal', NULL),
(44647, 105, NULL, 2, NULL, NULL),
(44648, 106, NULL, 2, NULL, NULL),
(44649, 115, NULL, 2, NULL, NULL),
(44650, 117, NULL, 2, NULL, NULL),
(44651, 531, NULL, 2, NULL, NULL),
(44652, 615, NULL, 2, '5', 'Meses'),
(44653, 130, NULL, 2, NULL, NULL),
(44654, 693, NULL, 2, NULL, NULL),
(44655, 165, NULL, 2, 'leche, verduras y jugos', NULL),
(44656, 172, NULL, 2, 'carne y pollo', NULL),
(44657, 256, NULL, 2, 'pan cafe', NULL),
(44658, 257, NULL, 2, 'dulces galletas', NULL),
(44659, 258, NULL, 2, 'carne pollo, ensalada, pastas', NULL),
(44660, 259, NULL, 2, 'pan dulce', NULL),
(44661, 260, NULL, 2, 'frijol, platano, aguacate, pan frances', NULL),
(44662, 284, NULL, 2, '122', 'centímetros'),
(44663, 347, NULL, 2, '46', 'libras'),
(44664, 413, NULL, 2, NULL, NULL),
(44665, 694, NULL, 2, 'explicacion encias', NULL),
(44666, 695, NULL, 2, 'explicacion mucosa bucal', NULL),
(44667, 696, NULL, 2, 'explicacion piso bucal', NULL),
(44668, 697, NULL, 2, 'explicacion paladar duro', NULL),
(44669, 698, NULL, 2, 'explicacion paladar blando', NULL),
(44670, 699, NULL, 2, NULL, NULL),
(44671, 700, NULL, 2, 'otros habitos parafuncionales', NULL),
(44672, 480, NULL, 2, NULL, NULL),
(44673, 490, NULL, 2, NULL, NULL),
(44674, 703, NULL, 2, NULL, NULL),
(44675, 704, NULL, 2, NULL, NULL),
(44676, 701, NULL, 2, NULL, NULL),
(44677, 513, NULL, 2, NULL, NULL),
(44678, 702, NULL, 2, NULL, NULL),
(44679, 706, NULL, 2, 'Explicacion de hobbies', NULL),
(44680, 708, NULL, 2, 'Explicacion deportes', NULL),
(44681, 710, NULL, 2, 'Explicacion mascotas', NULL),
(44682, 712, NULL, 2, 'programas preferidos', NULL),
(44683, 714, NULL, 2, 'Musica preferida', NULL),
(44684, 716, NULL, 2, 'Fobias explicacion', NULL),
(44685, 718, NULL, 2, 'recompensas explicacion', NULL),
(44686, 720, NULL, 2, 'castigos recibidos', NULL),
(44687, 722, NULL, 2, 'otras actividades', NULL),
(44688, 734, NULL, 2, 'otras aspectos de aprendizaje', NULL),
(44689, 744, NULL, 2, 'Experiencia y Comportamiento en la consulta Odontológica explicacion', NULL),
(44690, 737, NULL, 2, 'Diagnóstico Médico2', NULL),
(44691, 738, NULL, 2, 'Diagnóstico Periodontal2', NULL),
(44692, 739, NULL, 2, 'Tipo de Caries2', NULL),
(44693, 740, NULL, 2, 'Alteraciones Pulpares2', NULL),
(44694, 741, NULL, 2, 'Patologías de Tejidos Duros o Blandos', NULL),
(44695, 742, NULL, 2, 'Maloclusiones2', NULL),
(44696, 743, NULL, 2, 'Riesgo Cariogénic2', NULL),
(44697, 525, NULL, 2, NULL, NULL),
(44698, 534, NULL, 2, NULL, NULL),
(44699, 535, NULL, 2, NULL, NULL),
(44700, 536, NULL, 2, NULL, NULL),
(44701, 526, NULL, 2, NULL, NULL),
(44702, 532, NULL, 2, NULL, NULL),
(44703, 1, NULL, 2, NULL, NULL),
(44704, 2, NULL, 2, NULL, NULL),
(44705, 6, NULL, 2, NULL, NULL),
(44706, 559, NULL, 2, NULL, NULL),
(44707, 560, NULL, 2, NULL, NULL),
(44708, 564, NULL, 2, NULL, NULL),
(44709, 567, NULL, 2, NULL, NULL),
(44710, 568, NULL, 2, NULL, NULL),
(44711, 566, NULL, 2, NULL, NULL),
(44712, 580, NULL, 2, NULL, NULL),
(44713, 581, NULL, 2, NULL, NULL),
(44714, 35, NULL, 2, NULL, NULL),
(44715, 39, NULL, 2, NULL, NULL),
(44716, 49, NULL, 2, NULL, NULL),
(44717, 51, NULL, 2, NULL, NULL),
(44718, 53, NULL, 2, NULL, NULL),
(44719, 55, NULL, 2, NULL, NULL),
(44720, 60, NULL, 2, 'Si ha presentado convulsiones. Aqui se detallan', NULL),
(44721, 63, NULL, 2, 'Se ha detectado soplo cardiaco.', NULL),
(44722, 62, NULL, 2, NULL, NULL),
(44723, 66, NULL, 2, NULL, NULL),
(44724, 68, NULL, 2, NULL, NULL),
(44725, 87, NULL, 2, NULL, NULL),
(44726, 94, NULL, 2, NULL, NULL),
(44727, 692, NULL, 2, NULL, NULL),
(44728, 102, NULL, 2, NULL, NULL),
(44729, 119, NULL, 2, NULL, NULL),
(44730, 120, NULL, 2, NULL, NULL),
(44731, 121, NULL, 2, NULL, NULL),
(44732, 122, NULL, 2, NULL, NULL),
(44733, 123, NULL, 2, NULL, NULL),
(44734, 124, NULL, 2, NULL, NULL),
(44735, 125, NULL, 2, NULL, NULL),
(44736, 126, NULL, 2, NULL, NULL),
(44737, 127, NULL, 2, NULL, NULL),
(44738, 128, NULL, 2, NULL, NULL),
(44739, 118, NULL, 2, NULL, NULL),
(44740, 133, NULL, 2, NULL, NULL),
(44741, 136, NULL, 2, NULL, NULL),
(44742, 144, NULL, 2, NULL, NULL),
(44743, 145, NULL, 2, NULL, NULL),
(44744, 146, NULL, 2, NULL, NULL),
(44745, 149, NULL, 2, NULL, NULL),
(44746, 150, NULL, 2, NULL, NULL),
(44747, 182, NULL, 2, NULL, NULL),
(44748, 184, NULL, 2, NULL, NULL),
(44749, 185, NULL, 2, NULL, NULL),
(44750, 187, NULL, 2, NULL, NULL),
(44751, 194, NULL, 2, NULL, NULL),
(44752, 197, NULL, 2, NULL, NULL),
(44753, 198, NULL, 2, NULL, NULL),
(44754, 409, NULL, 2, NULL, NULL),
(44755, 410, NULL, 2, NULL, NULL),
(44756, 419, NULL, 2, NULL, NULL),
(44757, 423, NULL, 2, NULL, NULL),
(44758, 425, NULL, 2, NULL, NULL),
(44759, 431, NULL, 2, NULL, NULL),
(44760, 434, NULL, 2, NULL, NULL),
(44761, 443, NULL, 2, NULL, NULL),
(44762, 447, NULL, 2, NULL, NULL),
(44763, 448, NULL, 2, NULL, NULL),
(44764, 455, NULL, 2, NULL, NULL),
(44765, 461, NULL, 2, NULL, NULL),
(44766, 469, NULL, 2, NULL, NULL),
(44767, 477, NULL, 2, NULL, NULL),
(44768, 486, NULL, 2, NULL, NULL),
(44769, 502, NULL, 2, NULL, NULL),
(44770, 508, NULL, 2, NULL, NULL),
(44771, 509, NULL, 2, NULL, NULL),
(44772, 510, NULL, 2, NULL, NULL),
(44773, 691, NULL, 2, NULL, NULL),
(44774, 438, NULL, 2, NULL, NULL),
(44775, 439, NULL, 2, NULL, NULL),
(44776, 442, NULL, 2, NULL, NULL),
(44777, 623, NULL, 2, NULL, NULL),
(44778, 624, NULL, 2, NULL, NULL),
(44779, 705, NULL, 2, NULL, NULL),
(44780, 707, NULL, 2, NULL, NULL),
(44781, 709, NULL, 2, NULL, NULL),
(44782, 711, NULL, 2, NULL, NULL),
(44783, 713, NULL, 2, NULL, NULL),
(44784, 715, NULL, 2, NULL, NULL),
(44785, 717, NULL, 2, NULL, NULL),
(44786, 719, NULL, 2, NULL, NULL),
(44787, 721, NULL, 2, NULL, NULL),
(44788, 723, NULL, 2, NULL, NULL),
(44789, 724, NULL, 2, NULL, NULL),
(44790, 725, NULL, 2, NULL, NULL),
(44791, 727, NULL, 2, NULL, NULL),
(44792, 728, NULL, 2, NULL, NULL),
(44793, 394, NULL, 2, NULL, NULL),
(44794, 398, NULL, 2, NULL, NULL),
(44795, 400, NULL, 2, NULL, NULL),
(44796, 404, NULL, 2, NULL, NULL),
(44797, 555, NULL, 2, NULL, NULL),
(44798, 589, NULL, 2, NULL, NULL),
(44799, 669, NULL, 2, NULL, NULL),
(44800, 613, NULL, 2, NULL, NULL),
(44801, 616, NULL, 2, NULL, NULL),
(44802, 621, NULL, 2, NULL, NULL),
(44803, 143, NULL, 2, NULL, NULL),
(44804, 162, NULL, 2, NULL, NULL),
(44805, 188, NULL, 2, NULL, NULL),
(44806, 407, NULL, 2, NULL, NULL),
(44807, 629, NULL, 2, NULL, NULL),
(44808, 633, NULL, 2, NULL, NULL),
(44809, 626, NULL, 2, NULL, NULL);

-- --------------------------------------------------------

--
-- Table structure for table `ficha_tratamiento`
--

DROP TABLE IF EXISTS `ficha_tratamiento`;
CREATE TABLE IF NOT EXISTS `ficha_tratamiento` (
  `id` int(11) NOT NULL AUTO_INCREMENT,
  `acciones_realizar` varchar(500) COLLATE utf8mb4_unicode_ci DEFAULT NULL,
  `creado` timestamp NOT NULL DEFAULT current_timestamp() ON UPDATE current_timestamp(),
  `id_evaluacion_dental` int(11) NOT NULL,
  `id_cuenta` int(11) NOT NULL,
  PRIMARY KEY (`id`),
  KEY `fk_ficha_tratamiento_evaluacion` (`id_evaluacion_dental`),
  KEY `fk_ficha_evaluacion_cuenta` (`id_cuenta`)
) ENGINE=InnoDB AUTO_INCREMENT=13 DEFAULT CHARSET=utf8mb4 COLLATE=utf8mb4_unicode_ci;

--
-- Dumping data for table `ficha_tratamiento`
--

INSERT INTO `ficha_tratamiento` (`id`, `acciones_realizar`, `creado`, `id_evaluacion_dental`, `id_cuenta`) VALUES
(6, NULL, '2020-06-16 07:02:35', 4, 411),
(8, NULL, '2020-06-16 07:02:42', 7, 411),
(11, NULL, '2020-06-16 21:20:28', 1, 411),
(12, NULL, '2020-06-16 21:20:50', 6, 411);

-- --------------------------------------------------------

--
-- Table structure for table `lesion`
--

DROP TABLE IF EXISTS `lesion`;
CREATE TABLE IF NOT EXISTS `lesion` (
  `id` int(11) NOT NULL AUTO_INCREMENT,
  `id_ficha` int(11) NOT NULL,
  `id_lesion_valor_tipo` int(11) NOT NULL,
  `creado` timestamp NOT NULL DEFAULT current_timestamp() ON UPDATE current_timestamp(),
  `pieza_dental` varchar(10) COLLATE utf8mb4_unicode_ci NOT NULL,
  PRIMARY KEY (`id`),
  KEY `fk_lesion_ficha` (`id_ficha`),
  KEY `fk_lesion_valor_tipo` (`id_lesion_valor_tipo`)
) ENGINE=InnoDB AUTO_INCREMENT=15 DEFAULT CHARSET=utf8mb4 COLLATE=utf8mb4_unicode_ci;

--
-- Dumping data for table `lesion`
--

INSERT INTO `lesion` (`id`, `id_ficha`, `id_lesion_valor_tipo`, `creado`, `pieza_dental`) VALUES
(1, 2, 1462, '2020-05-15 13:43:02', '12'),
(2, 2, 1466, '2020-05-15 13:43:02', '12'),
(3, 2, 1476, '2020-06-16 06:44:12', '21'),
(4, 2, 1470, '2020-06-16 06:44:12', '21'),
(5, 2, 1469, '2020-06-16 06:44:12', '21'),
(6, 2, 1473, '2020-06-16 06:44:12', '21'),
(7, 2, 1447, '2020-06-16 21:17:45', '41'),
(8, 2, 1457, '2020-06-16 21:17:45', '41'),
(9, 2, 1466, '2020-06-16 21:17:45', '41'),
(10, 2, 1462, '2020-06-16 21:17:45', '41'),
(11, 2, 1453, '2020-06-16 21:17:45', '41'),
(12, 2, 1473, '2020-06-16 21:17:45', '41'),
(13, 2, 1469, '2020-06-16 21:17:45', '41'),
(14, 2, 1483, '2020-06-16 21:17:45', '41');

-- --------------------------------------------------------

--
-- Table structure for table `opciones_pregunta`
--

DROP TABLE IF EXISTS `opciones_pregunta`;
CREATE TABLE IF NOT EXISTS `opciones_pregunta` (
  `id` int(11) UNSIGNED NOT NULL AUTO_INCREMENT,
  `nombre_opcion` varchar(500) COLLATE utf8mb4_unicode_ci NOT NULL,
  `pregunta_fk` int(11) UNSIGNED DEFAULT NULL,
  `pregunta_compleja` tinyint(1) DEFAULT NULL,
  `descripcion` varchar(500) COLLATE utf8mb4_unicode_ci DEFAULT NULL,
  PRIMARY KEY (`id`),
  KEY `pregunta_fk` (`pregunta_fk`)
) ENGINE=InnoDB AUTO_INCREMENT=745 DEFAULT CHARSET=utf8mb4 COLLATE=utf8mb4_unicode_ci;

--
-- Dumping data for table `opciones_pregunta`
--

INSERT INTO `opciones_pregunta` (`id`, `nombre_opcion`, `pregunta_fk`, `pregunta_compleja`, `descripcion`) VALUES
(1, 'Caries', 1, 0, NULL),
(2, 'Exodoncias', 1, 0, NULL),
(3, 'Traumatismo Dentoalveolar', 1, 0, NULL),
(4, 'Enfermedad Periodontal', 1, 0, NULL),
(5, 'Portador de aparato Intraoral', 1, 0, NULL),
(6, 'Hendidura de labio Palatina', 1, 0, NULL),
(7, 'Alteraciones del desarrollo', 1, 0, NULL),
(8, 'Supernumerarios / Ausentes', 1, 0, NULL),
(30, 'Parto Numero', 4, 1, NULL),
(31, 'Pre Termino', 4, 0, NULL),
(32, 'A Termino', 4, 0, NULL),
(33, 'Post-Termino', 4, 0, NULL),
(34, 'Natural', 4, 0, NULL),
(35, 'Forceps', 4, 0, NULL),
(36, 'Cesarea', 4, 0, NULL),
(37, '', 5, 127, 'Peso al Nacer'),
(38, '', 6, 127, 'Talla al Nacer'),
(39, 'Si', 7, 0, NULL),
(49, 'Realizada', 8, 1, 'Alimentacion Materna'),
(50, 'Duracion', 8, 127, NULL),
(51, 'Utilizada', 9, 1, 'Leche completa'),
(52, 'Edad', 9, 127, NULL),
(53, 'Utilizada', 10, 1, 'Formula'),
(54, 'Edad', 10, 127, NULL),
(55, 'Alimentos Solidos', 11, 1, NULL),
(56, 'Edad', 11, 127, NULL),
(57, 'A que edad gateo', 12, 127, NULL),
(58, 'A que edad camino', 12, 126, NULL),
(59, 'A que edad hablo', 12, 125, NULL),
(60, '¿Ha presentado convulsiones, desmayos o pérdida del conocimiento?', 13, 0, NULL),
(61, '¿Ha tenido antecedentes de traumatismo craneal?', 13, 0, NULL),
(62, '¿Tiene alguna malformación congénita?', 14, 0, NULL),
(63, '¿Le han detectado algún soplo cardíaco?', 14, 0, NULL),
(64, '¿Ha sido transfundido con sangre?', 15, 0, NULL),
(65, '¿Tiene antecedentes de anemia u otra enfermedad de la sangre?', 15, 0, NULL),
(66, '¿Presenta fácilmente hematomas o sangra con frecuencia por la nariz?', 15, 0, NULL),
(67, '¿Ha presentado algún episodio de Bronco Espasmos?', 16, 0, NULL),
(68, '¿Ha sufrido del estómago, intestino o hígado?', 17, 0, NULL),
(69, '¿Padece diarrea o trasforno estomacal con frecuencia?', 17, 0, NULL),
(70, '¿Ha presentado parásitos?', 17, 0, NULL),
(71, '¿Tiene diabetes?', 18, 0, NULL),
(72, '¿Ha presentado algún trastorno glandular(tiroides, paratiroides)?', 18, 0, NULL),
(73, '¿Ha presentado infecciones urinarias o o enfermedadesd de riñon?', 19, 0, NULL),
(74, '¿Ha presentado trastornos de la piel?', 20, 0, NULL),
(75, '¿Presenta alteraciones en las uñas o el cabello?', 20, 0, NULL),
(76, '¿Ha presentado aftas con frecuencia?', 20, 0, NULL),
(77, '¿Padece algún trastorno de la vista, audición u otros?', 21, 0, NULL),
(78, 'Anestésico local', 22, 0, NULL),
(79, 'Medio ambiente', 22, 0, NULL),
(80, 'Medicamentos', 22, 0, NULL),
(81, 'Alimentos Sólidos', 22, 0, NULL),
(82, 'Hepatitis A', 23, 0, NULL),
(83, 'Hepatitis B', 23, 0, NULL),
(84, 'Mononucleosis', 23, 0, NULL),
(85, 'Rubéola', 23, 0, NULL),
(86, 'Sarampión', 23, 0, NULL),
(87, 'Varicela', 23, 0, NULL),
(88, 'parotiditis', 23, 0, NULL),
(89, 'Sika', 23, 0, NULL),
(90, 'Dengue', 23, 0, NULL),
(91, 'Meningitis', 23, 0, NULL),
(92, 'Influenza', 23, 0, NULL),
(93, 'Rotavirus', 23, 0, NULL),
(94, 'Impétigo', 23, 0, NULL),
(95, 'Tuberculosis', 23, 0, NULL),
(96, 'Neumonia', 23, 0, NULL),
(97, 'bronquitis', 23, 0, NULL),
(98, 'Herpes', 23, 0, NULL),
(99, 'Chikungunya', 23, 0, NULL),
(100, 'Fiebre Reumática', 23, 0, NULL),
(101, 'Fiebre Amarilla', 23, 0, NULL),
(102, 'Ha asistido', 24, 1, NULL),
(103, 'Motivo', 24, 127, NULL),
(104, 'Tratamiento', 25, 1, NULL),
(105, 'Motivo', 25, 127, NULL),
(106, 'Medicamentos que toma actualmente', 26, 127, NULL),
(107, 'Medicamento2', 26, 0, NULL),
(108, 'Medicamento3', 26, 0, NULL),
(109, 'Medicamento4', 26, 0, NULL),
(110, 'Medicamento5', 26, 0, NULL),
(111, 'Medicamento6', 26, 0, NULL),
(112, 'Medicamento7', 26, 0, NULL),
(113, 'Medicamento8', 26, 0, NULL),
(114, 'Intervenciones', 27, 1, NULL),
(115, 'Cuales', 27, 127, NULL),
(116, 'Hospitalizado', 28, 1, NULL),
(117, 'Motivo', 28, 127, NULL),
(118, 'Ha recibido sus refuerzos hasta la fecha', 30, 0, NULL),
(119, 'BCG', 29, 0, NULL),
(120, 'Anti Hepatitis', 29, 0, NULL),
(121, 'Anti rotavirus', 29, 0, NULL),
(122, 'Anti Hepatitis A', 29, 0, NULL),
(123, 'Varicela', 29, 0, NULL),
(124, 'Anti Neumoccócica', 29, 0, NULL),
(125, 'Polio oral', 29, 0, NULL),
(126, 'Pentavalente', 29, 0, NULL),
(127, 'Fiebre Amarilla', 29, 0, NULL),
(128, 'Trivalente Viral', 29, 0, NULL),
(129, 'Completo', 31, 0, NULL),
(130, 'Incompleto. Explique', 31, 127, NULL),
(131, '0-4 meses', 32, 127, 'edad erup dientes prim'),
(132, 'OpcionEdadErDPerm1', 33, 127, NULL),
(133, 'Ha ocurrido', 35, 1, NULL),
(134, 'Edad', 35, 125, NULL),
(135, 'Tratamiento recibido', 35, 126, NULL),
(136, 'Ha asistido', 36, 1, NULL),
(137, 'Comportaimiento', 36, 0, NULL),
(138, 'Cuantas veces al dia se cepilla?', 37, 127, NULL),
(139, 'Si', 37, 2, '¿se cepilla solo?'),
(140, 'Quien lo cepilla?', 37, 126, NULL),
(141, 'Sin F', 38, 0, NULL),
(142, '<500ppm', 38, 0, NULL),
(143, '<1000ppm', 38, 0, NULL),
(144, 'Enjuague Bucal', 39, 0, ''),
(145, 'Azucar Pura', 40, 0, NULL),
(146, 'Leche con azucar', 40, 0, NULL),
(147, 'chicles', 40, 0, NULL),
(148, 'Refrescos', 40, 0, NULL),
(149, 'Chocolate', 40, 0, NULL),
(150, 'Pan Dulce', 40, 0, NULL),
(151, 'Pizza', 40, 0, NULL),
(152, 'Papas Fritas', 40, 0, NULL),
(153, 'Galletas Dulces', 40, 0, NULL),
(154, 'Caramelos', 40, 0, NULL),
(155, 'Jugos', 40, 0, NULL),
(156, 'Tortas', 40, 0, NULL),
(157, 'Chupetes', 40, 0, NULL),
(158, 'Mermeladas', 40, 0, NULL),
(159, '1', 41, 0, NULL),
(160, '2', 41, 0, NULL),
(161, '3', 41, 0, NULL),
(162, 'mas de 3 ', 41, 0, NULL),
(164, 'Si', 42, 0, NULL),
(165, '¿Cuales?', 42, 127, NULL),
(166, 'Alimento3', 42, 1, NULL),
(167, 'Alimento4', 42, 1, NULL),
(168, 'Alimento5', 42, 1, NULL),
(169, 'Alimento6', 42, 1, NULL),
(170, 'Alimento7', 42, 1, NULL),
(171, 'Alimento8', 42, 1, NULL),
(172, 'Prefiere', 43, 127, NULL),
(173, 'AlimentoSolido2', 43, 0, NULL),
(174, 'AlimentoSolido3', 43, 0, NULL),
(175, 'AlimentoSolido4', 43, 0, NULL),
(176, 'AlimentoSolido5', 43, 0, NULL),
(177, 'AlimentoSolido6', 43, 0, NULL),
(178, 'AlimentoSolido7', 43, 0, NULL),
(179, 'AlimentoSolido8', 43, 0, NULL),
(180, 'AlimentoSolido9', 43, 0, NULL),
(181, 'AlimentoSolido10', 43, 0, NULL),
(182, 'Si', 44, 1, '¿Toma biberón?'),
(183, 'Si', 44, 2, '¿Se duerme con el biberón?'),
(184, 'Leche entera', 44, 0, NULL),
(185, 'Leche descremada', 44, 0, NULL),
(186, 'Endulzantes', 44, 0, NULL),
(187, 'Si toma', 45, 0, NULL),
(188, '1-2', 45, 1, NULL),
(189, '2-4', 45, 1, NULL),
(190, '4 o mas', 45, 1, NULL),
(194, 'Azucar', 45, 2, NULL),
(195, 'Cereal', 45, 2, NULL),
(196, 'Chocolate', 45, 2, NULL),
(197, 'Si consume', 46, 0, NULL),
(198, 'Si consume', 47, 0, NULL),
(199, 'Frutas', 48, 0, NULL),
(200, 'Verduras', 48, 0, NULL),
(201, 'Productos Lacteos', 48, 0, NULL),
(202, 'Carne', 48, 0, NULL),
(203, 'Pescado', 48, 0, NULL),
(204, 'Huevo', 48, 0, NULL),
(205, 'Frijoles', 48, 0, NULL),
(206, 'Legumbres', 48, 0, NULL),
(207, 'Nueces', 48, 0, NULL),
(208, 'Pan', 48, 0, NULL),
(209, 'Pasta', 48, 0, NULL),
(210, 'Cereales', 48, 0, NULL),
(211, 'Arroz', 48, 0, NULL),
(212, 'Papas', 48, 0, NULL),
(213, 'Queso', 48, 0, NULL),
(214, 'Mantequilla', 48, 0, NULL),
(215, 'Reposteria', 48, 0, NULL),
(216, 'Frutas', 48, 1, NULL),
(217, 'Verduras', 48, 1, NULL),
(218, 'Productos Lacteos', 48, 1, NULL),
(219, 'Carne', 48, 1, NULL),
(220, 'Pescado', 48, 1, NULL),
(221, 'Huevo', 48, 1, NULL),
(222, 'Frijoles', 48, 1, NULL),
(223, 'Legumbres', 48, 1, NULL),
(224, 'Nueces', 48, 1, NULL),
(225, 'Pan', 48, 1, NULL),
(226, 'Pasta', 48, 1, NULL),
(227, 'Cereales', 48, 1, NULL),
(228, 'Arroz', 48, 1, NULL),
(229, 'Papas', 48, 1, NULL),
(230, 'Queso', 48, 1, NULL),
(231, 'Mantequilla', 48, 1, NULL),
(232, 'Reposteria', 48, 1, NULL),
(233, 'Frutas', 48, 2, NULL),
(234, 'Verduras', 48, 2, NULL),
(235, 'Productos Lacteos', 48, 2, NULL),
(236, 'Carne', 48, 2, NULL),
(237, 'Pescado', 48, 2, NULL),
(238, 'Huevo', 48, 2, NULL),
(239, 'Frijoles', 48, 2, NULL),
(240, 'Legumbres', 48, 2, NULL),
(241, 'Nueces', 48, 2, NULL),
(242, 'Pan', 48, 2, NULL),
(243, 'Pasta', 48, 2, NULL),
(244, 'Cereales', 48, 2, NULL),
(245, 'Arroz', 48, 2, NULL),
(246, 'Papas', 48, 2, NULL),
(247, 'Queso', 48, 2, NULL),
(248, 'Mantequilla', 48, 2, NULL),
(249, 'Reposteria', 48, 2, NULL),
(250, 'Frutas', 48, 3, NULL),
(251, 'Verduras', 48, 3, NULL),
(252, 'Productos Lacteos', 48, 3, NULL),
(253, 'Carne', 48, 3, NULL),
(254, 'Pescado', 48, 3, NULL),
(255, 'Huevo', 48, 3, NULL),
(256, 'Desayuno', 48, 127, NULL),
(257, 'Merienda', 48, 126, NULL),
(258, 'Almuerzo', 48, 125, NULL),
(259, 'Merienda', 48, 124, NULL),
(260, 'Cena', 48, 123, NULL),
(261, 'Cereales', 48, 3, NULL),
(262, 'Arroz', 48, 3, NULL),
(263, 'Papas', 48, 3, NULL),
(264, 'Queso', 48, 3, NULL),
(265, 'Mantequilla', 48, 3, NULL),
(266, 'Reposteria', 48, 3, NULL),
(267, 'Frutas', 48, 4, NULL),
(268, 'Verduras', 48, 4, NULL),
(269, 'Productos Lacteos', 48, 4, NULL),
(270, 'Carne', 48, 4, NULL),
(271, 'Pescado', 48, 4, NULL),
(272, 'Huevo', 48, 4, NULL),
(273, 'Frijoles', 48, 4, NULL),
(274, 'Legumbres', 48, 4, NULL),
(275, 'Nueces', 48, 4, NULL),
(276, 'Pan', 48, 4, NULL),
(277, 'Pasta', 48, 4, NULL),
(278, 'Cereales', 48, 4, NULL),
(279, 'Arroz', 48, 4, NULL),
(280, 'Papas', 48, 4, NULL),
(281, 'Queso', 48, 4, NULL),
(282, 'Mantequilla', 48, 4, NULL),
(283, 'Reposteria', 48, 4, NULL),
(284, 'Talla Actual', 49, 127, NULL),
(285, '62cm', 49, 0, NULL),
(286, '64cm', 49, 0, NULL),
(287, '66cm', 49, 0, NULL),
(288, '68cm', 49, 0, NULL),
(289, '70cm', 49, 0, NULL),
(290, '72cm', 49, 0, NULL),
(291, '74cm', 49, 0, NULL),
(292, '76cm', 49, 0, NULL),
(293, '78cm', 49, 0, NULL),
(294, '80cm', 49, 0, NULL),
(295, '82cm', 49, 0, NULL),
(296, '84cm', 49, 0, NULL),
(297, '86cm', 49, 0, NULL),
(298, '88cm', 49, 0, NULL),
(299, '90cm', 49, 0, NULL),
(300, '92cm', 49, 0, NULL),
(301, '94cm', 49, 0, NULL),
(302, '96cm', 49, 0, NULL),
(303, '98cm', 49, 0, NULL),
(304, '100cm', 49, 0, NULL),
(305, '102cm', 49, 0, NULL),
(306, '104cm', 49, 0, NULL),
(307, '106cm', 49, 0, NULL),
(308, '108cm', 49, 0, NULL),
(309, '110cm', 49, 0, NULL),
(310, '112cm', 49, 0, NULL),
(311, '114cm', 49, 0, NULL),
(312, '116cm', 49, 0, NULL),
(313, '118cm', 49, 0, NULL),
(314, '120cm', 49, 0, NULL),
(315, '122cm', 49, 0, NULL),
(316, '124cm', 49, 0, NULL),
(317, '126cm', 49, 0, NULL),
(318, '128cm', 49, 0, NULL),
(319, '130cm', 49, 0, NULL),
(320, '132cm', 49, 0, NULL),
(321, '134cm', 49, 0, NULL),
(322, '136cm', 49, 0, NULL),
(323, '138cm', 49, 0, NULL),
(324, '140cm', 49, 0, NULL),
(325, '142cm', 49, 0, NULL),
(326, '144cm', 49, 0, NULL),
(327, '146cm', 49, 0, NULL),
(328, '148cm', 49, 0, NULL),
(329, '150cm', 49, 0, NULL),
(330, '152cm', 49, 0, NULL),
(331, '154cm', 49, 0, NULL),
(332, '156cm', 49, 0, NULL),
(333, '158cm', 49, 0, NULL),
(334, '160cm', 49, 0, NULL),
(335, '162cm', 49, 0, NULL),
(336, '164cm', 49, 0, NULL),
(337, '166cm', 49, 0, NULL),
(338, '168cm', 49, 0, NULL),
(339, '170cm', 49, 0, NULL),
(340, '172cm', 49, 0, NULL),
(341, '174cm', 49, 0, NULL),
(342, '176cm', 49, 0, NULL),
(343, '178cm', 49, 0, NULL),
(344, '180cm', 49, 0, NULL),
(345, '182cm', 49, 0, NULL),
(346, '184cm', 49, 0, NULL),
(347, 'Peso Actual', 50, 127, NULL),
(348, '12Kg', 50, 0, NULL),
(349, '14Kg', 50, 0, NULL),
(350, '16Kg', 50, 0, NULL),
(351, '18Kg', 50, 0, NULL),
(352, '20Kg', 50, 0, NULL),
(353, '22Kg', 50, 0, NULL),
(354, '24Kg', 50, 0, NULL),
(355, '26Kg', 50, 0, NULL),
(356, '28Kg', 50, 0, NULL),
(357, '30Kg', 50, 0, NULL),
(358, '32Kg', 50, 0, NULL),
(359, '34Kg', 50, 0, NULL),
(360, '36Kg', 50, 0, NULL),
(361, '38Kg', 50, 0, NULL),
(362, '40Kg', 50, 0, NULL),
(363, '42Kg', 50, 0, NULL),
(364, '44Kg', 50, 0, NULL),
(365, '46Kg', 50, 0, NULL),
(366, '48Kg', 50, 0, NULL),
(367, '50Kg', 50, 0, NULL),
(368, '52Kg', 50, 0, NULL),
(369, '54Kg', 50, 0, NULL),
(370, '56Kg', 50, 0, NULL),
(371, '58Kg', 50, 0, NULL),
(372, '60Kg', 50, 0, NULL),
(373, '62Kg', 50, 0, NULL),
(374, '64Kg', 50, 0, NULL),
(375, '66Kg', 50, 0, NULL),
(376, '68Kg', 50, 0, NULL),
(377, '70Kg', 50, 0, NULL),
(378, '72Kg', 50, 0, NULL),
(379, '74Kg', 50, 0, NULL),
(380, '76Kg', 50, 0, NULL),
(381, '78Kg', 50, 0, NULL),
(382, '80Kg', 50, 0, NULL),
(383, '82Kg', 50, 0, NULL),
(384, '84Kg', 50, 0, NULL),
(385, '86Kg', 50, 0, NULL),
(386, '88Kg', 50, 0, NULL),
(387, '90Kg', 50, 0, NULL),
(388, '92Kg', 50, 0, NULL),
(389, '94Kg', 50, 0, NULL),
(390, '96Kg', 50, 0, NULL),
(391, '98Kg', 50, 0, NULL),
(392, '100Kg', 50, 0, NULL),
(393, 'Recto', 51, 0, NULL),
(394, 'Concavo', 51, 0, NULL),
(395, 'Convexo', 51, 0, NULL),
(396, 'Mesofacial', 52, 0, NULL),
(397, 'Dolicofacial', 52, 0, NULL),
(398, 'Braquifacial', 52, 0, NULL),
(399, 'Competentes', 53, 0, NULL),
(400, 'Potencialmente Competentes', 53, 0, NULL),
(401, 'Incompetentes', 53, 0, NULL),
(402, 'Resecos', 53, 0, NULL),
(403, 'Pequenia', 54, 0, NULL),
(404, 'Mediana', 54, 0, NULL),
(405, 'Grande', 54, 0, NULL),
(406, 'Normal', 55, 0, NULL),
(407, 'Baja', 55, 0, NULL),
(408, 'Alta', 55, 0, NULL),
(409, 'Cabeza', 56, 0, NULL),
(410, 'Cara', 56, 0, NULL),
(411, 'Cuello', 56, 0, NULL),
(412, 'Gangleos', 56, 0, NULL),
(413, 'Descripcion', 56, 127, NULL),
(414, 'Color', 57, 0, NULL),
(415, 'Contorno', 57, 0, NULL),
(416, 'Textura', 57, 0, NULL),
(417, 'Consistencia', 57, 0, NULL),
(418, 'Recesion', 57, 0, NULL),
(419, 'Anterior', 57, 1, NULL),
(420, 'Posterior', 57, 1, NULL),
(421, 'Carillos', 57, 1, NULL),
(422, 'Funcion', 57, 2, NULL),
(423, 'Tamanio', 57, 2, NULL),
(424, 'Posicion', 57, 2, NULL),
(425, 'Alta', 57, 3, NULL),
(426, 'Media', 57, 3, NULL),
(427, 'Baja', 57, 3, NULL),
(428, 'Baja', 57, 4, NULL),
(429, 'Media', 57, 4, NULL),
(430, 'Alta', 57, 4, NULL),
(431, 'Normal', 57, 5, NULL),
(432, 'Corto', 57, 5, NULL),
(433, 'Fibroso', 57, 5, NULL),
(434, 'Paladar Duro', 57, 6, NULL),
(435, 'Paladar Blando', 57, 6, NULL),
(436, 'Amigdalas', 57, 6, NULL),
(437, 'Glandulas Salivales', 57, 6, NULL),
(438, 'Si', 58, 0, 'Desviacion ATM'),
(439, 'Izquierda', 58, 1, 'Apertura'),
(440, 'Derecha', 58, 1, 'Apertura'),
(441, 'Izquierda', 58, 2, 'Cierre'),
(442, 'Derecha', 58, 2, 'Cierre'),
(443, 'Bruxismo', 59, 0, NULL),
(444, 'Queilofagia', 59, 0, NULL),
(445, 'Protusion Lingual', 59, 0, NULL),
(446, 'Onicofagia', 59, 0, NULL),
(447, 'Succion digital', 59, 0, NULL),
(448, 'Chupon', 59, 0, NULL),
(449, 'Respiracion bucal', 59, 0, NULL),
(451, 'Clase I', 60, 0, NULL),
(452, 'Clase II', 60, 0, NULL),
(453, 'Clase III', 60, 0, NULL),
(454, 'PTR', 60, 0, NULL),
(455, 'EM', 60, 0, NULL),
(456, 'ED', 60, 0, NULL),
(457, 'Clase I', 61, 0, NULL),
(458, 'Clase II', 61, 0, NULL),
(459, 'Clase III', 61, 0, NULL),
(460, 'PTR', 61, 0, NULL),
(461, 'EM', 61, 0, NULL),
(462, 'ED', 61, 0, NULL),
(463, 'Clase I', 62, 0, NULL),
(464, 'Clase II', 62, 0, NULL),
(465, 'Clase III', 62, 0, NULL),
(466, 'C-C', 62, 0, NULL),
(469, 'Clase I', 63, 0, NULL),
(470, 'Clase II', 63, 0, NULL),
(471, 'Clase III', 63, 0, NULL),
(472, 'C-C', 63, 0, NULL),
(475, 'Anterior', 64, 0, NULL),
(476, 'Posterior', 64, 0, NULL),
(477, 'Anterior', 65, 0, NULL),
(478, 'Posterior', 65, 0, NULL),
(479, 'Unilateral', 65, 1, NULL),
(480, 'Overjet', 66, 127, NULL),
(481, '2mm', 66, 0, NULL),
(482, '3mm', 66, 0, NULL),
(483, '4mm', 66, 0, NULL),
(484, '5mm', 66, 0, NULL),
(485, '6mm', 66, 0, NULL),
(486, 'Normal', 66, 1, NULL),
(487, 'Aumentado', 66, 1, NULL),
(488, 'Borde a Borde', 66, 1, NULL),
(489, 'Inverso', 66, 1, NULL),
(490, 'Overbite', 67, 127, NULL),
(491, '2mm', 67, 0, NULL),
(492, '3mm', 67, 0, NULL),
(493, '4mm', 67, 0, NULL),
(494, '5mm', 67, 0, NULL),
(495, '6mm', 67, 0, NULL),
(496, 'Normal', 67, 1, NULL),
(497, 'Mordida Abierta', 67, 1, NULL),
(498, 'Mordida Profunda', 67, 1, NULL),
(499, 'En Paladar', 67, 1, NULL),
(500, 'En Cingulo', 67, 1, NULL),
(501, 'Incompleto', 67, 1, NULL),
(502, 'Coincide', 68, 0, NULL),
(503, 'Desviada', 68, 0, NULL),
(504, 'Coincide', 69, 0, NULL),
(505, 'Desviada', 69, 0, NULL),
(506, 'Proinclinados', 70, 0, NULL),
(507, 'Si', 70, 1, 'Diastemas'),
(508, 'Presente', 71, 0, NULL),
(509, 'Presente', 72, 0, NULL),
(510, 'Superior', 73, 0, NULL),
(511, 'Inferior', 73, 0, NULL),
(512, 'Unilateral', 73, 0, NULL),
(513, 'Si', 74, 127, 'Perdidas Prematuras'),
(514, 'Parto numero', 4, 127, NULL),
(519, 'Merienda1', 41, 1, NULL),
(520, 'Merienda2', 41, 1, NULL),
(521, 'Merienda3', 41, 1, NULL),
(522, 'Merienda4', 41, 1, NULL),
(523, 'Merienda5', 41, 1, NULL),
(524, 'Merienda6', 41, 1, NULL),
(525, 'Cardiopatias', 75, 0, NULL),
(526, 'Alergias', 75, 0, NULL),
(527, 'Otros. Explique', 75, 127, NULL),
(528, 'Explique', 1, 127, 'Antecedentes odontologicos'),
(529, 'Explique', 7, 127, 'Dificultades Neonatales'),
(530, 'Otros. Explique', 23, 127, 'Enfermedades Infecciosas Padecidas'),
(531, 'Otras Vacumas', 29, 127, NULL),
(532, 'Diabetes', 75, 0, NULL),
(533, 'Infectocontagiosas', 75, 0, NULL),
(534, 'Endocrinopatias', 75, 0, NULL),
(535, 'Trastornos renales', 75, 0, NULL),
(536, 'Trastornos Sanguineos', 75, 0, NULL),
(537, 'Trastornos resiratorios', 75, 0, NULL),
(538, 'Enfermedades geneticas', 75, 0, NULL),
(539, 'Caries dental', 76, 0, NULL),
(540, 'Dolor', 76, 0, NULL),
(541, 'Inflamacion (Fistula, Abceso)', 76, 0, NULL),
(542, 'Mal posicion dental', 76, 0, NULL),
(543, 'Trauma dental', 76, 0, NULL),
(544, 'Tratamiento preventivo', 76, 0, NULL),
(545, 'Ausencia dental (Agenesia, Hipodoncia, Oligodoncia)', 76, 0, NULL),
(546, 'Tratamiento Endodontico', 76, 0, NULL),
(547, 'Toma de Radiografia', 76, 0, NULL),
(548, 'Caries de la infancia temprana', 76, 0, NULL),
(549, 'Tratamiento periodontal', 76, 0, NULL),
(550, 'Dientes Supernumerarios', 76, 0, NULL),
(551, 'Referencia', 76, 0, NULL),
(552, 'Tratamiento Pulpar (Pulpotomia, Pulpectomi)', 76, 0, NULL),
(553, 'Patologia Bucal', 76, 0, NULL),
(554, 'Obturaciones', 76, 0, NULL),
(555, 'Bruxismo', 76, 0, NULL),
(556, 'Extracciones', 76, 0, NULL),
(557, 'Manejo de Conducta', 76, 0, NULL),
(558, 'Halitosis', 76, 0, NULL),
(559, 'Preclamsia', 2, 0, ''),
(560, 'Diabetes gestacional', 2, 0, ''),
(561, 'Infeccion de vias urinarias', 2, 0, ''),
(562, 'Amenazas de aborto', 2, 0, ''),
(563, 'Anemia', 2, 0, ''),
(564, 'Convulsiones', 2, 0, ''),
(565, 'Enfermedades de Transmision sexual', 2, 0, ''),
(566, 'Placenta previa', 2, 0, ''),
(567, 'Placenta acreta', 2, 0, ''),
(568, 'Toxoplasmosis', 2, 0, ''),
(569, 'Gastritis', 2, 0, ''),
(570, 'Colestasis intrahepatica', 2, 0, ''),
(571, 'Abortos previos', 2, 0, ''),
(572, 'Obesidad', 2, 0, ''),
(573, 'Ovarios poliquisticos', 2, 0, ''),
(574, 'VIH', 2, 0, ''),
(575, 'Cancer', 2, 0, ''),
(576, 'Hipertiroidismo', 2, 0, ''),
(577, 'Hipotiroidismo', 2, 0, ''),
(578, 'Enfermedades autoinmunes', 2, 0, ''),
(579, 'Otros', 2, 127, 'Otras enfermedades en el embarazo'),
(580, 'Acido folico', 3, 0, ''),
(581, 'Hierro', 3, 0, ''),
(582, 'Multivitaminas', 3, 0, ''),
(583, 'Antibioticos', 3, 0, ''),
(584, 'Analgesicos', 3, 0, ''),
(585, 'Otros', 3, 127, 'Otros medicamentos en el embarazo'),
(586, 'Seda Dental', 39, 0, ''),
(588, '4-6 meses', 32, 0, 'edad erupcion dientes prim'),
(589, '6-8 meses', 32, 0, 'edad erupcion dientes prim'),
(590, '1 año o mas', 32, 0, 'edad erupcion dientes prim'),
(591, 'Sin tratamiento', 35, 0, NULL),
(592, 'Control radiográfico', 35, 0, NULL),
(593, 'Reconstrucción con resina composita', 35, 0, NULL),
(594, 'Colocación de cemento de Ionomero de Vidrio', 35, 0, NULL),
(595, 'Colocación de MTA', 35, 0, NULL),
(596, 'Hidróxido de calcio', 35, 0, NULL),
(597, 'Ferulización', 35, 0, NULL),
(598, 'Reposición del diente', 35, 0, NULL),
(599, 'Prescripción de analgesicos', 35, 0, NULL),
(600, 'Control clínico', 35, 0, NULL),
(601, 'Toma de radiografía lateral extraoral', 35, 0, NULL),
(602, 'Técnica de Cvek', 35, 0, NULL),
(603, 'Recubrimiento pulpar directo', 35, 0, NULL),
(604, 'Pulpectomía', 35, 0, NULL),
(605, 'Pulpotomía con MTA', 35, 0, NULL),
(606, 'Revascularización', 35, 0, NULL),
(607, 'Extrusión mecánica de dientes con ortodoncias', 35, 0, NULL),
(608, 'Extrusión mecánica de dientes con Forceps', 35, 0, NULL),
(609, 'Apertura del diente', 35, 0, NULL),
(610, 'Tratamiento de conducto Radicular', 35, 0, NULL),
(611, 'Corona de Celuloide', 35, 0, NULL),
(612, 'Reconstrucción directa', 35, 0, NULL),
(613, 'Prótesis provisional', 35, 0, NULL),
(614, 'Alargamiento de corona', 35, 0, NULL),
(615, 'Edad Traumatismo', 35, 127, NULL),
(616, '0 veces ', 37, 1, NULL),
(617, '1 vez', 37, 1, NULL),
(618, '2 veces', 37, 1, NULL),
(619, '3 veces', 37, 1, NULL),
(620, 'Madre', 37, 3, 'quien lo cepilla'),
(621, 'Padre', 37, 3, 'quien lo cepilla'),
(622, 'Otro', 37, 3, 'quien lo cepilla'),
(623, 'Si', 77, 0, 'Ruidos:'),
(624, 'Si', 78, 0, 'Saltos:'),
(625, '1 vez al Día', 59, 1, 'Frecuencia Hab para'),
(626, '2 veces al Día', 59, 1, 'Frecuencia Hab para'),
(627, '3 veces al Día', 59, 1, 'Frecuencia Hab para'),
(628, 'mas de 3 veces al Día', 59, 1, 'Frecuencia Hab para'),
(629, 'Permanente', 59, 3, 'Duracion Hab para'),
(630, 'Intermitente', 59, 3, 'Duracion Hab para'),
(631, 'Constante', 59, NULL, 'Duracion Hab para'),
(632, 'Leve', 59, 2, 'Intensidad Hab para'),
(633, 'Moderada', 59, 2, 'Intensidad Hab para'),
(634, 'Severa', 59, 2, 'Intensidad Hab para'),
(667, 'Fractura Incompleta', 79, 0, NULL),
(668, 'Fractura coronal no complicada', 79, 0, NULL),
(669, 'Fractura coronal complicada', 79, 0, NULL),
(670, 'Fractura complicada de raíz y corona', 79, 0, NULL),
(671, 'Concusión', 79, 0, NULL),
(672, 'Subluxación', 79, 0, NULL),
(673, 'Luxación Extrusiva', 79, 0, NULL),
(674, 'Luxación Intrusiva', 79, 0, NULL),
(675, 'Luxación Lateral', 79, 0, NULL),
(676, 'Avulsión', 79, 0, NULL),
(677, 'Conminución de cavidad alveolar', 79, 0, NULL),
(678, 'Fractura dela pared alveolar', 79, 0, NULL),
(679, 'Fractura de proceso alveolar', 79, 0, NULL),
(680, 'Fractura del hueso basal', 79, 0, NULL),
(681, 'Laceración', 79, 0, NULL),
(682, 'Contusión', 79, 0, NULL),
(683, 'Abrasión', 79, 0, NULL),
(684, 'Unilateral', 65, 0, NULL),
(685, 'Bilateral', 65, 0, NULL),
(686, 'Izquierda', 68, 2, 'linea media sup desviada'),
(687, 'Derecha', 68, 2, 'linea media sup desviada'),
(688, 'Izquierda', 69, 2, 'linea media inf desviada'),
(689, 'Derecha', 69, 2, 'linea media inf desviada'),
(690, 'Anterosuperior', 73, 0, NULL),
(691, 'Anteroinferior', 73, 0, NULL),
(692, 'Covid-19 (Coronavirus)', 23, 0, NULL),
(693, '¿Que come?', 80, 127, NULL),
(694, 'Encía', 57, 127, NULL),
(695, 'Mucosa bucal', 57, 126, NULL),
(696, 'Piso bucal', 57, 125, NULL),
(697, 'Paladar duro', 57, 124, NULL),
(698, 'Paladar blando', 57, 123, NULL),
(699, 'Amigdalas', 57, 122, NULL),
(700, 'Describa Habitos parafuncionales', 59, 127, NULL),
(701, 'Diastemas', 81, 127, NULL),
(702, 'Otras Observaciones', 82, 127, NULL),
(703, 'Linea Media Superior', 68, 127, NULL),
(704, 'Linea Media Inferior', 69, 127, NULL),
(705, 'Si', 83, 0, 'hobbies'),
(706, 'Explique', 83, 127, 'hobbies'),
(707, 'Si', 84, 0, 'deportes'),
(708, 'Explique', 84, 127, 'deportes'),
(709, 'Si', 85, 0, 'mascotas'),
(710, 'Explique', 85, 127, 'mascotas'),
(711, 'Si', 86, 0, 'programa favorito'),
(712, 'Explique', 86, 127, 'programa favorito'),
(713, 'Si', 87, 0, 'musica'),
(714, 'Explique', 87, 127, 'musica'),
(715, 'Si', 88, 0, 'fobias'),
(716, 'Explique', 88, 127, 'fobias'),
(717, 'Si', 89, 0, 'Recompensas:'),
(718, 'Explique', 89, 127, 'recompensas'),
(719, 'Si', 90, 0, 'castigos'),
(720, 'Explique', 90, 127, 'castigos'),
(721, 'Si', 91, 0, 'Otras'),
(722, 'Explique', 91, 127, 'Otras'),
(723, 'Dislexia', 92, 0, NULL),
(724, 'Deficit Atencional', 92, 0, NULL),
(725, 'Inmadurez Psicomotriz', 92, 0, NULL),
(726, 'Aprendizaje Avanzado', 92, 0, NULL),
(727, 'Aprendizaje Normal', 92, 0, NULL),
(728, 'Aprendizaje Lento', 92, 0, NULL),
(734, 'Otros', 92, 127, NULL),
(735, '1450ppm', 38, 0, NULL),
(736, 'mas de 3 veces', 37, 1, NULL),
(737, 'Diagnóstico Médico', 93, 121, 'Diagnóstico Médico'),
(738, 'Diagnóstico Periodontal', 93, 122, 'Diagnóstico Periodontal'),
(739, 'Tipo de Caries', 93, 123, 'Tipo de Caries'),
(740, 'Alteraciones Pulpares', 93, 124, 'Alteraciones Pulpares'),
(741, 'Patologías de Tejidos Duros o Blandos', 93, 125, 'Diagnóstico Provisional'),
(742, 'Maloclusiones', 93, 126, 'Maloclusiones'),
(743, 'Tipo de Caries', 93, 127, 'Riesgo Cariogénico'),
(744, 'Experiencia y Comportamiento en la consulta Odontológica', 94, 127, NULL);

-- --------------------------------------------------------

--
-- Table structure for table `pago`
--

DROP TABLE IF EXISTS `pago`;
CREATE TABLE IF NOT EXISTS `pago` (
  `id` int(11) NOT NULL AUTO_INCREMENT,
  `id_expediente_clinico` int(11) NOT NULL,
  `numero_recibo` int(11) NOT NULL,
  `concepto` varchar(255) COLLATE utf8mb4_unicode_ci NOT NULL,
  `costo` double NOT NULL,
  `abono` double NOT NULL,
  `saldo` double NOT NULL,
  `fecha` date NOT NULL,
  `creado` timestamp NOT NULL DEFAULT current_timestamp() ON UPDATE current_timestamp(),
  PRIMARY KEY (`id`),
  KEY `fk_pago_expediente_clinico` (`id_expediente_clinico`)
) ENGINE=InnoDB DEFAULT CHARSET=utf8mb4 COLLATE=utf8mb4_unicode_ci;

-- --------------------------------------------------------

--
-- Table structure for table `plan_preventivo`
--

DROP TABLE IF EXISTS `plan_preventivo`;
CREATE TABLE IF NOT EXISTS `plan_preventivo` (
  `id` int(11) NOT NULL AUTO_INCREMENT,
  `id_ficha` int(11) NOT NULL,
  `id_tratamiento` int(11) NOT NULL,
  `id_plan_preventivo_area` int(11) NOT NULL,
  `creado` timestamp NOT NULL DEFAULT current_timestamp() ON UPDATE current_timestamp(),
  PRIMARY KEY (`id`),
  KEY `fk_plan_preventivo_ficha` (`id_ficha`),
  KEY `fk_plan_preventivo_tratamiento` (`id_tratamiento`),
  KEY `fk_plan_preventivo_area` (`id_plan_preventivo_area`)
) ENGINE=InnoDB DEFAULT CHARSET=utf8mb4 COLLATE=utf8mb4_unicode_ci;

-- --------------------------------------------------------

--
-- Table structure for table `pregunta`
--

DROP TABLE IF EXISTS `pregunta`;
CREATE TABLE IF NOT EXISTS `pregunta` (
  `id` int(11) UNSIGNED NOT NULL AUTO_INCREMENT,
  `nombre_preg` varchar(500) COLLATE utf8mb4_unicode_ci NOT NULL,
  `categoria_fk` int(11) UNSIGNED DEFAULT NULL,
  PRIMARY KEY (`id`),
  KEY `categoria_fk` (`categoria_fk`)
) ENGINE=InnoDB AUTO_INCREMENT=95 DEFAULT CHARSET=utf8mb4 COLLATE=utf8mb4_unicode_ci;

--
-- Dumping data for table `pregunta`
--

INSERT INTO `pregunta` (`id`, `nombre_preg`, `categoria_fk`) VALUES
(1, 'Antecedentes Odontologicos', 2),
(2, 'Enfermedades durante el embarazo', 3),
(3, 'Medicamentos tomados durante el embarazo', 3),
(4, 'Parto', 3),
(5, 'Peso al nacer', 3),
(6, 'Talla al nacer', 3),
(7, 'Dificultades Neonatales', 3),
(8, 'Alimentacion Materna', 3),
(9, 'Leche completa', 3),
(10, 'Formula', 3),
(11, 'Alimentos solidos', 3),
(12, 'Desarrollo fisicomotor', 3),
(13, 'Sistema Nervioso', 4),
(14, 'Sistema Cardiovascular', 4),
(15, 'Sistema Hematopoyetico', 4),
(16, 'Sistema Respiratorio', 4),
(17, 'Sistema Gastrointestinal', 4),
(18, 'Sistema Endocrino', 4),
(19, 'Sistema Genitourinario', 4),
(20, 'Piel y Mucosas', 4),
(21, 'Trastornos Sensoriales', 4),
(22, 'Alergias', 4),
(23, 'Enfermedades Infecciosas Padecidas', 5),
(24, 'Ha asistido a consulta medica en los ultimos 6 meses?', 6),
(25, 'Se encuentra bajo tratamiento medico?', 6),
(26, 'Medicamentos que toma actualmente', 6),
(27, 'Se le han practicado intervenciones quirurgicas?', 6),
(28, 'Ha estado hospitalizado?', 6),
(29, 'Vacunas Recibidas', 6),
(30, 'Ha recibido sus refuerzos hasta la fecha?', 6),
(31, 'Esquema de vacunacion', 6),
(32, 'Edad de erupcion de los dientes primarios', 7),
(33, 'Edad de erupcion de los dientes permanentes', 7),
(34, 'Traumatismo dentales', 7),
(35, 'Traumatismos dentarios', 7),
(36, 'Ha asistido anteriormente al odontologo?', 7),
(37, 'Cepillado', 7),
(38, '¿Cuál crema dental utiliza?', 7),
(39, 'Utiliza seda dental o enjuague bucal?', 7),
(40, 'Alimentos que el ninio ingiere al menos una vez a la semana', 8),
(41, 'Cuantas meriendas hace el ninio entre comidas?', 8),
(42, '¿Prefiere alimentos blandos?', 8),
(43, '¿Cuáles alimentos sólidos Prefiere?', 8),
(44, 'Biberon', 8),
(45, 'Leche', 8),
(46, 'Consume mucha sal?', 8),
(47, 'Consume muchos citricos?', 8),
(48, 'Alimentación habitual del niño', 8),
(49, 'Talla actual', 9),
(50, 'Peso actual', 9),
(51, 'Perfil', 9),
(52, 'Configuracion', 9),
(53, 'Labios', 9),
(54, 'Tamanio de la nariz', 9),
(55, 'Insercion de orejas', 9),
(56, 'Observaciones', 9),
(57, 'Examen clinico intraoral', 10),
(58, 'Examen funcional', 11),
(59, 'Habitos parafuncionales', 12),
(60, 'Relacion molar derecha', 13),
(61, 'Relacion molar izquierda', 13),
(62, 'Relacion canina derecha', 13),
(63, 'Relacion canina izquierda', 13),
(64, 'Mordida Abierta', 13),
(65, 'Mordida Cruzada', 13),
(66, 'OVERJET', 13),
(67, 'OVERBITE', 13),
(68, 'LINEA MEDIA SUPERIOR', 13),
(69, 'LINEA MEDIA INFERIOR', 13),
(70, 'DIENTES', 13),
(71, 'Espacio de Primate Superior', 13),
(72, 'Espacio de Primate Inferior', 13),
(73, 'Apiniamiento', 13),
(74, 'Perdidas Prematuras', 13),
(75, 'Antecedentes Familiares', 1),
(76, 'Motivo de Consulta', 14),
(77, 'Ruidos', 11),
(78, 'Saltos', 11),
(79, 'Tipo de Traumatismo', 7),
(80, '¿Que come?', 8),
(81, 'Diastemas', 13),
(82, 'Otras Observaciones', 13),
(83, 'Hobby. Juegos Preferidos', 15),
(84, 'Deportes', 15),
(85, 'Mascotas', 15),
(86, 'Programas Preferidos en TV', 15),
(87, 'Musica Preferida', 15),
(88, 'Fobias', 15),
(89, 'Recompensas', 15),
(90, 'Castigos', 15),
(91, 'Otras Actividades Extra Escolares', 15),
(92, 'Aprendizaje', 15),
(93, 'Diagnóstico Integral', 16),
(94, 'Experiencia y Comportamiento en la consulta Odontológica', 15);

-- --------------------------------------------------------

--
-- Table structure for table `respuesta`
--

DROP TABLE IF EXISTS `respuesta`;
CREATE TABLE IF NOT EXISTS `respuesta` (
  `id` int(11) UNSIGNED NOT NULL AUTO_INCREMENT,
  `nombre_resp` varchar(500) COLLATE utf8mb4_unicode_ci NOT NULL,
  `opcion_pregunta_fk` int(11) UNSIGNED NOT NULL,
  PRIMARY KEY (`id`),
  KEY `opcion_pregunta_fk` (`opcion_pregunta_fk`)
) ENGINE=InnoDB AUTO_INCREMENT=71 DEFAULT CHARSET=utf8mb4 COLLATE=utf8mb4_unicode_ci;

--
-- Dumping data for table `respuesta`
--

INSERT INTO `respuesta` (`id`, `nombre_resp`, `opcion_pregunta_fk`) VALUES
(1, '2.0Kg', 37),
(2, '2.2Kg', 37),
(3, '2.4Kg', 37),
(4, '2.6Kg', 37),
(5, '2.8Kg', 37),
(6, '3.0Kg', 37),
(7, '3.2Kg', 37),
(8, '3.4Kg', 37),
(9, '3.6Kg', 37),
(10, '3.8Kg', 37),
(11, '4.0Kg', 37),
(12, '4.2Kg', 37),
(13, '4.4Kg', 37),
(14, '4.6Kg', 37),
(15, '4.8Kg', 37),
(16, '5.0Kg', 37),
(17, '5.2Kg', 37),
(18, '5.4Kg', 37),
(19, '5.6Kg', 37),
(20, '5.8Kg', 37),
(21, '6.0Kg', 37),
(22, '40cm', 38),
(23, '41cm', 38),
(24, '42cm', 38),
(25, '43cm', 38),
(26, '44cm', 38),
(27, '45cm', 38),
(28, '46cm', 38),
(29, '47cm', 38),
(30, '48cm', 38),
(31, '49cm', 38),
(32, '50cm', 38),
(33, '51cm', 38),
(34, '52cm', 38),
(35, '53cm', 38),
(36, '54cm', 38),
(37, '55cm', 38),
(38, '56cm', 38),
(39, '57cm', 38),
(40, '58cm', 38),
(41, '58cm', 38),
(42, '60cm', 38),
(43, '1', 30),
(44, '2', 30),
(45, '3', 30),
(47, '1 mes', 50),
(48, '2 meses', 50),
(49, '3 meses', 50),
(50, '4 meses', 50),
(51, '5 meses', 50),
(52, '6 meses', 50),
(53, '1 mes', 52),
(54, '2 meses', 52),
(55, '3 meses', 52),
(56, '4 meses', 52),
(57, '5 meses', 52),
(58, '6 meses', 52),
(59, '1 mes', 54),
(60, '2 meses', 54),
(61, '3 meses', 54),
(62, '4 meses', 54),
(63, '5 meses', 54),
(64, '6 meses', 54),
(65, '1 mes', 56),
(66, '2 meses', 56),
(67, '3 meses', 56),
(68, '4 meses', 56),
(69, '5 meses', 56),
(70, '6 meses', 56);

-- --------------------------------------------------------

--
-- Table structure for table `riesgo_detalle`
--

DROP TABLE IF EXISTS `riesgo_detalle`;
CREATE TABLE IF NOT EXISTS `riesgo_detalle` (
  `id` int(11) NOT NULL AUTO_INCREMENT,
  `id_ficha` int(11) NOT NULL,
  `total_indice_cpo_ceo` double NOT NULL,
  `total_placa_bacteriana` double NOT NULL,
  `total_ingesta_azucares` double NOT NULL,
  `placa_1655` int(1) NOT NULL,
  `placa_1151` int(1) NOT NULL,
  `placa_2665` int(1) NOT NULL,
  `placa_3675` int(1) NOT NULL,
  `placa_3171` int(1) NOT NULL,
  `placa_4685` int(1) NOT NULL,
  `observaciones` varchar(999) COLLATE utf8mb4_unicode_ci DEFAULT NULL,
  `otras_condiciones` varchar(999) COLLATE utf8mb4_unicode_ci DEFAULT NULL,
  `comentarios` varchar(999) COLLATE utf8mb4_unicode_ci DEFAULT NULL,
  `creado` timestamp NOT NULL DEFAULT current_timestamp() ON UPDATE current_timestamp(),
  PRIMARY KEY (`id`),
  KEY `fk_ficha_riesgo` (`id_ficha`)
) ENGINE=InnoDB AUTO_INCREMENT=2 DEFAULT CHARSET=utf8mb4 COLLATE=utf8mb4_unicode_ci;

--
-- Dumping data for table `riesgo_detalle`
--

INSERT INTO `riesgo_detalle` (`id`, `id_ficha`, `total_indice_cpo_ceo`, `total_placa_bacteriana`, `total_ingesta_azucares`, `placa_1655`, `placa_1151`, `placa_2665`, `placa_3675`, `placa_3171`, `placa_4685`, `observaciones`, `otras_condiciones`, `comentarios`, `creado`) VALUES
(1, 2, 7, 66.666666666667, 5, 4, 3, 1, 2, 4, 2, NULL, NULL, NULL, '2020-06-16 21:19:27');

-- --------------------------------------------------------

--
-- Table structure for table `seguimiento_control`
--

DROP TABLE IF EXISTS `seguimiento_control`;
CREATE TABLE IF NOT EXISTS `seguimiento_control` (
  `id` int(11) NOT NULL AUTO_INCREMENT,
  `fecha` date NOT NULL,
  `procedimiento_realizado` varchar(500) COLLATE utf8mb4_unicode_ci NOT NULL,
  `comportamiento_demostrado` varchar(500) COLLATE utf8mb4_unicode_ci NOT NULL,
  `clave` varchar(100) COLLATE utf8mb4_unicode_ci NOT NULL,
  `ficha_fk` int(11) NOT NULL,
  PRIMARY KEY (`id`),
  KEY `ficha_fk` (`ficha_fk`)
) ENGINE=InnoDB AUTO_INCREMENT=18 DEFAULT CHARSET=utf8mb4 COLLATE=utf8mb4_unicode_ci;

--
-- Dumping data for table `seguimiento_control`
--

INSERT INTO `seguimiento_control` (`id`, `fecha`, `procedimiento_realizado`, `comportamiento_demostrado`, `clave`, `ficha_fk`) VALUES
(8, '2015-01-01', 'Aqui se detalla el procedimiento realizado en un paciente', 'Aqui se detalla el comportamiento demostrado', 'Tipo2: Negativo(-)', 2),
(10, '2020-05-07', 'Este puede ser otro procedimiento realizado en una fecha diferente', 'Este  puede ser un comportamiento observado en el paciente', 'Tipo3: Positivo(+)', 2),
(11, '2020-05-08', 'procedimiento nuevo EDITADO', 'comportamiento nuevo EDITADO', 'Tipo1: Definitivamente Negativo(--)', 2),
(13, '2015-01-01', 'Aqui se detalla el procedimiento realizado en un paciente EDITADO', 'Aqui se detalla el comportamiento demostrado', 'Tipo3: Positivo(+)', 2),
(16, '2020-06-16', 'prodecimiento nuevo', 'coopera con el procedimiento', 'Tipo3: Positivo(+)', 5),
(17, '2020-06-16', 'prodecimiento nuevo', 'comportamiento nuevo', 'Tipo1: Definitivamente Negativo(--)', 2);

-- --------------------------------------------------------

--
-- Table structure for table `tratamiento`
--

DROP TABLE IF EXISTS `tratamiento`;
CREATE TABLE IF NOT EXISTS `tratamiento` (
  `id` int(11) NOT NULL AUTO_INCREMENT,
  `id_tratamiento_area` int(11) NOT NULL,
  `codigo` varchar(50) COLLATE utf8mb4_unicode_ci NOT NULL,
  `nombre` varchar(255) COLLATE utf8mb4_unicode_ci NOT NULL,
  `descripcion` varchar(500) COLLATE utf8mb4_unicode_ci DEFAULT NULL,
  `precio` decimal(8,2) NOT NULL,
  `creado` timestamp NOT NULL DEFAULT current_timestamp() ON UPDATE current_timestamp(),
  PRIMARY KEY (`id`),
  KEY `fk_tratamiento_area` (`id_tratamiento_area`)
) ENGINE=InnoDB AUTO_INCREMENT=189 DEFAULT CHARSET=utf8mb4 COLLATE=utf8mb4_unicode_ci;

--
-- Dumping data for table `tratamiento`
--

INSERT INTO `tratamiento` (`id`, `id_tratamiento_area`, `codigo`, `nombre`, `descripcion`, `precio`, `creado`) VALUES
(142, 1510, '01', 'Adaptación de márgenes + Resina fluida en zona de lesión 03', '', '0.00', '2020-02-18 23:18:02'),
(143, 1510, '02', 'Adaptación de márgenes + Sellante preventivo en fosa y/o fisura en riesgo', '', '0.00', '2020-02-18 23:18:02'),
(144, 1510, '03', 'Adaptación de márgenes + Sellante terapéutico en zona de lesión 01', '', '0.00', '2020-02-18 23:18:02'),
(145, 1510, '04', 'Adaptación de márgenes + Sellante terapéutico en zona de lesión 02', '', '0.00', '2020-02-18 23:18:02'),
(146, 1509, '05', 'Evaluar retratamiento', '', '0.00', '2020-02-18 23:18:02'),
(147, 1508, '06', 'Exodoncia', '', '0.00', '2020-02-18 23:18:02'),
(148, 1506, '07', 'Mantenedor de espacio', '', '0.00', '2020-02-18 23:18:02'),
(149, 1510, '08', 'No aplica', '', '0.00', '2020-02-18 23:18:02'),
(150, 1503, '09', 'Obturación', '', '0.00', '2020-02-18 23:18:02'),
(151, 1510, '10', 'Obturación con resina fluida + Observación clínica + Radiográfica', '', '0.00', '2020-02-18 23:18:02'),
(152, 1505, '11', 'Obturación con resina fluida limitada a la lesión', '', '0.00', '2020-02-18 23:18:02'),
(153, 1507, '12', 'Obturación mínimamente invasiva', '', '0.00', '2020-02-18 23:18:02'),
(154, 1508, '13', 'Obturación preventiva', '', '0.00', '2020-02-18 23:18:02'),
(155, 1509, '14', 'Plan básico preventivo (profilaxis + flúor barniz + técnicas de higiene oral)', '', '0.00', '2020-02-18 23:18:02'),
(156, 1503, '15', 'Prótesis', '', '0.00', '2020-02-18 23:18:02'),
(157, 1501, '16', 'Radiografía', '', '0.00', '2020-02-18 23:18:02'),
(158, 1502, '17', 'Reconstrucción', '', '0.00', '2020-02-18 23:18:02'),
(159, 1503, '18', 'Reemplazo por obturación definitiva', '', '0.00', '2020-02-18 23:18:02'),
(160, 1505, '19', 'Reemplazo por obturación definitiva + Remineralización con flúor barniz', '', '0.00', '2020-02-18 23:18:02'),
(161, 1509, '20', 'Remineralización con flúor barniz', '', '0.00', '2020-02-18 23:18:02'),
(162, 1510, '21', 'Remineralización con flúor barniz + Observación radiográfica', '', '0.00', '2020-02-18 23:18:02'),
(163, 1509, '22', 'Retratamiento', '', '0.00', '2020-02-18 23:18:02'),
(164, 1508, '23', 'Retratamiento completo de obturación', '', '0.00', '2020-02-18 23:18:02'),
(165, 1507, '24', 'Retratamiento completo de obturación + Resina fluida en zona de lesión 03', '', '0.00', '2020-02-18 23:18:02'),
(166, 1506, '25', 'Retratamiento completo de sellante de fosas y fisuras terapéutico + Observación clínica y radiográfica', '', '0.00', '2020-02-18 23:18:02'),
(167, 1505, '26', 'Retratamiento con obturación mínimamente invasiva', '', '0.00', '2020-02-18 23:18:02'),
(168, 1503, '27', 'Retratamiento con obturación preventiva', '', '0.00', '2020-02-18 23:18:02'),
(169, 1502, '28', 'Retratamiento de obturación', '', '0.00', '2020-02-18 23:18:02'),
(170, 1501, '29', 'Retratamiento parcial de obturación', '', '0.00', '2020-02-18 23:18:02'),
(171, 1502, '30', 'Retratamiento parcial de obturación + Resina fluida en zona de lesión 03', '', '0.00', '2020-02-18 23:18:02'),
(172, 1503, '31', 'Retratamiento parcial de sellante de fosas y fisuras', '', '0.00', '2020-02-18 23:18:02'),
(173, 1504, '32', 'Retratamiento parcial de sellante de fosas y fisuras + Observación clínica y radiográfica', '', '0.00', '2020-02-18 23:18:02'),
(174, 1505, '33', 'Retratamiento protéstico', '', '0.00', '2020-02-18 23:18:02'),
(175, 1506, '34', 'Retratamiento total de sellante de fosas y fisuras preventivo', '', '0.00', '2020-02-18 23:18:02'),
(176, 1507, '35', 'Retratamiento total de sellante de fosas y fisuras terapéutico', '', '0.00', '2020-02-18 23:18:02'),
(177, 1509, '36', 'Sellante de fosas y fisuras preventivo', '', '0.00', '2020-02-18 23:18:02'),
(178, 1508, '37', 'Sellante de fosas y fisuras preventivo limitado a fosa y fisura sana', '', '0.00', '2020-02-18 23:18:02'),
(179, 1510, '38', 'Sellante de fosas y fisuras terapéutico', '', '0.00', '2020-02-18 23:18:02'),
(180, 1505, '39', 'Sellante de fosas y fisuras terapéutico limitado a la lesión', '', '0.00', '2020-02-18 23:18:02'),
(181, 1504, '40', 'Técnicas de higiene oral', '', '0.00', '2020-02-18 23:18:02'),
(182, 1507, '41', 'Tratamiento pulpar', '', '0.00', '2020-02-18 23:18:02'),
(183, 1504, '42', 'Ejemplo de tratamiento completo 1', '', '0.00', '2020-02-18 23:18:02'),
(184, 1506, '43', 'Ejemplo de tratamiento completo 2', '', '0.00', '2020-02-18 23:18:02'),
(185, 1502, '44', 'Ejemplo de tratamiento completo 3', '', '0.00', '2020-02-18 23:18:02'),
(186, 1501, '45', 'Ejemplo de tratamiento completo 4', '', '0.00', '2020-02-18 23:18:02'),
(187, 1505, '46', 'Ejemplo de tratamiento completo 5', '', '0.00', '2020-02-18 23:18:02'),
(188, 1509, '47', 'Ejemplo de tratamiento completo 6', '', '0.00', '2020-02-18 23:18:02');

-- --------------------------------------------------------

--
-- Table structure for table `tratamiento_estado`
--

DROP TABLE IF EXISTS `tratamiento_estado`;
CREATE TABLE IF NOT EXISTS `tratamiento_estado` (
  `id` int(11) NOT NULL AUTO_INCREMENT,
  `id_tratamiento` int(11) NOT NULL,
  `id_estado` int(11) NOT NULL,
  `creado` timestamp NOT NULL DEFAULT current_timestamp() ON UPDATE current_timestamp(),
  PRIMARY KEY (`id`),
  UNIQUE KEY `tratamiento_estado_unique` (`id_tratamiento`,`id_estado`),
  KEY `fk_tratamiento_estado_estado` (`id_estado`)
) ENGINE=InnoDB AUTO_INCREMENT=889 DEFAULT CHARSET=utf8mb4 COLLATE=utf8mb4_unicode_ci;

--
-- Dumping data for table `tratamiento_estado`
--

INSERT INTO `tratamiento_estado` (`id`, `id_tratamiento`, `id_estado`, `creado`) VALUES
(667, 142, 1378, '2020-02-18 23:18:02'),
(668, 143, 1375, '2020-02-18 23:18:02'),
(669, 144, 1376, '2020-02-18 23:18:02'),
(670, 145, 1377, '2020-02-18 23:18:02'),
(671, 146, 1361, '2020-02-18 23:18:02'),
(672, 147, 1331, '2020-02-18 23:18:02'),
(673, 147, 1332, '2020-02-18 23:18:02'),
(674, 147, 1338, '2020-02-18 23:18:02'),
(675, 147, 1339, '2020-02-18 23:18:02'),
(676, 147, 1345, '2020-02-18 23:18:02'),
(677, 147, 1346, '2020-02-18 23:18:02'),
(678, 147, 1352, '2020-02-18 23:18:02'),
(679, 147, 1353, '2020-02-18 23:18:02'),
(680, 147, 1359, '2020-02-18 23:18:02'),
(681, 147, 1360, '2020-02-18 23:18:02'),
(682, 147, 1372, '2020-02-18 23:18:02'),
(683, 147, 1373, '2020-02-18 23:18:02'),
(684, 147, 1374, '2020-02-18 23:18:02'),
(685, 147, 1379, '2020-02-18 23:18:02'),
(686, 147, 1380, '2020-02-18 23:18:02'),
(687, 147, 1381, '2020-02-18 23:18:02'),
(688, 147, 1386, '2020-02-18 23:18:02'),
(689, 147, 1387, '2020-02-18 23:18:02'),
(690, 147, 1388, '2020-02-18 23:18:02'),
(691, 148, 1390, '2020-02-18 23:18:02'),
(692, 148, 1391, '2020-02-18 23:18:02'),
(693, 149, 1362, '2020-02-18 23:18:02'),
(694, 149, 1363, '2020-02-18 23:18:02'),
(695, 149, 1364, '2020-02-18 23:18:02'),
(696, 149, 1365, '2020-02-18 23:18:02'),
(697, 149, 1366, '2020-02-18 23:18:02'),
(698, 149, 1367, '2020-02-18 23:18:02'),
(699, 150, 1330, '2020-02-18 23:18:02'),
(700, 150, 1331, '2020-02-18 23:18:02'),
(701, 150, 1332, '2020-02-18 23:18:02'),
(702, 150, 1337, '2020-02-18 23:18:02'),
(703, 150, 1338, '2020-02-18 23:18:02'),
(704, 150, 1339, '2020-02-18 23:18:02'),
(705, 150, 1344, '2020-02-18 23:18:02'),
(706, 150, 1345, '2020-02-18 23:18:02'),
(707, 150, 1346, '2020-02-18 23:18:02'),
(708, 150, 1351, '2020-02-18 23:18:02'),
(709, 150, 1352, '2020-02-18 23:18:02'),
(710, 150, 1353, '2020-02-18 23:18:02'),
(711, 150, 1358, '2020-02-18 23:18:02'),
(712, 150, 1359, '2020-02-18 23:18:02'),
(713, 150, 1360, '2020-02-18 23:18:02'),
(714, 151, 1329, '2020-02-18 23:18:02'),
(715, 152, 1336, '2020-02-18 23:18:02'),
(716, 152, 1343, '2020-02-18 23:18:02'),
(717, 152, 1350, '2020-02-18 23:18:02'),
(718, 152, 1357, '2020-02-18 23:18:02'),
(719, 152, 1371, '2020-02-18 23:18:02'),
(720, 153, 1371, '2020-02-18 23:18:02'),
(721, 154, 1330, '2020-02-18 23:18:02'),
(722, 154, 1331, '2020-02-18 23:18:02'),
(723, 154, 1332, '2020-02-18 23:18:02'),
(724, 154, 1337, '2020-02-18 23:18:02'),
(725, 154, 1338, '2020-02-18 23:18:02'),
(726, 154, 1339, '2020-02-18 23:18:02'),
(727, 154, 1344, '2020-02-18 23:18:02'),
(728, 154, 1345, '2020-02-18 23:18:02'),
(729, 154, 1346, '2020-02-18 23:18:02'),
(730, 154, 1351, '2020-02-18 23:18:02'),
(731, 154, 1352, '2020-02-18 23:18:02'),
(732, 154, 1353, '2020-02-18 23:18:02'),
(733, 154, 1358, '2020-02-18 23:18:02'),
(734, 154, 1359, '2020-02-18 23:18:02'),
(735, 154, 1360, '2020-02-18 23:18:02'),
(736, 154, 1382, '2020-02-18 23:18:02'),
(737, 154, 1383, '2020-02-18 23:18:02'),
(738, 154, 1384, '2020-02-18 23:18:02'),
(739, 154, 1385, '2020-02-18 23:18:02'),
(740, 154, 1386, '2020-02-18 23:18:02'),
(741, 154, 1387, '2020-02-18 23:18:02'),
(742, 155, 1326, '2020-02-18 23:18:02'),
(743, 155, 1333, '2020-02-18 23:18:02'),
(744, 155, 1340, '2020-02-18 23:18:02'),
(745, 155, 1347, '2020-02-18 23:18:02'),
(746, 155, 1354, '2020-02-18 23:18:02'),
(747, 155, 1382, '2020-02-18 23:18:02'),
(748, 156, 1390, '2020-02-18 23:18:02'),
(749, 156, 1391, '2020-02-18 23:18:02'),
(750, 157, 1392, '2020-02-18 23:18:02'),
(751, 158, 1332, '2020-02-18 23:18:02'),
(752, 158, 1339, '2020-02-18 23:18:02'),
(753, 158, 1346, '2020-02-18 23:18:02'),
(754, 158, 1353, '2020-02-18 23:18:02'),
(755, 158, 1360, '2020-02-18 23:18:02'),
(756, 159, 1382, '2020-02-18 23:18:02'),
(757, 159, 1383, '2020-02-18 23:18:02'),
(758, 159, 1384, '2020-02-18 23:18:02'),
(759, 159, 1385, '2020-02-18 23:18:02'),
(760, 159, 1386, '2020-02-18 23:18:02'),
(761, 159, 1387, '2020-02-18 23:18:02'),
(762, 159, 1388, '2020-02-18 23:18:02'),
(763, 160, 1383, '2020-02-18 23:18:02'),
(764, 160, 1384, '2020-02-18 23:18:02'),
(765, 161, 1327, '2020-02-18 23:18:02'),
(766, 161, 1328, '2020-02-18 23:18:02'),
(767, 161, 1334, '2020-02-18 23:18:02'),
(768, 161, 1335, '2020-02-18 23:18:02'),
(769, 161, 1341, '2020-02-18 23:18:02'),
(770, 161, 1342, '2020-02-18 23:18:02'),
(771, 161, 1348, '2020-02-18 23:18:02'),
(772, 161, 1349, '2020-02-18 23:18:02'),
(773, 161, 1355, '2020-02-18 23:18:02'),
(774, 161, 1356, '2020-02-18 23:18:02'),
(775, 161, 1369, '2020-02-18 23:18:02'),
(776, 161, 1370, '2020-02-18 23:18:02'),
(777, 161, 1376, '2020-02-18 23:18:02'),
(778, 161, 1377, '2020-02-18 23:18:02'),
(779, 162, 1329, '2020-02-18 23:18:02'),
(780, 163, 1368, '2020-02-18 23:18:02'),
(781, 164, 1375, '2020-02-18 23:18:02'),
(782, 164, 1376, '2020-02-18 23:18:02'),
(783, 164, 1377, '2020-02-18 23:18:02'),
(784, 165, 1378, '2020-02-18 23:18:02'),
(785, 166, 1336, '2020-02-18 23:18:02'),
(786, 167, 1350, '2020-02-18 23:18:02'),
(787, 167, 1357, '2020-02-18 23:18:02'),
(788, 168, 1375, '2020-02-18 23:18:02'),
(789, 168, 1376, '2020-02-18 23:18:02'),
(790, 168, 1377, '2020-02-18 23:18:02'),
(791, 169, 1379, '2020-02-18 23:18:02'),
(792, 169, 1380, '2020-02-18 23:18:02'),
(793, 169, 1381, '2020-02-18 23:18:02'),
(794, 170, 1375, '2020-02-18 23:18:02'),
(795, 170, 1376, '2020-02-18 23:18:02'),
(796, 170, 1377, '2020-02-18 23:18:02'),
(797, 171, 1378, '2020-02-18 23:18:02'),
(798, 172, 1333, '2020-02-18 23:18:02'),
(799, 172, 1334, '2020-02-18 23:18:02'),
(800, 172, 1335, '2020-02-18 23:18:02'),
(801, 173, 1336, '2020-02-18 23:18:02'),
(802, 174, 1369, '2020-02-18 23:18:02'),
(803, 174, 1370, '2020-02-18 23:18:02'),
(804, 174, 1371, '2020-02-18 23:18:02'),
(805, 174, 1372, '2020-02-18 23:18:02'),
(806, 174, 1373, '2020-02-18 23:18:02'),
(807, 174, 1374, '2020-02-18 23:18:02'),
(808, 175, 1333, '2020-02-18 23:18:02'),
(809, 176, 1334, '2020-02-18 23:18:02'),
(810, 176, 1335, '2020-02-18 23:18:02'),
(811, 177, 1326, '2020-02-18 23:18:02'),
(812, 178, 1347, '2020-02-18 23:18:02'),
(813, 178, 1354, '2020-02-18 23:18:02'),
(814, 179, 1327, '2020-02-18 23:18:02'),
(815, 179, 1328, '2020-02-18 23:18:02'),
(816, 179, 1329, '2020-02-18 23:18:02'),
(817, 179, 1343, '2020-02-18 23:18:02'),
(818, 179, 1376, '2020-02-18 23:18:02'),
(819, 179, 1377, '2020-02-18 23:18:02'),
(820, 180, 1341, '2020-02-18 23:18:02'),
(821, 180, 1342, '2020-02-18 23:18:02'),
(822, 180, 1348, '2020-02-18 23:18:02'),
(823, 180, 1349, '2020-02-18 23:18:02'),
(824, 180, 1350, '2020-02-18 23:18:02'),
(825, 180, 1355, '2020-02-18 23:18:02'),
(826, 180, 1356, '2020-02-18 23:18:02'),
(827, 180, 1357, '2020-02-18 23:18:02'),
(828, 180, 1371, '2020-02-18 23:18:02'),
(829, 181, 1326, '2020-02-18 23:18:02'),
(830, 181, 1333, '2020-02-18 23:18:02'),
(831, 181, 1340, '2020-02-18 23:18:02'),
(832, 181, 1347, '2020-02-18 23:18:02'),
(833, 181, 1354, '2020-02-18 23:18:02'),
(834, 181, 1361, '2020-02-18 23:18:02'),
(835, 181, 1368, '2020-02-18 23:18:02'),
(836, 181, 1382, '2020-02-18 23:18:02'),
(837, 181, 1389, '2020-02-18 23:18:02'),
(838, 181, 1390, '2020-02-18 23:18:02'),
(839, 181, 1391, '2020-02-18 23:18:02'),
(840, 181, 1392, '2020-02-18 23:18:02'),
(841, 182, 1330, '2020-02-18 23:18:02'),
(842, 182, 1331, '2020-02-18 23:18:02'),
(843, 182, 1332, '2020-02-18 23:18:02'),
(844, 182, 1337, '2020-02-18 23:18:02'),
(845, 182, 1338, '2020-02-18 23:18:02'),
(846, 182, 1339, '2020-02-18 23:18:02'),
(847, 182, 1344, '2020-02-18 23:18:02'),
(848, 182, 1345, '2020-02-18 23:18:02'),
(849, 182, 1346, '2020-02-18 23:18:02'),
(850, 182, 1351, '2020-02-18 23:18:02'),
(851, 182, 1352, '2020-02-18 23:18:02'),
(852, 182, 1353, '2020-02-18 23:18:02'),
(853, 182, 1358, '2020-02-18 23:18:02'),
(854, 182, 1359, '2020-02-18 23:18:02'),
(855, 182, 1360, '2020-02-18 23:18:02'),
(856, 182, 1372, '2020-02-18 23:18:02'),
(857, 182, 1373, '2020-02-18 23:18:02'),
(858, 182, 1374, '2020-02-18 23:18:02'),
(859, 182, 1379, '2020-02-18 23:18:02'),
(860, 182, 1380, '2020-02-18 23:18:02'),
(861, 182, 1381, '2020-02-18 23:18:02'),
(862, 182, 1382, '2020-02-18 23:18:02'),
(863, 182, 1383, '2020-02-18 23:18:02'),
(864, 182, 1384, '2020-02-18 23:18:02'),
(865, 182, 1385, '2020-02-18 23:18:02'),
(866, 182, 1386, '2020-02-18 23:18:02'),
(867, 182, 1387, '2020-02-18 23:18:02'),
(868, 182, 1388, '2020-02-18 23:18:02'),
(869, 183, 1398, '2020-02-18 23:18:02'),
(870, 183, 1395, '2020-02-18 23:18:02'),
(871, 183, 1396, '2020-02-18 23:18:02'),
(872, 183, 1397, '2020-02-18 23:18:02'),
(873, 184, 1394, '2020-02-18 23:18:02'),
(874, 184, 1395, '2020-02-18 23:18:02'),
(875, 184, 1398, '2020-02-18 23:18:02'),
(876, 184, 1397, '2020-02-18 23:18:02'),
(877, 185, 1394, '2020-02-18 23:18:02'),
(878, 185, 1398, '2020-02-18 23:18:02'),
(879, 185, 1396, '2020-02-18 23:18:02'),
(880, 185, 1397, '2020-02-18 23:18:02'),
(881, 186, 1394, '2020-02-18 23:18:02'),
(882, 186, 1395, '2020-02-18 23:18:02'),
(883, 186, 1396, '2020-02-18 23:18:02'),
(884, 186, 1398, '2020-02-18 23:18:02'),
(885, 187, 1398, '2020-02-18 23:18:02'),
(886, 187, 1397, '2020-02-18 23:18:02'),
(887, 187, 1396, '2020-02-18 23:18:02'),
(888, 188, 1394, '2020-02-18 23:18:02');

-- --------------------------------------------------------

--
-- Table structure for table `tratamiento_prioritario`
--

DROP TABLE IF EXISTS `tratamiento_prioritario`;
CREATE TABLE IF NOT EXISTS `tratamiento_prioritario` (
  `id` int(11) NOT NULL AUTO_INCREMENT,
  `id_ficha` int(11) NOT NULL,
  `id_tratamiento` int(11) NOT NULL,
  `creado` timestamp NOT NULL DEFAULT current_timestamp() ON UPDATE current_timestamp(),
  PRIMARY KEY (`id`),
  KEY `fk_tratamiento_prioritario_ficha` (`id_ficha`),
  KEY `fk_tratamiento_prioritario` (`id_tratamiento`)
) ENGINE=InnoDB DEFAULT CHARSET=utf8mb4 COLLATE=utf8mb4_unicode_ci;

--
-- Constraints for dumped tables
--

--
-- Constraints for table `control_sellante`
--
ALTER TABLE `control_sellante`
  ADD CONSTRAINT `fk_control_sellante_ficha` FOREIGN KEY (`id_ficha`) REFERENCES `ficha` (`id`),
  ADD CONSTRAINT `fk_control_sellante_tratamiento` FOREIGN KEY (`id_tratamiento`) REFERENCES `tratamiento` (`id`),
  ADD CONSTRAINT `fk_sellante_estado` FOREIGN KEY (`id_estado_sellante`) REFERENCES `ficha_catalogo` (`id`);

--
-- Constraints for table `datos_clinicos`
--
ALTER TABLE `datos_clinicos`
  ADD CONSTRAINT `fk_ficha_datos` FOREIGN KEY (`id_ficha`) REFERENCES `ficha` (`id`);

--
-- Constraints for table `evaluacion_dental`
--
ALTER TABLE `evaluacion_dental`
  ADD CONSTRAINT `fk_evaluacion_dental_ficha` FOREIGN KEY (`id_ficha`) REFERENCES `ficha` (`id`),
  ADD CONSTRAINT `fk_evaluacion_dental_tratamiento` FOREIGN KEY (`id_tratamiento`) REFERENCES `tratamiento` (`id`),
  ADD CONSTRAINT `fk_evaluacion_pieza_dental_estado` FOREIGN KEY (`id_pieza_dental_estado`) REFERENCES `ficha_catalogo` (`id`);

--
-- Constraints for table `expediente_clinico`
--
ALTER TABLE `expediente_clinico`
  ADD CONSTRAINT `fk_expediente_clinico_persona` FOREIGN KEY (`id_persona`) REFERENCES `odontoped_administracion`.`persona` (`id`),
  ADD CONSTRAINT `fk_expediente_clinico_tipo` FOREIGN KEY (`id_expediente_clinico_tipo`) REFERENCES `ficha_catalogo` (`id`);

--
-- Constraints for table `ficha`
--
ALTER TABLE `ficha`
  ADD CONSTRAINT `fk_consistencia_lesion` FOREIGN KEY (`id_consistencia_lesion`) REFERENCES `ficha_catalogo` (`id`),
  ADD CONSTRAINT `fk_ficha_cuenta` FOREIGN KEY (`id_cuenta`) REFERENCES `odontoped_administracion`.`cuenta` (`id`),
  ADD CONSTRAINT `fk_ficha_expediente_clinico` FOREIGN KEY (`id_expediente_clinico`) REFERENCES `expediente_clinico` (`id`),
  ADD CONSTRAINT `fk_frecuencia_cepillado` FOREIGN KEY (`id_frecuencia_cepillado`) REFERENCES `ficha_catalogo` (`id`),
  ADD CONSTRAINT `fk_indice_riesgo_cariogenico` FOREIGN KEY (`id_indice_riesgo_cariogenico`) REFERENCES `ficha_catalogo` (`id`),
  ADD CONSTRAINT `fk_indice_riesgo_real` FOREIGN KEY (`id_indice_riesgo_real`) REFERENCES `ficha_catalogo` (`id`),
  ADD CONSTRAINT `fk_lesion` FOREIGN KEY (`id_lesion`) REFERENCES `ficha_catalogo` (`id`),
  ADD CONSTRAINT `fk_material_casa` FOREIGN KEY (`id_material_casa`) REFERENCES `ficha_catalogo` (`id`),
  ADD CONSTRAINT `fk_orientacion_sexual` FOREIGN KEY (`id_orientacion_sexual`) REFERENCES `ficha_catalogo` (`id`),
  ADD CONSTRAINT `fk_referencia` FOREIGN KEY (`id_referencia`) REFERENCES `odontoped_administracion`.`catalogo` (`id`),
  ADD CONSTRAINT `fk_tipo_lesion` FOREIGN KEY (`id_tipo_lesion`) REFERENCES `ficha_catalogo` (`id`),
  ADD CONSTRAINT `fk_transfusiones` FOREIGN KEY (`id_transfusiones`) REFERENCES `ficha_catalogo` (`id`);

--
-- Constraints for table `ficha_atributo`
--
ALTER TABLE `ficha_atributo`
  ADD CONSTRAINT `fk_atributo_ficha` FOREIGN KEY (`id_atributo`) REFERENCES `ficha_catalogo` (`id`),
  ADD CONSTRAINT `fk_ficha_atributo` FOREIGN KEY (`id_ficha`) REFERENCES `ficha` (`id`);

--
-- Constraints for table `ficha_catalogo`
--
ALTER TABLE `ficha_catalogo`
  ADD CONSTRAINT `fk_ficha_catalogo_tipo` FOREIGN KEY (`id_tipo`) REFERENCES `ficha_catalogo` (`id`) ON DELETE CASCADE;

--
-- Constraints for table `ficha_respuestas`
--
ALTER TABLE `ficha_respuestas`
  ADD CONSTRAINT `ficha_respuestas_ibfk_1` FOREIGN KEY (`opciones_pregunta_fk`) REFERENCES `opciones_pregunta` (`id`),
  ADD CONSTRAINT `ficha_respuestas_ibfk_2` FOREIGN KEY (`respuesta_fk`) REFERENCES `respuesta` (`id`),
  ADD CONSTRAINT `ficha_respuestas_ibfk_3` FOREIGN KEY (`ficha_fk`) REFERENCES `ficha` (`id`);

--
-- Constraints for table `ficha_tratamiento`
--
ALTER TABLE `ficha_tratamiento`
  ADD CONSTRAINT `fk_ficha_evaluacion_cuenta` FOREIGN KEY (`id_cuenta`) REFERENCES `odontoped_administracion`.`cuenta` (`id`),
  ADD CONSTRAINT `fk_ficha_tratamiento_evaluacion` FOREIGN KEY (`id_evaluacion_dental`) REFERENCES `evaluacion_dental` (`id`);

--
-- Constraints for table `lesion`
--
ALTER TABLE `lesion`
  ADD CONSTRAINT `fk_lesion_ficha` FOREIGN KEY (`id_ficha`) REFERENCES `ficha` (`id`),
  ADD CONSTRAINT `fk_lesion_valor_tipo` FOREIGN KEY (`id_lesion_valor_tipo`) REFERENCES `ficha_catalogo` (`id`);

--
-- Constraints for table `opciones_pregunta`
--
ALTER TABLE `opciones_pregunta`
  ADD CONSTRAINT `opciones_pregunta_ibfk_1` FOREIGN KEY (`pregunta_fk`) REFERENCES `pregunta` (`id`);

--
-- Constraints for table `pago`
--
ALTER TABLE `pago`
  ADD CONSTRAINT `fk_pago_expediente_clinico` FOREIGN KEY (`id_expediente_clinico`) REFERENCES `expediente_clinico` (`id`);

--
-- Constraints for table `plan_preventivo`
--
ALTER TABLE `plan_preventivo`
  ADD CONSTRAINT `fk_plan_preventivo_area` FOREIGN KEY (`id_plan_preventivo_area`) REFERENCES `ficha_catalogo` (`id`),
  ADD CONSTRAINT `fk_plan_preventivo_ficha` FOREIGN KEY (`id_ficha`) REFERENCES `ficha` (`id`),
  ADD CONSTRAINT `fk_plan_preventivo_tratamiento` FOREIGN KEY (`id_tratamiento`) REFERENCES `tratamiento` (`id`);

--
-- Constraints for table `pregunta`
--
ALTER TABLE `pregunta`
  ADD CONSTRAINT `pregunta_ibfk_1` FOREIGN KEY (`categoria_fk`) REFERENCES `categoria` (`id`);

--
-- Constraints for table `riesgo_detalle`
--
ALTER TABLE `riesgo_detalle`
  ADD CONSTRAINT `fk_ficha_riesgo` FOREIGN KEY (`id_ficha`) REFERENCES `ficha` (`id`);

--
-- Constraints for table `seguimiento_control`
--
ALTER TABLE `seguimiento_control`
  ADD CONSTRAINT `ficha_fk` FOREIGN KEY (`ficha_fk`) REFERENCES `ficha` (`id`);

--
-- Constraints for table `tratamiento`
--
ALTER TABLE `tratamiento`
  ADD CONSTRAINT `fk_tratamiento_area` FOREIGN KEY (`id_tratamiento_area`) REFERENCES `ficha_catalogo` (`id`);

--
-- Constraints for table `tratamiento_estado`
--
ALTER TABLE `tratamiento_estado`
  ADD CONSTRAINT `fk_tratamiento_estado_estado` FOREIGN KEY (`id_estado`) REFERENCES `ficha_catalogo` (`id`),
  ADD CONSTRAINT `fk_tratamiento_estado_tratamiento` FOREIGN KEY (`id_tratamiento`) REFERENCES `tratamiento` (`id`);

--
-- Constraints for table `tratamiento_prioritario`
--
ALTER TABLE `tratamiento_prioritario`
  ADD CONSTRAINT `fk_tratamiento_prioritario` FOREIGN KEY (`id_tratamiento`) REFERENCES `tratamiento` (`id`),
  ADD CONSTRAINT `fk_tratamiento_prioritario_ficha` FOREIGN KEY (`id_ficha`) REFERENCES `ficha` (`id`);
COMMIT;

/*!40101 SET CHARACTER_SET_CLIENT=@OLD_CHARACTER_SET_CLIENT */;
/*!40101 SET CHARACTER_SET_RESULTS=@OLD_CHARACTER_SET_RESULTS */;
/*!40101 SET COLLATION_CONNECTION=@OLD_COLLATION_CONNECTION */;
